<core:FragmentDefinition
  xmlns:mvc="sap.ui.core.mvc" xmlns:core="sap.ui.core" displayBlock="true"
	xmlns="sap.m"  xmlns:l="sap.ui.layout"
>
								<Label class="sapUiTinyMarginBegin sapUiTinyMarginTop cl_BPCrSectHeader" wrapping="true" text="{i18n>EnterBPDetails}"></Label>
								<l:Grid defaultSpan="XL3 L3 M3 S12" class="sapUiSizeCompact sapUiTinyMarginTop">
									<VBox class="VRVboxStyle1">
										<Label text="{i18n>BPCPlant}" required="true" class="cl_VRLablCls "></Label>
										<ComboBox width="95%" items="{oBPLookUpMdl>/Plant}" valueState="{JMBPCreate>/plante}" valueStateText="{JMBPCreate>/plantm}"
											filterSecondaryValues="true" change="fnLiveChangePlant" showSecondaryValues="true" selectedKey="{JMBPCreate>/plant}"
											class="cl_VRInputCls" editable="{oBTHeaderMdl>/EDITABLE}">
											<core:ListItem key="{oBPLookUpMdl>Werks}" text="{oBPLookUpMdl>Text1}" additionalText="{oBPLookUpMdl>Werks}"/>
										</ComboBox>
									</VBox>
                                    <VBox class="VRVboxStyle1">
										<Label text="{i18n>BPCPurchasingGroup}:" required="false" class="cl_VRLablCls "></Label>
										<ComboBox width="95%" items="{oBPLookUpMdl>/PurchasingGroup}"  autocomplete="false" valueState="{JMBPCreate>/purchasingGroupe}" valueStateText="{JMBPCreate>/purchasingGroupm}"
											filterSecondaryValues="true"  change="fnLiveChangePurGroup" showSecondaryValues="true" selectedKey="{JMBPCreate>/purchasingGroup}"
											class="cl_VRInputCls"  editable="{oBTHeaderMdl>/EDITABLE}" >
											<core:ListItem key="{oBPLookUpMdl>PurGrp}"  text="{oBPLookUpMdl>PurGrp}" additionalText="{oBPLookUpMdl>Bukrs}"/>
										</ComboBox>
									</VBox>
								<VBox class="VRVboxStyle1">
										<Label text="{i18n>BPCWorkcell}" required="true" class="cl_VRLablCls "></Label>
										<ComboBox width="95%" items="{oBPLookUpMdl>/WorkCell}"   valueState="{JMBPCreate>/workCelle}" valueStateText="{JMBPCreate>/workCellm}"
											filterSecondaryValues="true" change="fnLiveChangeWorkCell" showSecondaryValues="true" selectedKey="{JMBPCreate>/workCell}"
											class="cl_VRInputCls" editable="{oBTHeaderMdl>/EDITABLE}">
											<core:ListItem key="{oBPLookUpMdl>WorkCell}" text="{oBPLookUpMdl>WorkCell}" additionalText="{oBTLookUpMdl>FIELD_02}"/>
										</ComboBox>
									</VBox>
								</l:Grid>
                                <l:Grid defaultSpan="XL3 L3 M3 S12" class="sapUiSizeCompact ">
								
                                    <VBox class="VRVboxStyle1">
										<Label text="{i18n>BPCCompanyCode}" required="true" class="cl_VRLablCls "></Label>
										<ComboBox width="95%" items="{oBPLookUpMdl>/CompanyCode}"  autocomplete="false" valueState="{JMBPCreate>/companyCodee}" valueStateText="{JMBPCreate>/companyCodem}"
											filterSecondaryValues="true"  change="fnLiveChangeCompCode" showSecondaryValues="true" selectedKey="{JMBPCreate>/companyCode}"
											class="cl_VRInputCls"  editable="{oBTHeaderMdl>/EDITABLE}" >
											<core:ListItem key="{oBPLookUpMdl>Bukrs}"  text="{oBPLookUpMdl>Butxt}" additionalText="{oBPLookUpMdl>Bukrs}"/>
										</ComboBox>
									</VBox>
									
									<VBox class="VRVboxStyle1">
										<Label text="{i18n>BPPurchasingOrg}" required="true" class="cl_VRLablCls "></Label>
										<ComboBox width="95%" items="{oBPLookUpMdl>/PurOrg}" valueState="{JMBPCreate>/purchasingOrge}" valueStateText="{JMBPCreate>/purchasingOrgm}"
											filterSecondaryValues="true" change="fnLiveChangePurchOrg" showSecondaryValues="true" selectedKey="{JMBPCreate>/purchasingOrg}"
											class="cl_VRInputCls" editable="{oBTHeaderMdl>/EDITABLE}">
											<core:ListItem key="{oBPLookUpMdl>Porg}" text="{oBPLookUpMdl>Ptxt}" additionalText="{oBPLookUpMdl>Porg}"/>
										</ComboBox>
									</VBox>
                                    <VBox class="VRVboxStyle1">
										<Label text="{i18n>BPCIncoterms1}" required="true" class="cl_VRLablCls "></Label>
									<ComboBox width="95%" items="{oBPLookUpMdl>/Incoterms}" valueState="{JMBPCreate>/incoTermse}" valueStateText="{JMBPCreate>/incoTermm}"
											filterSecondaryValues="true"  change="fnLiveChangeIncoTerms" showSecondaryValues="false" selectedKey="{JMBPCreate>/incoTerms}"
											class="cl_VRInputCls" editable="{oBTHeaderMdl>/EDITABLE}">
											<core:ListItem key="{oBPLookUpMdl>Incoterms}" text="{oBPLookUpMdl>Incoterms}" />
										</ComboBox>
    
									</VBox>
                                    <VBox class="VRVboxStyle1">
										<Label text="{i18n>BPCIncotermNameLocation}" required="true" class="cl_VRLablCls "></Label>
										<Input width="98%" class="cl_VRInputCls"  liveChange="fnLiveChangeIncotermLoc"  maxLength="34"  value="{JMBPCreate>/incotermNameLocation}" valueState="{JMBPCreate>/incotermNameLocatione}" valueStateText="{JMBPCreate>/incotermNameLocationm}" ></Input>
								</VBox>
                                    
								</l:Grid>
								
                                 <l:Grid defaultSpan="XL3 L3 M3 S12" class="sapUiSizeCompact ">
								<VBox class="VRVboxStyle1">
										<Label text="{i18n>BPCCorporationName}" required="true" class="cl_VRLablCls "></Label>
										<Input width="98%" class="cl_VRInputCls" liveChange="fnLiveChangeCorporationName" maxLength="34" valueState="{JMBPCreate>/corporationNamee}" valueStateText="{JMBPCreate>/corporationNamem}" value="{JMBPCreate>/corporationName}"></Input>
								  <layoutData>
              <l:GridData
                span="XL6 L6 M6 S3" />
            </layoutData>
                                	</VBox>
                                    
                                    <VBox class="VRVboxStyle1">
										<Label text="{i18n>BPCBuyerName}" class="cl_VRLablCls "></Label>
										<Input width="95%" enabled="false" class="cl_VRInputCls" maxLength="100" value="{JMBPCreate>/buyerName}"></Input>
									</VBox>
                                   <VBox class="VRVboxStyle1">
										<Label text="{i18n>BPCPayemntTerms}" required="false" class="cl_VRLablCls "></Label>
									<ComboBox width="95%" items="{oBPLookUpMdl>/PaymentTerms}" 
											filterSecondaryValues="true" value="{JMBPCreate>/paymentTerms}" showSecondaryValues="false" 
											class="cl_VRInputCls" editable="{oBTHeaderMdl>/EDITABLE}">
											<core:ListItem key="{oBPLookUpMdl>Incoterms}" text="{oBPLookUpMdl>Incoterms}" />
										</ComboBox>
    
									</VBox>
									
									
								</l:Grid>
				
								
								<Label class="sapUiTinyMarginBegin sapUiTinyMarginTop cl_BPCrSectHeader" wrapping="true" text="{i18n>Address}"></Label>
								<l:Grid defaultSpan="XL3 L3 M3 S12" class="sapUiSizeCompact sapUiTinyMarginTop">
									<VBox class="VRVboxStyle1">
										<Label text="{i18n>BPCAddressLine1}" required="true" class="cl_VRLablCls "></Label>
										<Input width="95%" value="{JMBPCreate>/address1}" liveChange="fnLiveChangeAddress" valueState="{JMBPCreate>/address1e}" valueStateText="{JMBPCreate>/address1m}"  class="cl_VRInputCls"></Input>
									</VBox>
									<VBox class="VRVboxStyle1">
										<Label text="{i18n>BPCAddressLine2}" class="cl_VRLablCls "></Label>
										<Input width="95%" value="{JMBPCreate>/address2}" maxLength="34" class="cl_VRInputCls"></Input>
									</VBox>
									<VBox class="VRVboxStyle1">
										<Label text="{i18n>BPCCity}" required="true" class="cl_VRLablCls "></Label>
									<Input width="95%" value="{JMBPCreate>/city}" liveChange="fnLiveChangeCity" valueState="{JMBPCreate>/citye}" valueStateText="{JMBPCreate>/citym}" maxLength="34" class="cl_VRInputCls"></Input>
                                    
									</VBox>
                                    	<VBox class="VRVboxStyle1">
										<Label text="{i18n>BPCStateProvince}" required="true" class="cl_VRLablCls "></Label>
										<ComboBox width="95%" items="{oBPLookUpMdl>/State}" valueState="{JMBPCreate>/statee}" valueStateText="{JMBPCreate>/statem}"
											filterSecondaryValues="true" change="fnLiveChangeState" showSecondaryValues="true" selectedKey="{JMBPCreate>/state}"
											class="cl_VRInputCls" value="{JMBPCreate>/state}" editable="{oBTHeaderMdl>/EDITABLE}">
											<core:ListItem key="{oBPLookUpMdl>State}" text="{oBPLookUpMdl>State}" additionalText="{oBTLookUpMdl>FIELD_02}"/>
										</ComboBox>
									</VBox>
                                   
                                    <VBox class="VRVboxStyle1">
										<Label text="{i18n>BPCDistrict}" required="false" class="cl_VRLablCls "></Label>
										
                                        	<Input width="95%" value="{JMBPCreate>/district}"  maxLength="34" class="cl_VRInputCls"></Input>
									</VBox>
                                    	<VBox class="VRVboxStyle1">
										<Label text="{i18n>BPCCountry}" required="true" class="cl_VRLablCls "></Label>
										<ComboBox width="95%" items="{oBPLookUpMdl>/Country}"   valueState="{JMBPCreate>/countrye}" valueStateText="{JMBPCreate>/countrym}"
											filterSecondaryValues="true" change="fnLiveChangeCountry" showSecondaryValues="true" selectedKey="{JMBPCreate>/country}"
											class="cl_VRInputCls" editable="{oBTHeaderMdl>/EDITABLE}">
											<core:ListItem key="{oBPLookUpMdl>Country}" text="{oBPLookUpMdl>Country}" additionalText="{oBTLookUpMdl>FIELD_02}"/>
										</ComboBox>
									</VBox>
                                    	
									<VBox class="VRVboxStyle1">
										<Label text="{i18n>BPCPostalCode}" required="true" class="cl_VRLablCls "></Label>
										<Input width="95%" change="fnLiveChangePostalCode"  value="{JMBPCreate>/postalCode}" valueState="{JMBPCreate>/postalCodee}" valueStateText="{JMBPCreate>/postalCodem}"  class="cl_VRInputCls"></Input>
									</VBox>
                                    	<VBox class="VRVboxStyle1">
										<Label text="{i18n>BPCPOBox}" required="false" class="cl_VRLablCls "></Label>
										<Input width="95%"  value="{JMBPCreate>/poBoxPostalCode}"  maxLength="10" class="cl_VRInputCls"></Input>
									</VBox>
                                   
								
								
                    
									<VBox class="VRVboxStyle1">
										<Label text="{i18n>BPCFaxNumber}" required="false" class="cl_VRLablCls "></Label>
										<Input width="95%" value="{JMBPCreate>/fax}"  maxLength="30" class="cl_VRInputCls"></Input>
									</VBox>
                                    <VBox class="VRVboxStyle1">
										<Label text="{i18n>BPCSupUrl}" required="false" class="cl_VRLablCls "></Label>
										<Input width="95%"  maxLength="2048"  value="{JMBPCreate>/supplierUrlCompanyWebsite}" class="cl_VRInputCls"></Input>
									</VBox>
 <VBox class="VRVboxStyle1" visible="{JMBPCreate>/rfcv}">
										<Label text="{i18n>BPCRFC}" required="false" class="cl_VRLablCls "></Label>
										<Input width="95%" value="{JMBPCreate>/rfc}"  maxLength="34"    class="cl_VRInputCls"></Input>
									</VBox>
								</l:Grid>
                                	<Label class="sapUiTinyMarginBegin sapUiTinyMarginTop cl_BPCrSectHeader" wrapping="true" text="{i18n>BPCHeaderContact}"></Label>
								<l:Grid defaultSpan="XL3 L3 M3 S12" class="sapUiSizeCompact sapUiTinyMarginTop">
									<VBox class="VRVboxStyle1">
										<Label text="{i18n>BPCFirstName}" required="true" class="cl_VRLablCls "></Label>
										<Input width="95%" value="{JMBPCreate>/firstName}" maxLength="34" liveChange="fnChangeFirstName" valueState="{JMBPCreate>/firstNamee}" valueStateText="{JMBPCreate>/firstNamem}" class="cl_VRInputCls"></Input>
									</VBox>
									<VBox class="VRVboxStyle1">
										<Label text="{i18n>BPCLastName}" required="true" class="cl_VRLablCls "></Label>
										<Input width="95%" value="{JMBPCreate>/lastName}" maxLength="34" liveChange="fnChangeLastName" valueState="{JMBPCreate>/lastNamee}" valueStateText="{JMBPCreate>/lastNamem}" class="cl_VRInputCls"></Input>
									</VBox>
									
									<VBox class="VRVboxStyle1">
										<Label text="{i18n>BPCEmail}" required="true" class="cl_VRLablCls "></Label>
										<Input width="95%" change="fnChangeEmailID" value="{JMBPCreate>/email}" valueState="{JMBPCreate>/emaile}" valueStateText="{JMBPCreate>/emailm}" maxLength="241"  class="cl_VRInputCls"></Input>
									</VBox>
									<VBox class="VRVboxStyle1">
										<Label text="{i18n>BPCContact1}" required="true" class="cl_VRLablCls "></Label>
											<Input width="95%" liveChange="fnLiveChangeTelephone" type="Number" value="{JMBPCreate>/telephone}" valueState="{JMBPCreate>/telephonee}" valueStateText="{JMBPCreate>/telephonem}" class="cl_VRInputCls"></Input>
									</VBox>
								</l:Grid>
                               
                            
                                <VBox class="VRVboxStyle1">
										<Label text="{i18n>BPCDoYouRepresentAnotherCountry}" class="sapUiTinyMarginBegin sapUiTinyMarginTop cl_BPCrSectHeaderComp"></Label>
						
                            <RadioButtonGroup columns="2" id="id_otherCompany" select="fnChangeRepOtherComp" selectedIndex="-1" >
									<RadioButton  class=" cl_BPCRadioBtnTxt" text="{i18n>Yes}"/>
									<RadioButton  class="cl_BPCRadioBtnTxt" text="{i18n>No}"/>
                                    		</RadioButtonGroup>
									</VBox>
                                    <VBox visible="{path: 'oConfigMdl>/representAnotherCompany', formatter: 'ns.BuyerRegistration.util.formatter.fnRepresntOtherComp'}">
								<Label class="sapUiTinyMarginBegin sapUiTinyMarginTop cl_BPCrSectHeader" wrapping="true"  text="{i18n>BPCAltrnateContaact}"></Label>
								<l:Grid defaultSpan="XL3 L3 M3 S12" class="sapUiSizeCompact sapUiTinyMarginTop">
									<VBox class="VRVboxStyle1">
										<Label text="{i18n>BPCFirstName}" required="true" class="cl_VRLablCls "></Label>
										<Input width="95%" value="{JMBPCreate>/altContactFirstName}" maxLength="34" liveChange="fnChangeFirstName1" valueState="{JMBPCreate>/altContactFirstNamee}" valueStateText="{JMBPCreate>/altContactFirstNamem}" class="cl_VRInputCls"></Input>
									</VBox>
									<VBox class="VRVboxStyle1">
										<Label text="{i18n>BPCLastName}" required="true" class="cl_VRLablCls "></Label>
										<Input width="95%" value="{JMBPCreate>/altContactLastName}" maxLength="34" liveChange="fnChangeLastName1" valueState="{JMBPCreate>/altContactLastNamee}" valueStateText="{JMBPCreate>/altContactLastNamem}" class="cl_VRInputCls"></Input>
									</VBox> 
									<VBox class="VRVboxStyle1">
										<Label text="{i18n>BPCJobTitle}" required="true" class="cl_VRLablCls "></Label>
										<Input width="95%" value="{JMBPCreate>/altContactJobTitle}" liveChange="fnChangeJobTitle1" valueState="{JMBPCreate>/altContactJobTitlee}" valueStateText="{JMBPCreate>/altContactJobTitlem}" maxLength="4" class="cl_VRInputCls"></Input>
									</VBox>
									<VBox class="VRVboxStyle1">
										<Label text="{i18n>BPCEmail}" required="true" class="cl_VRLablCls "></Label>
										<Input width="95%" change="fnChangeEmailID1" value="{JMBPCreate>/altEmail}" valueState="{JMBPCreate>/altEmaile}" valueStateText="{JMBPCreate>/altEmailm}" maxLength="241"  class="cl_VRInputCls"></Input>
									</VBox>
									<VBox class="VRVboxStyle1">
										<Label text="{i18n>BPCContact1}" required="true" class="cl_VRLablCls "></Label>
										<Input width="95%"   value="{JMBPCreate>/altPhoneNumber}" liveChange="fnChangeContactNumber1" valueState="{JMBPCreate>/altPhoneNumbere}" valueStateText="{JMBPCreate>/altPhoneNumberm}" type="Number"  class="cl_VRInputCls "></Input>
									</VBox>
								</l:Grid>
                                </VBox>
                                 <Label class="sapUiTinyMarginBegin sapUiTinyMarginTop cl_BPCrSectHeader" required="false" wrapping="true"  text="{i18n>BPCProduct}"></Label>
								<l:Grid defaultSpan="XL3 L3 M3 S12" class="sapUiSizeCompact sapUiTinyMarginTop">
									<VBox class="VRVboxStyle1">
										<Label text="{i18n>BPCProductOrServiceTxt}" required="true" class="cl_VRLablCls "></Label>
                                        <Input width="95%" value="{JMBPCreate>/product}" maxLength="34" liveChange="fnLiveChangeProduct" valueState="{JMBPCreate>/producte}" valueStateText="{JMBPCreate>/productm}" class="cl_VRInputCls"></Input>
									</VBox>
									
								</l:Grid>
                                				
                                <l:Grid  class="sapUiSizeCompact">
                                <VBox >
								<Label text="{i18n>ConflitOfIntrest}" required="true" class="cl_ConflictQtnCls "></Label>
									<RadioButtonGroup id="id_conflictIntrest" select="fnConflictOfIntChnage" valueState="{JMBPCreate>/conflicte}" selectedIndex="-1"  columns="2">
									<RadioButton  class=" cl_BPCRadioBtnTxt" selected="false" text="{i18n>Yes}"/>
									<RadioButton  class="cl_BPCRadioBtnTxt" text="{i18n>No}"/>
                                    		</RadioButtonGroup>
								
                                 <layoutData>
              <l:GridData
                span="XL3 L3 M3 S3" />
            </layoutData>
                                </VBox>
                                 <VBox >
								<Label text="{i18n>RequesterConflictofInterest}?" required="false" class="cl_ConflictQtnCls "></Label>
									<RadioButtonGroup id="id_conflictIntrest1"  selectedIndex="-1"  columns="2">
									<RadioButton  class=" cl_BPCRadioBtnTxt" selected="false" text="{i18n>Yes}"/>
									<RadioButton  class="cl_BPCRadioBtnTxt" text="{i18n>No}"/>
                                    		</RadioButtonGroup>
                                 <layoutData>
              <l:GridData
                span="XL3 L3 M3 S3" />
            </layoutData>
                                </VBox>
                                 <VBox class="VRVboxStyle1">
										<Label text="{i18n>BPCAdditionalInfo}" required="false" class="cl_VRLablCls "></Label>
										<Input width="98%" value="{JMBPCreate>/additionalInformation}" maxLength="400"  class="cl_VRInputCls" ></Input>
                                           <layoutData>
              <l:GridData
                span="XL6 L6 M6 S6" />
            </layoutData>
									</VBox> 
								</l:Grid>
                                <HBox class="cl_BPCBlockSep">
                                	<l:Grid defaultSpan="XL3 L3 M3 S12" class="sapUiSizeCompact sapUiSmallMarginTop">
									<VBox class="VRVboxStyle1">
										<Label text="{i18n>BPCSupplierTypeCl1}" class="cl_VRLablCls "></Label>
										<ComboBox width="95%" items="{oBTLookUpMdl>/Customer}" value="{JMBPCreate>/supplierTypeClassificationL1}" valueState="{oBTHeaderMdl>/SOLD_TO_IDE}" valueStateText="{oBTHeaderMdl>/SOLD_TO_IDM}"
											filterSecondaryValues="true" change="fnSelectCustomer" showSecondaryValues="true" selectedKey="{oBTHeaderMdl>/SOLD_TO_ID}"
											class="cl_VRInputCls" editable="{oBTHeaderMdl>/EDITABLE}">
											<core:ListItem key="{oBTLookUpMdl>FIELD_01}" text="{oBTLookUpMdl>FIELD_01}" additionalText="{oBTLookUpMdl>FIELD_02}"/>
										</ComboBox>
									</VBox>
									<VBox class="VRVboxStyle1">
										<Label text="{i18n>BPCSupplierTypeCl2}" required="false" class="cl_VRLablCls "></Label>
										<ComboBox width="95%" items="{oBTLookUpMdl>/Customer}" value="{JMBPCreate>/supplierCommodityClassificationL2}" valueState="{oBTHeaderMdl>/SOLD_TO_IDE}" valueStateText="{oBTHeaderMdl>/SOLD_TO_IDM}"
											filterSecondaryValues="true" change="fnSelectCustomer" showSecondaryValues="true" selectedKey="{oBTHeaderMdl>/SOLD_TO_ID}"
											class="cl_VRInputCls" editable="{oBTHeaderMdl>/EDITABLE}">
											<core:ListItem key="{oBTLookUpMdl>FIELD_01}" text="{oBTLookUpMdl>FIELD_01}" additionalText="{oBTLookUpMdl>FIELD_02}"/>
										</ComboBox>
									</VBox>
									<VBox class="VRVboxStyle1">
										<Label text="{i18n>BPCOneTimePOIndicator}" class="cl_VRLablCls sapUiTinyMarginBegin"></Label>
						
                            <RadioButtonGroup columns="2" id="id_oneTimeInd">
									<RadioButton  class=" cl_BPCRadioBtnTxt" text="{i18n>Yes}"/>
									<RadioButton  class="cl_BPCRadioBtnTxt" text="{i18n>No}"/>
                                    		</RadioButtonGroup>
								
									</VBox>
									<VBox class="VRVboxStyle1">
										<Label text="{i18n>BPCCustDirectedSupInd}" required="false" class="cl_VRLablCls sapUiTinyMarginBegin"></Label>
										<RadioButtonGroup columns="2" id="id_CustDirInd" >
									<RadioButton  class=" cl_BPCRadioBtnTxt" text="{i18n>Yes}"/>
									<RadioButton  class="cl_BPCRadioBtnTxt" text="{i18n>No}"/>
                                    		</RadioButtonGroup>
									</VBox>
									<VBox class="VRVboxStyle1">
										<Label text="{i18n>BPCCustDirCustName}" required="false" class="cl_VRLablCls "></Label>
									<Input width="95%"  maxLength="100"  value="{JMBPCreate>/customerDirectedSupplierCustName}" class="cl_VRInputCls"></Input>
									</VBox>
                                    <VBox class="VRVboxStyle1">
										<Label text="{i18n>BPCCustDirContact}" required="false" class="cl_VRLablCls "></Label>
									<Input width="95%" value="{JMBPCreate>/customerDirectedSupplierContract}"  maxLength="100"  class="cl_VRInputCls"></Input>
									</VBox>
                                    <VBox class="VRVboxStyle1">
										<Label text="{i18n>BPCOutsideProcessInd}" required="false" class="cl_VRLablCls sapUiTinyMarginBegin"></Label>
										<RadioButtonGroup columns="2" id="id_OutsideProcessInd" >
									<RadioButton  class=" cl_BPCRadioBtnTxt" text="{i18n>Yes}"/>
									<RadioButton  class="cl_BPCRadioBtnTxt" text="{i18n>No}"/>
                                    		</RadioButtonGroup>
									</VBox>
                                    <VBox class="VRVboxStyle1">
										<Label text="{i18n>BPCManualAddressOver-rideIndicator}" required="false" class="cl_VRLablCls sapUiTinyMarginBegin"></Label>
										<RadioButtonGroup columns="2" id="id_ManualAddressInd" >
									<RadioButton  class=" cl_BPCRadioBtnTxt" text="{i18n>Yes}"/>
									<RadioButton  class="cl_BPCRadioBtnTxt" text="{i18n>No}"/>
                                    		</RadioButtonGroup>
									</VBox>
								</l:Grid>
                                </HBox>
</core:FragmentDefinition>