{
  "ExtensionControl/ExtComboBox.js": 1641895085000,
  "util/formatter.js": 1641900475000,
  "manifest.json": 1646377657261,
  "model/models.js": 1641886231000,
  "controller/PreviewForm.controller.js": 1641904457000,
  "controller/Home.controller.js": 1642410484000,
  "controller/App.controller.js": 1642410366000,
  "i18n/i18n.properties": 1642495419000,
  "Component.js": 1641886231000,
  "manifest-bundle.zip": 1646377656565,
  "Component-preload.js": 1646377657146,
  "util/formatter-dbg.js": 1641900475000,
  "model/models-dbg.js": 1641886231000,
  "controller/PreviewForm-dbg.controller.js": 1641904457000,
  "controller/Home-dbg.controller.js": 1642410484000,
  "controller/App-dbg.controller.js": 1642410366000,
  "ExtensionControl/ExtComboBox-dbg.js": 1641895085000,
  "Component-dbg.js": 1641886231000,
  "view/PreviewForm.view.xml": 1641903783000,
  "view/Home.view.xml": 1642410234000,
  "view/App.view.xml": 1641895762000,
  "fragment/Sorter.fragment.xml": 1641895362000,
  "css/style.css": 1641901499000,
  "index.html": 1641886954000
}