{
    "startYear": {
        "minYear": "1970/01/01",
        "maxYear": ""
    },
    "employeeCount": [
        {
            "key": "lt50",
            "value": "Less than 50"
        },
        {
            "key": "51to500",
            "value": "51-500"
        },
        {
            "key": "500to1k",
            "value": "500-1000"
        },
        {
            "key": "1k1to5k",
            "value": "1001-5000"
        },
        {
            "key": "gt5k",
            "value": "Greater than 5000"
        }
    ],
    "InstructionKey": [{
        "code":"13",
        "description":"Charges borne by Supplier"
    },{
        "code":"14",
        "description":"Charges shared between Jabil and Supplier"
    },{
        "code":"15",
        "description":"Charges borne by Jabil"
    },{
        "code":"NA",
        "description":"Not Applicable"
    }
    ],
    "ownerShipTypeData": [
        {
            "key": "ind",
            "value": "Individual",
            "additionalTxt": ""
        },
        {
            "key": "corp",
            "value": "Corporation",
            "additionalTxt": ""
        },
        {
            "key": "lmtliab",
            "value": "Limited Liability Company",
            "additionalTxt": ""
        },
        {
            "key": "partner",
            "value": "Partnership",
            "additionalTxt": ""
        },
        {
            "key": "gvt/int",
            "value": "Government or international organization",
            "additionalTxt": ""
        },
        {
            "key": "taxExpt",
            "value": "Tax exempt' organization",
            "additionalTxt": ""
        },
        {
            "key": "other",
            "value": "Other",
            "additionalTxt": "Please enter input in the same box"
        }
    ],
    "tabledata": [
         {
            "contactType": "Tax",
            "tooltip": "The responsible individual for providing Tax IDs and supporting documentations",
            "required": false
        },
        {
            "contactType": "Order Management",
             "tooltip": "The responsible individual who will be receiving and processing purchase orders or other related order activities.",
             "required": true
        },
        {
            "contactType": "Locations/Facilities",
             "tooltip": "This contact must know all manufacturing locations including manufacturing type and commodities manufactured.",
             "required": false
        },
        {
            "contactType": "Account Management/Sales",
             "tooltip": "This contact is responsible for the Jabil account and manages the relationship with various Jabil representatives.",
             "required": true
        },
        {
            "contactType": "AR / Billing ",
             "tooltip": "This contact has considerable knowledge of your company's Accounts and Billing details.",
             "required": true
        },
        {
            "contactType": "Quality",
             "tooltip": "This contact provide details regarding site certifications, change management process, supplier acknowledgements, outsourcing, etc.",
             "required": true
        },
         {
            "contactType": "Customer Service",
             "tooltip": "This contact provide details regarding site certifications, change management process, supplier acknowledgements, outsourcing, etc.",
             "required": true
        },
        {
            "contactType": "Materials Compliance",
             "tooltip": "This contact can provide details regarding material declarations, conflict minerals, REACH and RoHS Mercury free, etc.",
             "required": false
        },
        {
            "contactType": "Logistics/Trade Compliance",
             "tooltip": "This contact can provide details regarding export compliance, CTPAT, AEO certifications, etc.",
             "required": false
        },
        {
            "contactType": "Social/Environmental",
             "tooltip": "This contact can provide details regarding labor regulations, conflict minerals, environment responsibility, etc.",
             "required": false
        }
    ]
}