{"supplierNameE": "None",
"supplierNameM":"",
"authorityFNameE": "None",
"authorityFNameM":"",
 "authorityLNameE": "None",
"authorityLNameM":"", 
"authorityJobTitleE": "None",
"authorityJobTitleM":"",
 "authorityEmailE": "None",
"authorityEmailM":"",
 "authorityContE": "None",
"authorityContM":"",
"authorityMobE":"None",
"authorityMobM":"",
"finance1FNameE": "None",
"finance1FNameM":"",
 "finance1LNameE": "None",
"finance1LNameM":"", 
 "finance1EmailE": "None",
"finance1EmailM":"",
 "finance1ContE": "None",
"finance1ContM":"",
"finance1MobE":"None",
"finance1MobM":"",
"finance2FNameE": "None",
"finance2FNameM":"",
 "finance2LNameE": "None",
"finance2LNameM":"", 
 "finance2EmailE": "None",
"finance2EmailM":"",
 "finance2ContE": "None",
"finance2ContM":"",
"finance2MobE":"None",
"finance2MobM":"",
"numOfEmpE":"None",
"numOfEmpM":"",
"yearE":"None",
"yearM":"",
"ppocFNameE":"None",
"ppocFNameM":"",
 "ppocLNameE": "None",
"ppocLNameM":"", 
"ppocJobTitleE": "None",
"ppocJobTitleM":"",
 "ppocEmailE": "None",
"ppocEmailM":"",
 "ppocContE": "None",
"ppocContM":"",
"ppocMobE":"None",
"ppocMobM":"",
"address1E": "None",
"address1M":"",
"countryE": "None",
"countryM":"",
"stateE": "None",
"stateM":"",
"cityE": "None",
"cityM":"",
"poE": "None",
"poM":"",
"ackNameE": "None",
"ackNameM":"",
"ackLNameE": "None",
"ackLNameM":"",
"ackEmailE": "None",
"ackEmailM":"",
"ackPhoneE": "None",
"ackPhoneM": "",
"ackContactE":"None",
"ackContactM": "",
"altNameE": "None",
"altNameM":"",
"altLNameE": "None",
"altLNameM":"",
"altEmailE": "None",
"altEmailM":"",
"altContactE": "None",
"altContactM": "",
"compNameE":"None",
"compNameM":"",
"mcFNameE": "None",
"mcFNameM":"",
 "mcLNameE": "None",
"mcLNameM":"", 
"mcJobTitleE": "None",
"mcJobTitleM":"",
 "mcEmailE": "None",
"mcEmailM":"",
 "mcContE": "None",
"mcContM":"",
"legalNameE":"None",
"legalNameM":"",
"dunsNumE":"None",
"dunsNumM":"",
"corpHQE":"None",
"corpHQM":"",
"ownershipTypeE": "None",
"ownershipTypeM": "",
"govtEntityNameE": "None",
"govtEntityNameM": "",
"govtEntityFNameE": "None",
"govtEntityFNameM": "",
"govtEntityLNameE": "None",
"govtEntityLNameM": "",
"govtEntityJobTitleE": "None",
"govtEntityJobTitleM": "",
"govtEntityEmailE": "None",
"govtEntityEmailM": "",
"govtEntityContE": "None",
"govtEntityContM": "",
"govtEntityCountryCodeE":"None",
"govtEntityCountryCodeM":"",
"closegovtEntityNameE": "None",
"closegovtEntityNameM": "",
"closegovtEntityFNameE": "None",
"closegovtEntityFNameM": "",
"closegovtEntityLNameE": "None",
"closegovtEntityLNameM": "",
"closegovtEntityJobTitleE": "None",
"closegovtEntityJobTitleM": "",
"closegovtEntityEmailE": "None",
"closegovtEntityEmailM": "",
"closegovtEntityContE": "None",
"closegovtEntityContM": "",
"closegovtEntityCountryCodeE":"None",
"closegovtEntityCountryCodeM":"",
"oFANameE": "None",
"oFANameM":"",
"oFAAddr1E": "None",
"oFAAddr1M":"",
"oFAPostCdE": "None",
"oFAPostCdM":"",
"oFACityE": "None",
"oFACityM":"",
"oFACounE": "None",
"oFACounM":"",
"oFATeleNumE": "None",
"oFATeleNumM":"",
"oFATeleNumCodeE": "None",
"oFATeleNumCodeM":"",
"rTANameE": "None",
"rTANamem":"",
"rTAAddr1E": "None",
"rTAAddr1M":"",
"rTAPostCdE": "None",
"rTAPostCdM":"",
"rTACityE": "None",
"rTACityM":"",
"rTACounE": "None",
"rTACounM":"",
"rTATeleNumE": "None",
"rTATeleNumM":"",
"rTATeleNumCodeE": "None",
"rTATeleNumCodeM":"",
"bankCountryE": "None",
"bankCountryM":"",
"bankNameE": "None",
"bankNameM": "",
"bankAddrE":"None",
"bankAddrM":"",
"bankCityE":"None",
"bankCityM":"",
"bankAccNumE": "None",
"bankAccNumM": "",
"bankNumE": "None",
"bankNumM": "",
"bankRefE":"None",
"bankRefM":"",
"ibanE":"None",
"ibanM":"",
"benifAccCurrE": "None",
"benifAccCurrM":"",
"benifAccHNameE": "None",
"benifAccHNameM":"",
"bankSwiftE":"None",
"bankSwiftM":"",
"bankStateE": "None",
"bankStateM": "",
"bankBranchE":"None",
"bankBranchM":"",
"bankCtrlKeyE":"None",
"bankCtrlKeyM":"",
"incotermE": "None",
"incotermM":"",
"incotermNPE": "None",
"incotermNPM":"",
"paymentTermE":"None",
"paymentTermM":"",
"paymentTermMethdE": "None",
"paymentTermMethdM": "",
"paymentCurrE":"None",
"paymentCurrM":"",
"cocE":"None",
"cocM":"",
"pEmpE":"None",
"pEmpM":"",
"empFNameE":"None",
"empFNameM":"",
"empSDateE":"None",
"empSDateM":"",
"empEDateE":"None",
"empEDateM":"",
"empJBE":"None",
"empJBM":"",
"empRegionE":"None",
"empRegionM":"",
"cyberSurveyFNE":"None",
"cyberSurveyFNM":"",
"cyberSurveyLNE":"None",
"cyberSurveyLNM":"",
"cyberSurveyMNE":"None",
"cyberSurveyMNM":"",
"cyberSurveyE":"None",
"cyberSurveyM":"",
"cyberSurveyCountryCodeE":"None",
"cyberSurveyCountryCodeM":"",
"vendorE":"None",
"vendorM":"",
"dRespNameE":"None",
"dRespNameM":"",
"dRespAddrE":"None",
"dRespAddrM":"",
"dRespDLocE":"None",
"dRespDLocM":"",
"dRespEmailE":"None",
"dRespEmailM":"",
"dRespContactE":"None",
"dRespContactM":"",
"dRespLogistE":"None",
"dRespLogistM":"",
"relationFNameE": "None",
"relationFNameM": "",
"relationDeptE": "None",
"relationDeptM":"",
"relationJobTE":"None",
"relationJobTM":"",
"isAuthorityE":"None",
"isJabilMainContactE":"None",
"siteHaveDunsNumberE":"None",
"isSiteCorporateHeadquatersE":"None",
"isCorpHeadquartersDunsRegisteredE":"None",
"corpHeadCountryE": "None",
"corpHeadCountryM": "",
"corpHeadAddressL1E":"None",
"corpHeadAddressL1M": "",
"corpHeadRegionE":"None",
"corpHeadRegionM": "",
"corpHeadCityE":"None",
"corpHeadCityM": "",
"corpHeadPostalCodeE": "None",
"corpHeadPostalCodeM": "",
"paymentTermOFAE":"None",
"paymentTermOFAM": "",
"paymentTermRTAE": "None",
"paymentTermRTAM": "",
"corpHeaddunsRegistrationNumE": "None",
"corpHeaddunsRegistrationNumM":"",
"doesOtherEntityOwnSiteE":"None",
"isEntityTradedCompanyE":"None",
"isEntitySDNListE":"None",
"isEntityRegInCISNKE":"None",
"isEntityManagedByGovtE":"None",
"isEntityManagedByGovtFamilyE":"None",
"haveDiversityCertificationsE":"None",
"isBankProvidedE":"None",
"doesFinancialStatementsE":"None",
"financeAuditedLast12ME":"None",
"isDeliverE":"None",
"isSrmReceivedE":"None",
"commitedToExpectationsE":"None",
"companyRelationWithJabilEmpE":"None",
"companyContactWithPreviouseJabilEmpE":"None",
"isDisasterRecoveryPlanE":"None",
"canDisasterRecoveryPlanE":"None",
"ndaSignedBeforeE":"None",
"orgConnectToJabilSystemE":"None",
"orgMaintainProcessDataFromJabilE":"None",
"certifiedForInfoSecurityE":"None",
"validateCertificateE":"None",
"responsibleForInforSecurityE":"None",
"orgEstablishConnectionSelectedE":"None",
"orgBusinessActivitiesisSelectedE":"None",
"financeUserAuditE":"None",
"financeUserAuditM":"",
"isPaymentTermsAgreedE":"None",
"paymentTermCmtE":"None",
"paymentTermCmtM":"",
"taxC1E":"None",
"taxC1M":""
}