{
    "isToSupplierEmail": true,
    "alternateEULAEmailId": "",
    "validAlternateEmailId": false,
    "smallDisAdvBusiness": false,
    "_finalStep": false,
    "_finalStepAccept": false,
    "_finalStepSave": false,
    "isdefaultLan": true,
    "isCountryUS": false,
    "_BackButton": true,
    "_SaveAsDraftButton": true,
    "_FinanceReview": false,
    "_FinanceReviewEdit": true,
    "_SupplierBankEdit": false,
    "_HomeBtnVis": false,
    "buyerSurveyAttach": true,
    "finance1": false,
    "finance2": false,
    "copiedData": true,
    "pasteData": false,
    "isOFA": false,
    "isRTA": false,
    "sc": true,
    "FinanceReviewVis": false,
    "FinanceSaveVis": false,
    "FinanceSaveVis1": false,
    "claimedTask": false,
    "isTaskCompleted": false,
    "FinanceReviewVis1": false,
    "_CompletedTask": false,
    "bankValidation": {
        "bankMatrixId": "",
        "companyCodeCountry": "",
        "supplierBankCountry": "",
        "purchaseOrderCurrency": "",
        "bankName": false,
        "bankBranch": false,
        "bankStreet": false,
        "bankCity": false,
        "benificiaryAccountNumber": false,
        "swiftCode": false,
        "bankNumber": false,
        "bankCountry": false,
        "benificiaryAccHolderName": false,
        "bankKey": false,
        "benificiaryAccCurrency": false,
        "instructionKey": false,
        "bankControlKey": false,
        "referenceDetails": false,
        "iban": false,
        "bankKeyVal1": "",
        "bankKeyVal2": "",
        "bankKeyVal3": "",
        "bankKeyVal4": "",
        "bankKeyVal5": "",
        "bankControlKeyLogic": null,
        "ibanLength": null,
        "bankControlKeyDigitsLogic": null,
        "supplierBankCtryComparator": "",
        "purchaseOrderCurrComparator": ""
    }
}