{
  "controller/processFlow.controller.js": 1649417166059,
  "manifest.json": 1650878994435,
  "util/formatter.js": 1649411930609,
  "model/models.js": 1649332607286,
  "i18n/i18n.properties": 1649417216719,
  "controller/enterTaskId.controller.js": 1649332563712,
  "controller/BaseController.js": 1649332607286,
  "controller/App.controller.js": 1649332563708,
  "controlExtension/ExtVbox.js": 1649332607282,
  "Component.js": 1649332607282,
  "manifest-bundle.zip": 1650878991641,
  "Component-preload.js": 1650878993703,
  "controller/BaseController-dbg.js": 1649332607286,
  "model/models-dbg.js": 1649332607286,
  "controller/processFlow-dbg.controller.js": 1649417166059,
  "controller/enterTaskId-dbg.controller.js": 1649332563712,
  "util/formatter-dbg.js": 1649411930609,
  "controller/App-dbg.controller.js": 1649332563708,
  "controlExtension/ExtVbox-dbg.js": 1649332607282,
  "Component-dbg.js": 1649332607282,
  "view/processFlow.view.xml": 1649410854242,
  "view/enterTaskId.view.xml": 1649332607286,
  "css/style.css": 1649417745624,
  "css/font-opensans.css": 1649332607286,
  "css/font-awesome.css": 1649332607286,
  "fragment/ProcessStory.fragment.xml": 1649678659599,
  "fragment/EmailList.fragment.xml": 1649332563712,
  "fragment/EmailContent.fragment.xml": 1649332563712,
  "fragment/AttachmentList.fragment.xml": 1649332607286,
  "fragment/AttachmentContent.fragment.xml": 1649332607286,
  "index.html": 1649332563712
}