{
  "Component-preload.js": 1646898798526,
  "model/models.js": 1632842080000,
  "util/formatter.js": 1638359734000,
  "manifest.json": 1646898799194,
  "controller/processFlow.controller.js": 1637241716000,
  "controller/enterTaskId.controller.js": 1636626828000,
  "controller/BaseController.js": 1636631560000,
  "controller/App.controller.js": 1636629394000,
  "controlExtension/ExtVbox.js": 1632842080000,
  "Component.js": 1632842080000,
  "manifest-bundle.zip": 1646898796948,
  "i18n/i18n.properties": 1637253278000,
  "controlExtension/ExtVbox-dbg.js": 1632842080000,
  "model/models-dbg.js": 1632842080000,
  "controller/processFlow-dbg.controller.js": 1637241716000,
  "controller/enterTaskId-dbg.controller.js": 1636626828000,
  "controller/BaseController-dbg.js": 1636631560000,
  "controller/App-dbg.controller.js": 1636629394000,
  "util/formatter-dbg.js": 1638359734000,
  "Component-dbg.js": 1632842080000,
  "view/processFlow.view.xml": 1637251772000,
  "view/enterTaskId.view.xml": 1632842080000,
  "fragment/ProcessStory.fragment.xml": 1636627980000,
  "fragment/EmailList.fragment.xml": 1637237508000,
  "fragment/EmailContent.fragment.xml": 1643382098000,
  "css/style.css": 1643381922000,
  "css/font-opensans.css": 1632842080000,
  "css/font-awesome.css": 1632842080000,
  "index.html": 1637253044000
}