{
  "Component-dbg.js": 1646652008884,
  "Component.js": 1646652008884,
  "util/formatter.js": 1646651957406,
  "model/models.js": 1648193198542,
  "controller/processFlow.controller.js": 1648115939424,
  "controller/enterTaskId.controller.js": 1646651957402,
  "controller/BaseController.js": 1647329578433,
  "controller/App.controller.js": 1646651957402,
  "controlExtension/ExtVbox.js": 1646652008884,
  "manifest.json": 1648727135617,
  "manifest-bundle.zip": 1648727132076,
  "Component-preload.js": 1648727134693,
  "model/models-dbg.js": 1648193198542,
  "util/formatter-dbg.js": 1646651957406,
  "controller/processFlow-dbg.controller.js": 1648115939424,
  "controller/enterTaskId-dbg.controller.js": 1646651957402,
  "controller/BaseController-dbg.js": 1647329578433,
  "controller/App-dbg.controller.js": 1646651957402,
  "controlExtension/ExtVbox-dbg.js": 1646652008884,
  "i18n/i18n.properties": 1647594325898,
  "view/processFlow.view.xml": 1647594325898,
  "view/enterTaskId.view.xml": 1646652008884,
  "fragment/ProcessStory.fragment.xml": 1646651957406,
  "fragment/EmailList.fragment.xml": 1646651957406,
  "fragment/EmailContent.fragment.xml": 1646651957406,
  "fragment/AttachmentList.fragment.xml": 1647594325898,
  "fragment/AttachmentContent.fragment.xml": 1648028117681,
  "css/style.css": 1646651957406,
  "css/font-opensans.css": 1646652008884,
  "css/font-awesome.css": 1646652008884,
  "index.html": 1646651957406
}