{
  "model/models-dbg.js": 1632822280234,
  "manifest.json": 1637565787675,
  "util/formatter.js": 1632822280234,
  "model/models.js": 1632822280234,
  "controlExtension/ExtVbox.js": 1632822280230,
  "controller/processFlow.controller.js": 1637221916488,
  "controller/enterTaskId.controller.js": 1636607027325,
  "controller/BaseController.js": 1636611760654,
  "controller/App.controller.js": 1636609593395,
  "Component.js": 1632822280230,
  "manifest-bundle.zip": 1637565785866,
  "Component-preload.js": 1637565787141,
  "controller/App-dbg.controller.js": 1636609593395,
  "i18n/i18n.properties": 1637233478490,
  "controller/processFlow-dbg.controller.js": 1637221916488,
  "controller/enterTaskId-dbg.controller.js": 1636607027325,
  "controller/BaseController-dbg.js": 1636611760654,
  "util/formatter-dbg.js": 1632822280234,
  "controlExtension/ExtVbox-dbg.js": 1632822280230,
  "Component-dbg.js": 1632822280230,
  "view/processFlow.view.xml": 1637231971566,
  "view/enterTaskId.view.xml": 1632822280238,
  "fragment/ProcessStory.fragment.xml": 1636608180004,
  "fragment/EmailList.fragment.xml": 1637217708241,
  "fragment/EmailContent.fragment.xml": 1637232490701,
  "css/style.css": 1637231488211,
  "css/font-opensans.css": 1632822280234,
  "css/font-awesome.css": 1632822280234,
  "index.html": 1637233243625
}