{
  "Component-preload.js": 1638800915836,
  "manifest.json": 1638800916523,
  "util/formatter.js": 1638355190022,
  "model/models.js": 1632717370000,
  "controller/processFlow.controller.js": 1637332793234,
  "controller/enterTaskId.controller.js": 1636725201829,
  "controller/BaseController.js": 1636725201829,
  "controller/App.controller.js": 1636725201829,
  "controlExtension/ExtVbox.js": 1632717370000,
  "Component.js": 1632717370000,
  "manifest-bundle.zip": 1638800914000,
  "i18n/i18n.properties": 1637332793234,
  "Component-dbg.js": 1632717370000,
  "model/models-dbg.js": 1632717370000,
  "controller/processFlow-dbg.controller.js": 1637332793234,
  "controller/enterTaskId-dbg.controller.js": 1636725201829,
  "controller/BaseController-dbg.js": 1636725201829,
  "controller/App-dbg.controller.js": 1636725201829,
  "controlExtension/ExtVbox-dbg.js": 1632717370000,
  "util/formatter-dbg.js": 1638355190022,
  "view/processFlow.view.xml": 1637332793234,
  "view/enterTaskId.view.xml": 1632717370000,
  "fragment/ProcessStory.fragment.xml": 1636725201829,
  "fragment/EmailList.fragment.xml": 1637332793234,
  "fragment/EmailContent.fragment.xml": 1637332793234,
  "css/style.css": 1637332793234,
  "css/font-opensans.css": 1632717370000,
  "css/font-awesome.css": 1632717370000,
  "index.html": 1637332793234
}