{
  "controller/BaseController-dbg.js": 1637065172689,
  "manifest.json": 1642502372036,
  "util/formatter.js": 1638348501786,
  "model/models.js": 1634882534036,
  "controller/processFlow.controller.js": 1637649467992,
  "controller/enterTaskId.controller.js": 1637065172693,
  "controller/BaseController.js": 1637065172689,
  "controller/App.controller.js": 1637065172689,
  "controlExtension/ExtVbox.js": 1634882534032,
  "Component.js": 1634882534032,
  "manifest-bundle.zip": 1642502369398,
  "Component-preload.js": 1642502371358,
  "model/models-dbg.js": 1634882534036,
  "util/formatter-dbg.js": 1638348501786,
  "controller/processFlow-dbg.controller.js": 1637649467992,
  "controller/enterTaskId-dbg.controller.js": 1637065172693,
  "i18n/i18n.properties": 1637649467992,
  "controller/App-dbg.controller.js": 1637065172689,
  "controlExtension/ExtVbox-dbg.js": 1634882534032,
  "Component-dbg.js": 1634882534032,
  "view/processFlow.view.xml": 1637649467992,
  "view/enterTaskId.view.xml": 1634882534040,
  "fragment/ProcessStory.fragment.xml": 1637065172693,
  "fragment/EmailList.fragment.xml": 1641462454840,
  "fragment/EmailContent.fragment.xml": 1641462662172,
  "css/style.css": 1637649467992,
  "css/font-opensans.css": 1634882534036,
  "css/font-awesome.css": 1634882534036,
  "index.html": 1637649467992
}