{
  "css/font-awesome.css": 1650963229081,
  "controlExtension/ExtVbox.js": 1650963229069,
  "util/formatter.js": 1650963229105,
  "model/models.js": 1650963229101,
  "controller/processFlow.controller.js": 1650963229081,
  "controller/enterTaskId.controller.js": 1650957391742,
  "controller/BaseController.js": 1650963229081,
  "controller/App.controller.js": 1650957391742,
  "manifest.json": 1650965644188,
  "Component.js": 1650963229069,
  "manifest-bundle.zip": 1650965641476,
  "Component-preload.js": 1650965643212,
  "controller/BaseController-dbg.js": 1650963229081,
  "model/models-dbg.js": 1650963229101,
  "controller/processFlow-dbg.controller.js": 1650963229081,
  "controller/enterTaskId-dbg.controller.js": 1650957391742,
  "util/formatter-dbg.js": 1650963229105,
  "controller/App-dbg.controller.js": 1650957391742,
  "controlExtension/ExtVbox-dbg.js": 1650963229069,
  "Component-dbg.js": 1650963229069,
  "view/processFlow.view.xml": 1650963229105,
  "view/enterTaskId.view.xml": 1650963229105,
  "fragment/ProcessStory.fragment.xml": 1650963229093,
  "fragment/EmailList.fragment.xml": 1650957391746,
  "fragment/EmailContent.fragment.xml": 1650957391746,
  "fragment/AttachmentList.fragment.xml": 1650963229093,
  "fragment/AttachmentContent.fragment.xml": 1650963229093,
  "css/style.css": 1650963229093,
  "css/font-opensans.css": 1650963229081,
  "i18n/i18n.properties": 1650963229097,
  "index.html": 1650957391746
}