{
  "view/processFlow.view.xml": 1636607063389,
  "model/models.js": 1632822280234,
  "util/formatter.js": 1632822280234,
  "manifest.json": 1637078628049,
  "controller/processFlow.controller.js": 1636609570243,
  "controller/enterTaskId.controller.js": 1636607027325,
  "controller/BaseController.js": 1636611760654,
  "controller/App.controller.js": 1636609593395,
  "controlExtension/ExtVbox.js": 1632822280230,
  "Component.js": 1632822280230,
  "manifest-bundle.zip": 1637078626174,
  "Component-preload.js": 1637078627503,
  "Component-dbg.js": 1632822280230,
  "model/models-dbg.js": 1632822280234,
  "controller/processFlow-dbg.controller.js": 1636609570243,
  "controller/enterTaskId-dbg.controller.js": 1636607027325,
  "controller/BaseController-dbg.js": 1636611760654,
  "controller/App-dbg.controller.js": 1636609593395,
  "controlExtension/ExtVbox-dbg.js": 1632822280230,
  "util/formatter-dbg.js": 1632822280234,
  "i18n/i18n.properties": 1632822280234,
  "view/enterTaskId.view.xml": 1632822280238,
  "fragment/ProcessStory.fragment.xml": 1636608180004,
  "css/style.css": 1632822280234,
  "css/font-opensans.css": 1632822280234,
  "css/font-awesome.css": 1632822280234,
  "index.html": 1632822280234
}