{
  "controller/App.controller.js": 1649317831003,
  "controller/processFlow.controller.js": 1649777616433,
  "util/formatter.js": 1649777616433,
  "model/models.js": 1649321013894,
  "manifest.json": 1649940814841,
  "controller/enterTaskId.controller.js": 1649317831003,
  "controller/BaseController.js": 1649321013886,
  "i18n/i18n.properties": 1649777616433,
  "controlExtension/ExtVbox.js": 1649321013882,
  "Component.js": 1649321013882,
  "manifest-bundle.zip": 1649940812759,
  "Component-preload.js": 1649940814234,
  "controlExtension/ExtVbox-dbg.js": 1649321013882,
  "model/models-dbg.js": 1649321013894,
  "controller/processFlow-dbg.controller.js": 1649777616433,
  "controller/enterTaskId-dbg.controller.js": 1649317831003,
  "controller/BaseController-dbg.js": 1649321013886,
  "controller/App-dbg.controller.js": 1649317831003,
  "util/formatter-dbg.js": 1649777616433,
  "Component-dbg.js": 1649321013882,
  "view/processFlow.view.xml": 1649777616433,
  "view/enterTaskId.view.xml": 1649321013894,
  "fragment/ProcessStory.fragment.xml": 1649777616433,
  "fragment/EmailList.fragment.xml": 1649317831007,
  "fragment/EmailContent.fragment.xml": 1649317831007,
  "fragment/AttachmentList.fragment.xml": 1649321013886,
  "fragment/AttachmentContent.fragment.xml": 1649321013886,
  "css/style.css": 1649777616433,
  "css/font-opensans.css": 1649321013886,
  "css/font-awesome.css": 1649321013886,
  "index.html": 1649317831007
}