{
  "Component-preload.js": 1646128284046,
  "util/formatter.js": 1645622515859,
  "manifest.json": 1646128284714,
  "model/models.js": 1645623168186,
  "controller/processFlow.controller.js": 1645622515855,
  "controller/enterTaskId.controller.js": 1645622515855,
  "controller/BaseController.js": 1645622515855,
  "controller/App.controller.js": 1645622515855,
  "controlExtension/ExtVbox.js": 1645623168186,
  "Component.js": 1645623168186,
  "manifest-bundle.zip": 1646128282317,
  "i18n/i18n.properties": 1645622515859,
  "controlExtension/ExtVbox-dbg.js": 1645623168186,
  "model/models-dbg.js": 1645623168186,
  "controller/processFlow-dbg.controller.js": 1645622515855,
  "controller/enterTaskId-dbg.controller.js": 1645622515855,
  "controller/BaseController-dbg.js": 1645622515855,
  "controller/App-dbg.controller.js": 1645622515855,
  "util/formatter-dbg.js": 1645622515859,
  "Component-dbg.js": 1645623168186,
  "view/processFlow.view.xml": 1645622515859,
  "view/enterTaskId.view.xml": 1645623168186,
  "fragment/ProcessStory.fragment.xml": 1645622515859,
  "fragment/EmailList.fragment.xml": 1645622515859,
  "fragment/EmailContent.fragment.xml": 1645622515859,
  "css/style.css": 1645622515859,
  "css/font-opensans.css": 1645623168186,
  "css/font-awesome.css": 1645623168186,
  "index.html": 1645622515859
}