{
  "controller/processFlow-dbg.controller.js": 1637221916000,
  "controller/enterTaskId.controller.js": 1636607027000,
  "util/formatter.js": 1638339934000,
  "model/models.js": 1632822280000,
  "controller/processFlow.controller.js": 1637221916000,
  "manifest.json": 1646377650908,
  "controller/BaseController.js": 1636611760000,
  "controller/App.controller.js": 1636609593000,
  "controlExtension/ExtVbox.js": 1632822280000,
  "Component.js": 1632822280000,
  "manifest-bundle.zip": 1646377646031,
  "Component-preload.js": 1646377649172,
  "controlExtension/ExtVbox-dbg.js": 1632822280000,
  "model/models-dbg.js": 1632822280000,
  "i18n/i18n.properties": 1637233478000,
  "controller/enterTaskId-dbg.controller.js": 1636607027000,
  "controller/BaseController-dbg.js": 1636611760000,
  "controller/App-dbg.controller.js": 1636609593000,
  "util/formatter-dbg.js": 1638339934000,
  "Component-dbg.js": 1632822280000,
  "view/processFlow.view.xml": 1637231971000,
  "view/enterTaskId.view.xml": 1632822280000,
  "fragment/ProcessStory.fragment.xml": 1636608180000,
  "fragment/EmailList.fragment.xml": 1637217708000,
  "fragment/EmailContent.fragment.xml": 1643362297000,
  "css/style.css": 1643362121000,
  "css/font-opensans.css": 1632822280000,
  "css/font-awesome.css": 1632822280000,
  "index.html": 1637233243000
}