{
  "fragment/AttachmentList.fragment.xml": 1647593656039,
  "Component.js": 1632842080000,
  "util/formatter.js": 1638359734000,
  "model/models.js": 1632842080000,
  "controller/processFlow.controller.js": 1647593783886,
  "controller/enterTaskId.controller.js": 1636626828000,
  "controller/BaseController.js": 1647322205299,
  "controller/App.controller.js": 1636629394000,
  "controlExtension/ExtVbox.js": 1632842080000,
  "manifest.json": 1647942893334,
  "manifest-bundle.zip": 1647942890633,
  "Component-preload.js": 1647942892574,
  "controller/enterTaskId-dbg.controller.js": 1636626828000,
  "model/models-dbg.js": 1632842080000,
  "controller/processFlow-dbg.controller.js": 1647593783886,
  "util/formatter-dbg.js": 1638359734000,
  "controller/BaseController-dbg.js": 1647322205299,
  "controller/App-dbg.controller.js": 1636629394000,
  "controlExtension/ExtVbox-dbg.js": 1632842080000,
  "Component-dbg.js": 1632842080000,
  "view/processFlow.view.xml": 1647589371755,
  "view/enterTaskId.view.xml": 1632842080000,
  "fragment/ProcessStory.fragment.xml": 1636627980000,
  "fragment/EmailList.fragment.xml": 1637237508000,
  "fragment/EmailContent.fragment.xml": 1643382098000,
  "i18n/i18n.properties": 1647592750279,
  "fragment/AttachmentContent.fragment.xml": 1647593611139,
  "css/style.css": 1643381922000,
  "css/font-opensans.css": 1632842080000,
  "css/font-awesome.css": 1632842080000,
  "index.html": 1637253044000
}