{
  "css/font-awesome.css": 1632822280234,
  "Component.js": 1632822280230,
  "util/formatter.js": 1632822280234,
  "model/models.js": 1632822280234,
  "controller/processFlow.controller.js": 1632822280234,
  "controller/enterTaskId.controller.js": 1632822280234,
  "controller/BaseController.js": 1632822280234,
  "controller/App.controller.js": 1632822280234,
  "controlExtension/ExtVbox.js": 1632822280230,
  "manifest.json": 1633942767750,
  "manifest-bundle.zip": 1633942764429,
  "Component-preload.js": 1633942766923,
  "controlExtension/ExtVbox-dbg.js": 1632822280230,
  "model/models-dbg.js": 1632822280234,
  "controller/processFlow-dbg.controller.js": 1632822280234,
  "controller/enterTaskId-dbg.controller.js": 1632822280234,
  "controller/BaseController-dbg.js": 1632822280234,
  "controller/App-dbg.controller.js": 1632822280234,
  "util/formatter-dbg.js": 1632822280234,
  "Component-dbg.js": 1632822280230,
  "view/processFlow.view.xml": 1632822280238,
  "view/enterTaskId.view.xml": 1632822280238,
  "fragment/ProcessStory.fragment.xml": 1632822280234,
  "css/style.css": 1632822280234,
  "css/font-opensans.css": 1632822280234,
  "i18n/i18n.properties": 1632822280234,
  "index.html": 1632822280234
}