{
  "util/formatter.js": 1632717370000,
  "controller/processFlow.controller.js": 1632717370000,
  "i18n/i18n.properties": 1632717370000,
  "model/models.js": 1632717370000,
  "manifest.json": 1632925970508,
  "controller/enterTaskId.controller.js": 1632717370000,
  "controller/BaseController.js": 1632717370000,
  "controller/App.controller.js": 1632717370000,
  "controlExtension/ExtVbox.js": 1632717370000,
  "Component.js": 1632717370000,
  "manifest-bundle.zip": 1632925967655,
  "Component-preload.js": 1632925969272,
  "model/models-dbg.js": 1632717370000,
  "util/formatter-dbg.js": 1632717370000,
  "controller/processFlow-dbg.controller.js": 1632717370000,
  "controller/enterTaskId-dbg.controller.js": 1632717370000,
  "controller/BaseController-dbg.js": 1632717370000,
  "controller/App-dbg.controller.js": 1632717370000,
  "controlExtension/ExtVbox-dbg.js": 1632717370000,
  "Component-dbg.js": 1632717370000,
  "view/processFlow.view.xml": 1632717370000,
  "view/enterTaskId.view.xml": 1632717370000,
  "fragment/ProcessStory.fragment.xml": 1632717370000,
  "css/style.css": 1632717370000,
  "css/font-opensans.css": 1632717370000,
  "css/font-awesome.css": 1632717370000,
  "index.html": 1632717370000
}