{
  "i18n/i18n.properties": 1646378366763,
  "controlExtension/ExtVbox.js": 1646378420051,
  "util/formatter.js": 1646378366763,
  "model/models.js": 1646378420051,
  "controller/processFlow.controller.js": 1646378366763,
  "controller/enterTaskId.controller.js": 1646378366763,
  "controller/BaseController.js": 1646378366763,
  "controller/App.controller.js": 1646378366759,
  "manifest.json": 1646639333826,
  "Component.js": 1646378420051,
  "manifest-bundle.zip": 1646639331659,
  "Component-preload.js": 1646639333205,
  "controller/BaseController-dbg.js": 1646378366763,
  "model/models-dbg.js": 1646378420051,
  "controller/processFlow-dbg.controller.js": 1646378366763,
  "controller/enterTaskId-dbg.controller.js": 1646378366763,
  "util/formatter-dbg.js": 1646378366763,
  "controller/App-dbg.controller.js": 1646378366759,
  "controlExtension/ExtVbox-dbg.js": 1646378420051,
  "Component-dbg.js": 1646378420051,
  "view/processFlow.view.xml": 1646378366763,
  "view/enterTaskId.view.xml": 1646378420051,
  "fragment/ProcessStory.fragment.xml": 1646378366763,
  "fragment/EmailList.fragment.xml": 1646378366763,
  "fragment/EmailContent.fragment.xml": 1646378366763,
  "css/style.css": 1646378366763,
  "css/font-opensans.css": 1646378420051,
  "css/font-awesome.css": 1646378420051,
  "index.html": 1646378366763
}