{
  "util/formatter.js": 1646651957414,
  "i18n/i18n.properties": 1646651957414,
  "manifest.json": 1648734234317,
  "model/models.js": 1646652008888,
  "controller/Reports.controller.js": 1646651957414,
  "controller/PreviewForm.controller.js": 1646651957414,
  "controller/Home.controller.js": 1646651957414,
  "controller/BaseController.js": 1646651957414,
  "controller/App.controller.js": 1646651957414,
  "controlExtension/ExtVbox.js": 1646652008888,
  "controlExtension/ExtComboBox.js": 1646651957410,
  "Component.js": 1646652008888,
  "manifest-bundle.zip": 1648734231920,
  "Component-preload.js": 1648734233673,
  "controller/BaseController-dbg.js": 1646651957414,
  "model/models-dbg.js": 1646652008888,
  "controller/Reports-dbg.controller.js": 1646651957414,
  "controller/PreviewForm-dbg.controller.js": 1646651957414,
  "controller/Home-dbg.controller.js": 1646651957414,
  "util/formatter-dbg.js": 1646651957414,
  "controller/App-dbg.controller.js": 1646651957414,
  "controlExtension/ExtVbox-dbg.js": 1646652008888,
  "controlExtension/ExtComboBox-dbg.js": 1646651957410,
  "Component-dbg.js": 1646652008888,
  "view/Reports.view.xml": 1646651957414,
  "view/PreviewForm.view.xml": 1646652008888,
  "view/Home.view.xml": 1646721129615,
  "view/App.view.xml": 1646651957414,
  "fragment/UserWorkItemGraph.fragment.xml": 1646652008888,
  "fragment/TaskSummaryGraph.fragment.xml": 1646652008888,
  "fragment/TaskCompletionGraph.fragment.xml": 1646652008888,
  "fragment/Sorter.fragment.xml": 1646651957414,
  "fragment/ActiveTaskGraph.fragment.xml": 1646652008888,
  "css/style.css": 1646651957414,
  "css/font-opensans.css": 1646652008888,
  "css/font-awesome.css": 1646652008888,
  "index.html": 1646652008888
}