{
  "controller/Reports-dbg.controller.js": 1650957391754,
  "model/models.js": 1650963229125,
  "util/formatter.js": 1650957391754,
  "manifest.json": 1650965635566,
  "controller/Reports.controller.js": 1650957391754,
  "controller/PreviewForm.controller.js": 1650957391754,
  "controller/Home.controller.js": 1650957391754,
  "controller/BaseController.js": 1650957391750,
  "controller/App.controller.js": 1650957391750,
  "controlExtension/ExtVbox.js": 1650963229125,
  "controlExtension/ExtComboBox.js": 1650957391750,
  "Component.js": 1650963229125,
  "manifest-bundle.zip": 1650965632996,
  "Component-preload.js": 1650965634671,
  "model/models-dbg.js": 1650963229125,
  "util/formatter-dbg.js": 1650957391754,
  "i18n/i18n.properties": 1650957391754,
  "controller/PreviewForm-dbg.controller.js": 1650957391754,
  "controller/Home-dbg.controller.js": 1650957391754,
  "controller/BaseController-dbg.js": 1650957391750,
  "controller/App-dbg.controller.js": 1650957391750,
  "controlExtension/ExtVbox-dbg.js": 1650963229125,
  "controlExtension/ExtComboBox-dbg.js": 1650957391750,
  "Component-dbg.js": 1650963229125,
  "view/Reports.view.xml": 1650957391754,
  "view/PreviewForm.view.xml": 1650963229129,
  "view/Home.view.xml": 1650963229129,
  "view/App.view.xml": 1650957391754,
  "fragment/UserWorkItemGraph.fragment.xml": 1650963229125,
  "fragment/TaskSummaryGraph.fragment.xml": 1650963229125,
  "fragment/TaskCompletionGraph.fragment.xml": 1650963229125,
  "fragment/Sorter.fragment.xml": 1650957391754,
  "fragment/ActiveTaskGraph.fragment.xml": 1650963229125,
  "css/style.css": 1650957391754,
  "css/font-opensans.css": 1650963229125,
  "css/font-awesome.css": 1650963229125,
  "index.html": 1650963229125
}