{
  "index.html": 1632822280242,
  "controller/Reports.controller.js": 1632822280238,
  "util/formatter.js": 1632822280242,
  "model/models.js": 1632822280242,
  "manifest.json": 1634737901858,
  "controller/BaseController.js": 1632841009316,
  "controller/App.controller.js": 1632822280238,
  "controlExtension/ExtVbox.js": 1632822280238,
  "Component.js": 1632822280238,
  "manifest-bundle.zip": 1634737899785,
  "Component-preload.js": 1634737901336,
  "controller/App-dbg.controller.js": 1632822280238,
  "model/models-dbg.js": 1632822280242,
  "controller/Reports-dbg.controller.js": 1632822280238,
  "controller/BaseController-dbg.js": 1632841009316,
  "util/formatter-dbg.js": 1632822280242,
  "controlExtension/ExtVbox-dbg.js": 1632822280238,
  "Component-dbg.js": 1632822280238,
  "view/Reports.view.xml": 1632822280242,
  "fragment/UserWorkItemGraph.fragment.xml": 1632822280242,
  "fragment/TaskSummaryGraph.fragment.xml": 1632822280242,
  "fragment/TaskCompletionGraph.fragment.xml": 1632822280242,
  "fragment/ActiveTaskGraph.fragment.xml": 1632822280242,
  "css/style.css": 1632822280242,
  "css/font-opensans.css": 1632822280238,
  "css/font-awesome.css": 1632822280238,
  "i18n/i18n.properties": 1632822280242
}