{
  "controller/Home-dbg.controller.js": 1638884685835,
  "util/formatter.js": 1635417874331,
  "manifest.json": 1639566804242,
  "model/models.js": 1634882534052,
  "controller/Reports.controller.js": 1635417874331,
  "controller/Home.controller.js": 1638884685835,
  "controller/BaseController.js": 1638278622604,
  "controller/App.controller.js": 1636459431500,
  "controlExtension/ExtVbox.js": 1639122852551,
  "controlExtension/ExtComboBox.js": 1639130828633,
  "Component.js": 1634882534048,
  "manifest-bundle.zip": 1639566800893,
  "Component-preload.js": 1639566803400,
  "util/formatter-dbg.js": 1635417874331,
  "model/models-dbg.js": 1634882534052,
  "controller/Reports-dbg.controller.js": 1635417874331,
  "i18n/i18n.properties": 1638278047097,
  "controller/BaseController-dbg.js": 1638278622604,
  "controller/App-dbg.controller.js": 1636459431500,
  "controlExtension/ExtVbox-dbg.js": 1639122852551,
  "controlExtension/ExtComboBox-dbg.js": 1639130828633,
  "Component-dbg.js": 1634882534048,
  "view/Reports.view.xml": 1635417874331,
  "view/Home.view.xml": 1639130618195,
  "view/App.view.xml": 1635417874331,
  "fragment/UserWorkItemGraph.fragment.xml": 1634882534052,
  "fragment/TaskSummaryGraph.fragment.xml": 1634882534052,
  "fragment/TaskCompletionGraph.fragment.xml": 1634882534052,
  "fragment/Sorter.fragment.xml": 1635417874331,
  "fragment/ActiveTaskGraph.fragment.xml": 1634882534052,
  "css/style.css": 1635417874331,
  "css/font-opensans.css": 1634882534052,
  "css/font-awesome.css": 1634882534052,
  "index.html": 1634882534052
}