{
  "controller/Home-dbg.controller.js": 1645622515879,
  "util/formatter.js": 1645622515879,
  "manifest.json": 1646128276531,
  "model/models.js": 1645623168186,
  "controller/Reports.controller.js": 1645622515879,
  "controller/PreviewForm.controller.js": 1645622515879,
  "controller/Home.controller.js": 1645622515879,
  "controller/BaseController.js": 1645622515879,
  "controller/App.controller.js": 1645622515879,
  "controlExtension/ExtVbox.js": 1645623168186,
  "controlExtension/ExtComboBox.js": 1645622515875,
  "Component.js": 1645623168186,
  "manifest-bundle.zip": 1646128273957,
  "Component-preload.js": 1646128275742,
  "util/formatter-dbg.js": 1645622515879,
  "model/models-dbg.js": 1645623168186,
  "controller/Reports-dbg.controller.js": 1645622515879,
  "controller/PreviewForm-dbg.controller.js": 1645622515879,
  "i18n/i18n.properties": 1645622515879,
  "controller/BaseController-dbg.js": 1645622515879,
  "controller/App-dbg.controller.js": 1645622515879,
  "controlExtension/ExtVbox-dbg.js": 1645623168186,
  "controlExtension/ExtComboBox-dbg.js": 1645622515875,
  "Component-dbg.js": 1645623168186,
  "view/Reports.view.xml": 1645622515879,
  "view/PreviewForm.view.xml": 1645622515879,
  "view/Home.view.xml": 1645622515879,
  "view/App.view.xml": 1645622515879,
  "fragment/UserWorkItemGraph.fragment.xml": 1645623168186,
  "fragment/TaskSummaryGraph.fragment.xml": 1645623168186,
  "fragment/TaskCompletionGraph.fragment.xml": 1645623168186,
  "fragment/Sorter.fragment.xml": 1645622515879,
  "fragment/ActiveTaskGraph.fragment.xml": 1645623168186,
  "css/style.css": 1645622515879,
  "css/font-opensans.css": 1645623168186,
  "css/font-awesome.css": 1645623168186,
  "index.html": 1645623168186
}