{
  "fragment/TaskCompletionGraph.fragment.xml": 1632717370000,
  "controller/App.controller.js": 1635316871722,
  "util/formatter.js": 1635316871730,
  "model/models.js": 1632717370000,
  "controller/Reports.controller.js": 1635316871726,
  "controller/Home.controller.js": 1635316871722,
  "controller/BaseController.js": 1635316871722,
  "manifest.json": 1635861950762,
  "controlExtension/ExtVbox.js": 1632717370000,
  "Component.js": 1632717370000,
  "manifest-bundle.zip": 1635861948261,
  "Component-preload.js": 1635861950006,
  "controller/App-dbg.controller.js": 1635316871722,
  "model/models-dbg.js": 1632717370000,
  "controller/Reports-dbg.controller.js": 1635316871726,
  "controller/Home-dbg.controller.js": 1635316871722,
  "controller/BaseController-dbg.js": 1635316871722,
  "util/formatter-dbg.js": 1635316871730,
  "controlExtension/ExtVbox-dbg.js": 1632717370000,
  "Component-dbg.js": 1632717370000,
  "view/Reports.view.xml": 1635316871730,
  "view/Home.view.xml": 1635316871730,
  "view/App.view.xml": 1635316871730,
  "fragment/UserWorkItemGraph.fragment.xml": 1632717370000,
  "fragment/TaskSummaryGraph.fragment.xml": 1632717370000,
  "i18n/i18n.properties": 1635316871726,
  "fragment/Sorter.fragment.xml": 1635316871726,
  "fragment/ActiveTaskGraph.fragment.xml": 1632717370000,
  "css/style.css": 1635316871726,
  "css/font-opensans.css": 1632717370000,
  "css/font-awesome.css": 1632717370000,
  "index.html": 1632717370000
}