{
  "i18n/i18n.properties": 1649317831023,
  "controller/App.controller.js": 1649317831015,
  "util/formatter.js": 1649317831023,
  "model/models.js": 1649321013914,
  "controller/Reports.controller.js": 1649317831023,
  "controller/PreviewForm.controller.js": 1649317831023,
  "controller/Home.controller.js": 1649317831023,
  "controller/BaseController.js": 1649317831015,
  "manifest.json": 1650261326388,
  "controlExtension/ExtVbox.js": 1649321013910,
  "controlExtension/ExtComboBox.js": 1649317831011,
  "Component.js": 1649321013910,
  "manifest-bundle.zip": 1650261322872,
  "Component-preload.js": 1650261325261,
  "controlExtension/ExtVbox-dbg.js": 1649321013910,
  "model/models-dbg.js": 1649321013914,
  "controller/Reports-dbg.controller.js": 1649317831023,
  "controller/PreviewForm-dbg.controller.js": 1649317831023,
  "controller/Home-dbg.controller.js": 1649317831023,
  "controller/BaseController-dbg.js": 1649317831015,
  "controller/App-dbg.controller.js": 1649317831015,
  "util/formatter-dbg.js": 1649317831023,
  "controlExtension/ExtComboBox-dbg.js": 1649317831011,
  "Component-dbg.js": 1649321013910,
  "view/Reports.view.xml": 1649317831023,
  "view/PreviewForm.view.xml": 1649321013918,
  "view/Home.view.xml": 1649321013918,
  "view/App.view.xml": 1649317831023,
  "fragment/UserWorkItemGraph.fragment.xml": 1649321013914,
  "fragment/TaskSummaryGraph.fragment.xml": 1649321013914,
  "fragment/TaskCompletionGraph.fragment.xml": 1649321013914,
  "fragment/Sorter.fragment.xml": 1649317831023,
  "fragment/ActiveTaskGraph.fragment.xml": 1649321013914,
  "css/style.css": 1649317831023,
  "css/font-opensans.css": 1649321013910,
  "css/font-awesome.css": 1649321013910,
  "index.html": 1649321013914
}