{
  "css/style.css": 1641990164000,
  "controller/PreviewForm.controller.js": 1641990330000,
  "util/formatter.js": 1635160856000,
  "model/models.js": 1632842080000,
  "controller/Reports.controller.js": 1637160996000,
  "manifest.json": 1646827208280,
  "controller/Home.controller.js": 1642679444000,
  "controller/BaseController.js": 1635266412000,
  "controller/App.controller.js": 1636461184000,
  "controlExtension/ExtVbox.js": 1632842080000,
  "controlExtension/ExtComboBox.js": 1639397052000,
  "Component.js": 1632842080000,
  "manifest-bundle.zip": 1646827206108,
  "Component-preload.js": 1646827207671,
  "Component-dbg.js": 1632842080000,
  "model/models-dbg.js": 1632842080000,
  "controller/Reports-dbg.controller.js": 1637160996000,
  "controller/PreviewForm-dbg.controller.js": 1641990330000,
  "controller/Home-dbg.controller.js": 1642679444000,
  "controller/BaseController-dbg.js": 1635266412000,
  "controller/App-dbg.controller.js": 1636461184000,
  "controlExtension/ExtVbox-dbg.js": 1632842080000,
  "controlExtension/ExtComboBox-dbg.js": 1639397052000,
  "util/formatter-dbg.js": 1635160856000,
  "view/Reports.view.xml": 1635266466000,
  "view/PreviewForm.view.xml": 1644260350000,
  "view/Home.view.xml": 1646823997574,
  "view/App.view.xml": 1635263894000,
  "fragment/UserWorkItemGraph.fragment.xml": 1632842080000,
  "fragment/TaskSummaryGraph.fragment.xml": 1632842080000,
  "fragment/TaskCompletionGraph.fragment.xml": 1632842080000,
  "fragment/Sorter.fragment.xml": 1635160924000,
  "fragment/ActiveTaskGraph.fragment.xml": 1632842080000,
  "i18n/i18n.properties": 1642679480000,
  "css/font-opensans.css": 1632842080000,
  "css/font-awesome.css": 1632842080000,
  "index.html": 1632842080000
}