{
  "fragment/ActiveTaskGraph.fragment.xml": 1634882534052,
  "manifest.json": 1643277158515,
  "util/formatter.js": 1635417874331,
  "model/models.js": 1634882534052,
  "controller/Reports.controller.js": 1635417874331,
  "controller/PreviewForm.controller.js": 1642403597452,
  "controller/Home.controller.js": 1642666903139,
  "controller/BaseController.js": 1638278622604,
  "controller/App.controller.js": 1636459431500,
  "controlExtension/ExtVbox.js": 1639122852551,
  "controlExtension/ExtComboBox.js": 1639130828633,
  "Component.js": 1634882534048,
  "manifest-bundle.zip": 1643277156124,
  "Component-preload.js": 1643277157746,
  "util/formatter-dbg.js": 1635417874331,
  "model/models-dbg.js": 1634882534052,
  "controller/Reports-dbg.controller.js": 1635417874331,
  "controller/PreviewForm-dbg.controller.js": 1642403597452,
  "controller/Home-dbg.controller.js": 1642666903139,
  "controller/BaseController-dbg.js": 1638278622604,
  "controller/App-dbg.controller.js": 1636459431500,
  "controlExtension/ExtVbox-dbg.js": 1639122852551,
  "controlExtension/ExtComboBox-dbg.js": 1639130828633,
  "Component-dbg.js": 1634882534048,
  "view/Reports.view.xml": 1635417874331,
  "view/PreviewForm.view.xml": 1642403597452,
  "view/Home.view.xml": 1642666903143,
  "view/App.view.xml": 1635417874331,
  "fragment/UserWorkItemGraph.fragment.xml": 1634882534052,
  "fragment/TaskSummaryGraph.fragment.xml": 1634882534052,
  "fragment/TaskCompletionGraph.fragment.xml": 1634882534052,
  "fragment/Sorter.fragment.xml": 1635417874331,
  "i18n/i18n.properties": 1642666903139,
  "css/style.css": 1642403597452,
  "css/font-opensans.css": 1634882534052,
  "css/font-awesome.css": 1634882534052,
  "index.html": 1634882534052
}