{
  "css/font-opensans.css": 1632822280238,
  "util/formatter.js": 1635141055804,
  "manifest.json": 1640237698824,
  "model/models.js": 1632822280242,
  "controller/Reports.controller.js": 1637141196440,
  "controller/Home.controller.js": 1638946737785,
  "controller/BaseController.js": 1635246611126,
  "controller/App.controller.js": 1636441383048,
  "controlExtension/ExtVbox.js": 1632822280238,
  "controlExtension/ExtComboBox.js": 1639377252005,
  "Component.js": 1632822280238,
  "manifest-bundle.zip": 1640237696681,
  "Component-preload.js": 1640237698221,
  "Component-dbg.js": 1632822280238,
  "model/models-dbg.js": 1632822280242,
  "controller/Reports-dbg.controller.js": 1637141196440,
  "controller/Home-dbg.controller.js": 1638946737785,
  "controller/BaseController-dbg.js": 1635246611126,
  "controller/App-dbg.controller.js": 1636441383048,
  "controlExtension/ExtVbox-dbg.js": 1632822280238,
  "controlExtension/ExtComboBox-dbg.js": 1639377252005,
  "util/formatter-dbg.js": 1635141055804,
  "view/Reports.view.xml": 1635246666218,
  "view/Home.view.xml": 1639377252009,
  "view/App.view.xml": 1635244093441,
  "fragment/UserWorkItemGraph.fragment.xml": 1632822280242,
  "fragment/TaskSummaryGraph.fragment.xml": 1632822280242,
  "fragment/TaskCompletionGraph.fragment.xml": 1632822280242,
  "fragment/Sorter.fragment.xml": 1635141123929,
  "fragment/ActiveTaskGraph.fragment.xml": 1632822280242,
  "css/style.css": 1635138114052,
  "i18n/i18n.properties": 1638340008328,
  "css/font-awesome.css": 1632822280238,
  "index.html": 1632822280242
}