{
  "i18n/i18n.properties": 1632717370000,
  "controller/BaseController.js": 1632844091601,
  "util/formatter.js": 1632717370000,
  "model/models.js": 1632717370000,
  "controller/Reports.controller.js": 1632717370000,
  "manifest.json": 1634046505080,
  "controller/App.controller.js": 1632717370000,
  "controlExtension/ExtVbox.js": 1632717370000,
  "Component.js": 1632717370000,
  "manifest-bundle.zip": 1634046503243,
  "Component-preload.js": 1634046504452,
  "util/formatter-dbg.js": 1632717370000,
  "model/models-dbg.js": 1632717370000,
  "controller/Reports-dbg.controller.js": 1632717370000,
  "controller/BaseController-dbg.js": 1632844091601,
  "controller/App-dbg.controller.js": 1632717370000,
  "controlExtension/ExtVbox-dbg.js": 1632717370000,
  "Component-dbg.js": 1632717370000,
  "view/Reports.view.xml": 1632717370000,
  "fragment/UserWorkItemGraph.fragment.xml": 1632717370000,
  "fragment/TaskSummaryGraph.fragment.xml": 1632717370000,
  "fragment/TaskCompletionGraph.fragment.xml": 1632717370000,
  "fragment/ActiveTaskGraph.fragment.xml": 1632717370000,
  "css/style.css": 1632717370000,
  "css/font-opensans.css": 1632717370000,
  "css/font-awesome.css": 1632717370000,
  "index.html": 1632717370000
}