{
  "view/PreviewForm.view.xml": 1649332607298,
  "controller/Reports.controller.js": 1649332563720,
  "util/formatter.js": 1649332563720,
  "model/models.js": 1649332607298,
  "manifest.json": 1650632400513,
  "controller/PreviewForm.controller.js": 1649332563720,
  "controller/Home.controller.js": 1649332563720,
  "controller/BaseController.js": 1649332563720,
  "controller/App.controller.js": 1649332563720,
  "controlExtension/ExtVbox.js": 1649332607298,
  "controlExtension/ExtComboBox.js": 1649332563716,
  "Component.js": 1649332607298,
  "manifest-bundle.zip": 1650632397474,
  "Component-preload.js": 1650632399618,
  "controlExtension/ExtComboBox-dbg.js": 1649332563716,
  "model/models-dbg.js": 1649332607298,
  "controller/Reports-dbg.controller.js": 1649332563720,
  "controller/PreviewForm-dbg.controller.js": 1649332563720,
  "controller/Home-dbg.controller.js": 1649332563720,
  "controller/BaseController-dbg.js": 1649332563720,
  "controller/App-dbg.controller.js": 1649332563720,
  "controlExtension/ExtVbox-dbg.js": 1649332607298,
  "util/formatter-dbg.js": 1649332563720,
  "Component-dbg.js": 1649332607298,
  "view/Reports.view.xml": 1649332563720,
  "i18n/i18n.properties": 1649332563720,
  "view/Home.view.xml": 1649332607298,
  "view/App.view.xml": 1649332563720,
  "fragment/UserWorkItemGraph.fragment.xml": 1649332607298,
  "fragment/TaskSummaryGraph.fragment.xml": 1649332607298,
  "fragment/TaskCompletionGraph.fragment.xml": 1649332607298,
  "fragment/Sorter.fragment.xml": 1649332563720,
  "fragment/ActiveTaskGraph.fragment.xml": 1649332607298,
  "css/style.css": 1649332563720,
  "css/font-opensans.css": 1649332607298,
  "css/font-awesome.css": 1649332607298,
  "index.html": 1649332607298
}