{
  "Component-dbg.js": 1634882534048,
  "manifest.json": 1638429466221,
  "util/formatter.js": 1635417874331,
  "model/models.js": 1634882534052,
  "controller/Reports.controller.js": 1635417874331,
  "controller/Home.controller.js": 1638281689622,
  "controller/BaseController.js": 1638278622604,
  "controller/App.controller.js": 1636459431500,
  "controlExtension/ExtVbox.js": 1634882534048,
  "Component.js": 1634882534048,
  "manifest-bundle.zip": 1638429464530,
  "Component-preload.js": 1638429465703,
  "controller/BaseController-dbg.js": 1638278622604,
  "model/models-dbg.js": 1634882534052,
  "controller/Reports-dbg.controller.js": 1635417874331,
  "controller/Home-dbg.controller.js": 1638281689622,
  "util/formatter-dbg.js": 1635417874331,
  "controller/App-dbg.controller.js": 1636459431500,
  "controlExtension/ExtVbox-dbg.js": 1634882534048,
  "i18n/i18n.properties": 1638278047097,
  "view/Reports.view.xml": 1635417874331,
  "view/Home.view.xml": 1638276119378,
  "view/App.view.xml": 1635417874331,
  "fragment/UserWorkItemGraph.fragment.xml": 1634882534052,
  "fragment/TaskSummaryGraph.fragment.xml": 1634882534052,
  "fragment/TaskCompletionGraph.fragment.xml": 1634882534052,
  "fragment/Sorter.fragment.xml": 1635417874331,
  "fragment/ActiveTaskGraph.fragment.xml": 1634882534052,
  "css/style.css": 1635417874331,
  "css/font-opensans.css": 1634882534052,
  "css/font-awesome.css": 1634882534052,
  "index.html": 1634882534052
}