{
  "Component.js": 1616591900120,
  "manifest.json": 1619019225733,
  "util/formatter.js": 1616591900144,
  "model/models.js": 1616591900132,
  "controller/VendorRequest.controller.js": 1617688845773,
  "controller/BPCreate.controller.js": 1617688845773,
  "controller/App.controller.js": 1616591900120,
  "i18n/i18n.properties": 1616591900128,
  "manifest-bundle.zip": 1619019225455,
  "Component-preload.js": 1619019225692,
  "util/formatter-dbg.js": 1616591900144,
  "model/models-dbg.js": 1616591900132,
  "controller/VendorRequest-dbg.controller.js": 1617688845773,
  "controller/BPCreate-dbg.controller.js": 1617688845773,
  "controller/App-dbg.controller.js": 1616591900120,
  "Component-dbg.js": 1616591900120,
  "resources.json": 1619019225736,
  "view/VendorRequest.view.xml": 1616591900148,
  "view/BPCreate.view.xml": 1616591900148,
  "view/App.view.xml": 1616591900148,
  "fragments/ExtendBuisnessPartner.fragment.xml": 1617093844731,
  "fragments/CreateBuisnessPartner.fragment.xml": 1617093844719,
  "css/style.css": 1617093844707,
  "index.html": 1616591900128
}