<?xml version="1.0" encoding="UTF-8"?>
<core:FragmentDefinition xmlns="sap.m" xmlns:core="sap.ui.core">
	<Dialog  title="{= ${oVisibilityModel>/isdefaultLan}?${oi18n_En>Comments}:${oi18n_En>Comments} + '/&#160;' + ${i18n>Comments}}" contentWidth="25%">
		<content>
        <VBox fitContainer="true" alignContent="Center" class="sapUiSizeCompact sapUiTinyMarginBottom">   
            <Label required="{JMBankComments>/required}"  text="{= ${oVisibilityModel>/isdefaultLan}?${oi18n_En>comments}:${oi18n_En>comments} + '/&#160;' + ${i18n>comments}}" class="sapUiTinyMarginTop sapUiSmallMarginBegin"  wrapping="true"></Label>
            <TextArea value="{JMBankComments>/Comments}" liveChange="fnLiveChangeCmntTxtArea" valueState="{JMBankComments>/Commentse}" valueStateText="{JMBankComments>/Commentsm}" class="sapUiSmallMarginBegin" required="true"  width="90%" ></TextArea>
            </VBox>
			<OverflowToolbar class="barClass sapUiTinyMarginTop">
            	<ToolbarSpacer/>
				<Button class="cl_VRActnBtnClear" text="{= ${oVisibilityModel>/isdefaultLan}?${oi18n_En>close}:${oi18n_En>close} + '/&#160;' + ${i18n>close}}"  visible="true" press="fnCloseBankComments" tooltip="{i18n>close}"/>
				<Button  class="cl_VRActnBtnApply"  text="{= ${oVisibilityModel>/isdefaultLan}?${oi18n_En>submit}:${oi18n_En>submit} + '/&#160;' + ${i18n>submit}}"  press="fnSubmitComments" tooltip="{i18n>submit}"/>
			</OverflowToolbar>
		</content>
	</Dialog>
</core:FragmentDefinition>