<core:FragmentDefinition xmlns="sap.m" xmlns:f="sap.ui.layout.form" xmlns:core="sap.ui.core" xmlns:l="sap.ui.layout"
	xmlns:u="sap.ui.unified" xmlns:grid="sap.ui.layout.cssgrid" xmlns:g="sap.f" xmlns:t="sap.ui.table"  async="true">
    <Panel width="100%" class="sapUiTinyMarginTop panelPadding">
		<content>
			<Text text="{i18n>paymentTermsL}" visible= "{oVisibilityModel>/isdefaultLan}" class="fontBold sapUiTinyMarginBegin sapUiTinyMarginBottom"/>
            <Text text="{oi18n_En>paymentTermsL}/&#160;{i18n>paymentTermsL}" visible= "{=!${oVisibilityModel>/isdefaultLan}}" class="fontBold sapUiTinyMarginBegin sapUiTinyMarginBottom"/>
				<l:Grid containerQuery="true" visible="{=!${oUserModel>/isNew}}" defaultSpan="XL3 L4 M4 S12" class="gridSpacing sapUiSizeCompact sapUiNoContentPadding ">
				<VBox  class="fontStyle">
					<Label text="{i18n>paymentTerms}"  visible= "{oVisibilityModel>/isdefaultLan}"  required="true"></Label>
                    <Label text="{oi18n_En>paymentTerms}&#10;{i18n>paymentTerms}" wrapping="true" visible= "{=!${oVisibilityModel>/isdefaultLan}}" required="true"></Label>
                     <Label class="fontStyleBold sapUiSizeCompact" text="{parts:['oLookUpModel>/PaymentTerm','oDataModel>/shippingInfoDto/paymentTerms'], formatter: 'com.jabil.surveyform.formatter.formatter.fnFetchDescription'}"/>
				</VBox>
				<VBox class="fontStyle">
					<Label text="{i18n>paymentCurr}" visible= "{oVisibilityModel>/isdefaultLan}" required="true"></Label>
                    <Label text="{oi18n_En>paymentCurr}&#10;{i18n>paymentCurr}" wrapping="true" visible= "{=!${oVisibilityModel>/isdefaultLan}}" required="true"></Label>
                                   <Label class="fontStyleBold sapUiSizeCompact" text="{parts:['oLookUpModel>/Currency','oDataModel>/shippingInfoDto/paymentCurrency'], formatter: 'com.jabil.surveyform.formatter.formatter.fnFetchDescription'}"/>
				</VBox>

			</l:Grid>
            <Label visible="{=!${oUserModel>/isNew}}" class="sapUiTinyMarginTop fontStyleBold sapUiTinyMarginBegin" wrapping="true" text="{i18n>paymentNewTerms}"></Label>
            <l:Grid containerQuery="true" visible="{oUserModel>/isNew}" defaultSpan="XL3 L4 M4 S12" class="gridSpacing sapUiSizeCompact sapUiNoContentPadding ">
				<VBox  class="fontStyle">
					<Label text="{i18n>PaymentTermsEOM}"  visible= "{oVisibilityModel>/isdefaultLan}"  required="true"></Label>
                    <Label text="{oi18n_En>PaymentTermsEOM}&#10;{i18n>PaymentTermsEOM}" wrapping="true" visible= "{=!${oVisibilityModel>/isdefaultLan}}" required="true"></Label>
					<ComboBox id="PaymentTermCreateId" width="100%" items="{oLookUpModel>/PaymentTerm}" showSecondaryValues="true" filterSecondaryValues="true"  selectedKey="{oDataModel>/shippingInfoDto/paymentTerms}" enabled="false" valueState="{oErrorModel>/paymentTermE}" valueStateText="{oErrorModel>/paymentTermM}" selectionChange="fnLiveValueChange" placeholder="{i18n>select}" class="inputStyle">
                     <core:ListItem key="{oLookUpModel>code}" text="{oLookUpModel>description}" additionalText="{oLookUpModel>code}"/></ComboBox>
                     <layoutData>
                                  <l:GridData spanM="3" spanL="3" spanXL="3"></l:GridData></layoutData>
                     
				</VBox>
				<VBox class="fontStyle">
					<Label text="{i18n>paymentMethod}" visible= "{oVisibilityModel>/isdefaultLan}"  required="true"></Label>
                    <Label text="{oi18n_En>paymentMethod}&#10;{i18n>paymentMethod}" wrapping="true" visible= "{=!${oVisibilityModel>/isdefaultLan}}" required="true"></Label>
					<MultiComboBox width="350px" items="{oLookUpModel>/PaymentMethod}" selectedKeys="{path:'oDataModel>/shippingInfoDto/paymentMethod',formatter:'com.jabil.surveyform.formatter.formatter.stringToArrays'}" showSecondaryValues="true" enabled="{oEnableMdl>/paymentMethodEnb}" valueState="{oErrorModel>/paymentTermMethdE}" valueStateText="{oErrorModel>/paymentTermMethdM}" selectionChange="fnLivePaymentMethodChange" selectionFinish="fnLivePaymentMethodFinish" placeholder="{i18n>select}" class="inputStyle">
                      <core:ListItem key="{oLookUpModel>code}" text="{oLookUpModel>description}" additionalText="{oLookUpModel>code}"/></MultiComboBox>
                     <layoutData>
                                  <l:GridData spanM="3" spanL="3" spanXL="3"></l:GridData></layoutData>
                     
				</VBox>
				<VBox class="fontStyle">
					<Label text="{i18n>paymentCurr}" visible= "{oVisibilityModel>/isdefaultLan}" required="true"></Label>
                    <Label text="{oi18n_En>paymentCurr}&#10;{i18n>paymentCurr}" wrapping="true" visible= "{=!${oVisibilityModel>/isdefaultLan}}" required="true"></Label>
					<ComboBox width="100%" items="{path: 'oLookUpModel>/Currency', sorter:{path:'code'}}" showSecondaryValues="true" filterSecondaryValues="true" selectionChange="fnLiveValueBankInput" valueState="{oErrorModel>/paymentCurrE}" valueStateText="{oErrorModel>/paymentCurrM}"  selectedKey="{oDataModel>/shippingInfoDto/paymentCurrency}" enabled="{oEnableMdl>/paymentCurrencyEnb}" placeholder="{i18n>select}" class="inputStyle">
                     <core:ListItem key="{oLookUpModel>code}" text="{oLookUpModel>code}" additionalText="{oLookUpModel>description}"/></ComboBox>
                    <layoutData>
                                  <l:GridData spanM="3" spanL="3" spanXL="3"></l:GridData></layoutData>
				</VBox>
				
                 
			</l:Grid>
            
             <l:Grid containerQuery="true" visible="{=!${oUserModel>/isNew}}"  defaultSpan="XL3 L4 M4 S12" class="gridSpacing sapUiTinyMarginTop sapUiSizeCompact sapUiNoContentPadding ">
                <VBox  class="fontStyle">
                        <Label text="{i18n>newPaymentTermsEOM}"  visible= "{oVisibilityModel>/isdefaultLan}" ></Label>
                        <Label text="{oi18n_En>newPaymentTermsEOM}&#10;{i18n>newPaymentTermsEOM}" wrapping="true" visible= "{=!${oVisibilityModel>/isdefaultLan}}" ></Label>
                        <ComboBox id="PaymentTermExtendId" width="100%" items="{oLookUpModel>/PaymentTerm}" showSecondaryValues="true" filterSecondaryValues="true"  selectedKey="{oDataModel>/shippingInfoDto/newpaymentTerms}" enabled="false"  valueState="{oErrorModel>/paymentTermE}" valueStateText="{oErrorModel>/paymentTermM}" selectionChange="fnLiveValueChange" placeholder="{i18n>select}" class="inputStyle">
                        <core:ListItem key="{oLookUpModel>code}" text="{oLookUpModel>description}" additionalText="{oLookUpModel>code}"/></ComboBox>
                        <layoutData>
                                    <l:GridData spanM="3" spanL="3" spanXL="3"></l:GridData></layoutData>
                        
                    </VBox> 
				<VBox class="fontStyle">
					<Label text="{i18n>paymentMethod}" visible= "{oVisibilityModel>/isdefaultLan}"></Label>
                    <Label text="{oi18n_En>paymentMethod}&#10;{i18n>paymentMethod}" wrapping="true" visible= "{=!${oVisibilityModel>/isdefaultLan}}"></Label>
					<MultiComboBox width="100%" items="{oLookUpModel>/PaymentMethod}" showSecondaryValues="true" selectedKeys="{path:'oDataModel>/shippingInfoDto/paymentMethod',formatter:'com.jabil.surveyform.formatter.formatter.stringToArrays'}" enabled="{oEnableMdl>/paymentMethodEnb}" valueState="{oErrorModel>/paymentTermMethdE}" valueStateText="{oErrorModel>/paymentTermMethdM}" selectionChange="fnLivePaymentMethodChange" selectionFinish="fnLivePaymentMethodFinish" placeholder="{i18n>select}" class="inputStyle">
                      <core:ListItem key="{oLookUpModel>code}" text="{oLookUpModel>description}" additionalText="{oLookUpModel>code}"/></MultiComboBox>
                     <layoutData>
                                  <l:GridData spanM="3" spanL="3" spanXL="3"></l:GridData></layoutData>
                     
				</VBox>
				<VBox class="fontStyle">
					<Label text="{i18n>newpaymentCurr}" visible= "{oVisibilityModel>/isdefaultLan}" required="{=!${oDataModel>/shippingInfoDto/paymentCurrency}}"></Label>
                    <Label text="{oi18n_En>newpaymentCurr}&#10;{i18n>newpaymentCurr}" wrapping="true" visible= "{=!${oVisibilityModel>/isdefaultLan}}" required="{=!${oDataModel>/shippingInfoDto/paymentCurrency}}"></Label>
					<ComboBox width="100%" class="inputStyle"  placeholder="{i18n>select}" items="{path: 'oLookUpModel>/Currency', sorter:{path:'code'}}" showSecondaryValues="true" filterSecondaryValues="true" change="fnLiveValueChange" valueState="{oErrorModel>/newpaymentCurrE}" valueStateText="{oErrorModel>/newpaymentCurrM}"  selectedKey="{oDataModel>/shippingInfoDto/newpaymentCurrency}" enabled="{oEnableMdl>/paymentCurrencyEnb}">
                     <core:ListItem key="{oLookUpModel>code}" text="{oLookUpModel>code}" additionalText="{oLookUpModel>description}"/></ComboBox>
                    <layoutData>
                                  <l:GridData spanM="3" spanL="3" spanXL="3"></l:GridData></layoutData>
				</VBox>
                
				 
			</l:Grid>
             <VBox class="fontStyle sapUiSizeCompact">
                <Label  labelFor="idPaymentAgree" text="{= ${oVisibilityModel>/isdefaultLan}?${oi18n_En>paymentTermsAgree}:${oi18n_En>paymentTermsAgree} +'/&#160;' +${i18n>paymentTermsAgree}}" wrapping="true" class="fontStyle sapUiTinyMarginTop sapUiTinyMarginBegin"/>
                    <RadioButtonGroup id="idPaymentAgree" class="inputStyle" columns="2" selectedIndex="{=${oDataModel>/shippingInfoDto/isPaymentTermsAgreed} === true? 0 :(${oDataModel>/shippingInfoDto/isPaymentTermsAgreed}=== false ?1: -1)}" valueState="{oErrorModel>/isPaymentTermsAgreedE}" enabled="{oEnableMdl>/paymentTermsEnb}" select="fnClearValueState">
                    <RadioButton text="{= ${oVisibilityModel>/isdefaultLan}?${oi18n_En>yes}:${oi18n_En>yes} +'/&#160;' +${i18n>yes}}" selected="{oDataModel>/shippingInfoDto/isPaymentTermsAgreed}"></RadioButton>
                    <RadioButton text="{= ${oVisibilityModel>/isdefaultLan}?${oi18n_En>no}:${oi18n_En>no} +'/&#160;' +${i18n>no}}"  select="fnSelectionChange"></RadioButton>
                </RadioButtonGroup>
                <Label required="true" text="{i18n>prvdComment}" visible="{=${oVisibilityModel>/isdefaultLan} &amp;&amp; ${oDataModel>/shippingInfoDto/isPaymentTermsAgreed} === false}"  class="fontStyle sapUiTinyMarginBegin sapUiTinyMarginTop"></Label>
                    <Label  required="true"  text="{oi18n_En>prvdComment}/&#160;{i18n>prvdComment}"  visible= "{=!${oVisibilityModel>/isdefaultLan} &amp;&amp; ${oDataModel>/shippingInfoDto/isPaymentTermsAgreed} === false}" wrapping="true" class="fontStyle sapUiTinyMarginBegin sapUiTinyMarginTop"></Label>
                            <TextArea value="{oDataModel>/shippingInfoDto/paymentTermsComments}" enabled="{oEnableMdl>/paymentTermsEnb}" visible="{=${oDataModel>/shippingInfoDto/isPaymentTermsAgreed} === false}"  liveChange="fnLiveInputValueChange" valueState="{oErrorModel>/paymentTermCmtE}" valueStateText="{oErrorModel>/paymentTermCmtM}" width="50%" maxLength="255" class="inputStyle sapUiSizeCompact sapUiTinyMarginBegin sapUiTinyMarginBottom">
                        </TextArea>
            </VBox>
		</content>
		<layoutData>
			<FlexItemData minWidth="100%"/>
		</layoutData>
	</Panel>
	<Panel width="100%"  visible="{=${oDataModel>/bankDto/isbankdetailsHidden}=== true? false: true}" class="sapUiTinyMarginTop panelPadding panelBorderPreview">
		<content>
        <VBox visible="{oUserModel>/isNew}" class="fontStyle sapUiSizeCompact">
         <Label required="true" visible="{oUserModel>/isNew}" labelFor="isSCFC1" text="{= ${oVisibilityModel>/isdefaultLan}?${oi18n_En>bankInformation2}:${oi18n_En>bankInformation2} +'/&#160;' +${i18n>bankInformation2}}" wrapping="true" class="fontStyle sapUiTinyMarginTop sapUiTinyMarginBegin"/>
        <RadioButtonGroup id="isSCFC1" visible="{oUserModel>/isNew}" editable="{oUserModel>/isNew}" class="inputStyle" columns="2" selectedIndex="{=${oDataModel>/bankDto/isBankProvided} === true? 0 :(${oDataModel>/bankDto/isBankProvided}=== false ?1: -1)}"  valueState="{oErrorModel>/isBankProvidedE}" enabled="{oEnableMdl>/bankInformationEnb}" select="fnSelectIsBankInfoProvided">
			<RadioButton text="{= ${oVisibilityModel>/isdefaultLan}?${oi18n_En>yes}:${oi18n_En>yes} +'/&#160;' +${i18n>yes}}" selected="{oDataModel>/bankDto/isBankProvided}"></RadioButton>
			<RadioButton text="{= ${oVisibilityModel>/isdefaultLan}?${oi18n_En>no}:${oi18n_En>no} +'/&#160;' +${i18n>no}}" select="fnSelectionChange"></RadioButton>
		</RadioButtonGroup>
          </VBox>
          <Panel expandable="true" expanded="{oVisibilityModel>/bankAccuityPanel}" width="auto" class="sapUiTinyMarginTop panelPadding" visible="{=${oDataModel>/bankDto/isBankProvided}=== true || ${oUserModel>/isNew} === false}">
        <headerToolbar>
            <Toolbar class="cl_VRHeaderBackGrndPnl">
                    <Text text="{i18n>SearchBank}" class="fontBold sapUiTinyMarginBegin"/>
                    <ToolbarSpacer/>
                    <Button text="{i18n>BSAClear}" press="fnClearBankSearch" class="cl_VRActnBtnClear" visible="{oVisibilityModel>/bankAccuityPanel}"/>
                    <Button text="{i18n>Search}" press="fnSearchAccuityBank" class="cl_VRActnBtnApply sapUiSmallMarginEnd" visible="{oVisibilityModel>/bankAccuityPanel}"/>
                </Toolbar>
            </headerToolbar> 
            <Label text="{i18n>BankSearchMsg}" class="fontStyle sapUiTinyMarginBegin" wrapping="true"/>
            <l:Grid defaultSpan="XL2 L2 M2 S12" class="sapUiSizeCompact sapUiSmallMarginTop">
                <VBox class="VRVboxStyle1">
                    <Label text="{i18n>BSACountry}" required="true" ></Label>
                            <ComboBox width="95%" items="{oLookUpModel>/Country}"  autocomplete="false" valueState="{oErrorModel>/bankSearchCountryE}" valueStateText="{oErrorModel>/bankSearchCountryM}"
                                filterSecondaryValues="true" showSecondaryValues="true" selectedKey="{bankSearchModel>/banksearchParam/bankCountry}" selectionChange="fnChangeBankSearchCountry"
                                class="inputStyle"  required="true">
                                <core:ListItem key="{oLookUpModel>code}" text="{oLookUpModel>description}" additionalText="{oLookUpModel>code}"/>
                            </ComboBox>
                </VBox>
                <VBox class="VRVboxStyle1">	
                    <Label text="{i18n>BSANumberOrSwift}" ></Label>
                    <Input value="{bankSearchModel>/banksearchParam/bankCode}" valueState="{oErrorModel>/bankSearchCodeE}" valueStateText="{oErrorModel>/bankSearchCodeM}" change="fnChangeBankCode" class="inputStyle"></Input>
                </VBox>	
                <VBox class="VRVboxStyle1">	
                    <Label text="{i18n>BSABankName}"  required="{oVisibilityModel>/bankNameSearchMandate}"></Label>
                    <Input value="{bankSearchModel>/banksearchParam/bankName}" valueState="{oErrorModel>/bankSearchNameE}" valueStateText="{oErrorModel>/bankSearchNameM}" change="fnLiveInputValueChange" class="inputStyle"></Input>
                </VBox>
                <VBox class="VRVboxStyle1">	
                    <Label text="{i18n>BSABranch}" ></Label>
                    <Input value="{bankSearchModel>/banksearchParam/bankBranch}" valueState="{oErrorModel>/bankSearchBranchE}" valueStateText="{oErrorModel>/bankSearchBranchM}" change="fnInputSpaceCheck" class="inputStyle"></Input>
                </VBox>
                <VBox class="VRVboxStyle1">	
                    <Label text="{i18n>BSACity}" ></Label>
                    <Input value="{bankSearchModel>/banksearchParam/bankCity}" valueState="{oErrorModel>/bankSearchCityE}" valueStateText="{oErrorModel>/bankSearchCityM}" change="fnInputSpaceCheck" class="inputStyle"></Input>
                </VBox>			
            </l:Grid>
            <t:Table id="accuityBankTable" class="sapUiSizeCompact cl_AccuityTable"   alternateRowColors="true" selectionMode="MultiToggle" enableSelectAll="false" rowSelectionChange="fnSelectBankInfo" selectionBehavior="RowSelector" rows="{bankDataModel>/bankDto}" visibleRowCount="5">
                    <t:extension>
                        <OverflowToolbar style="Clear">
                            <Title text="{i18n>searchResults}"/>
                            <ToolbarSpacer/>
                            
                        </OverflowToolbar>
                        <OverflowToolbar design="Info" height="1.5rem" class="bankAccuityInfoBar">
                            <Text  text="{i18n>selectandconfirmBank}"/>
                        </OverflowToolbar>
                        <!-- <MessageStrip
                            text="Filtered By:"
                            type="Information"
                            showCloseButton="true"
                            showIcon="false">
                        </MessageStrip> -->
                    </t:extension>
                    <t:columns>
                        <!-- <t:Column>
                            <Label text="" ></Label>
                            <t:template>
                                
                                    <RadioButton select="fnSelectBankInfo"/>
                                
                            </t:template>    
                        </t:Column> -->
                        <t:Column width="8rem">
                            <Label text="{i18n>BSACountry}" class="cl_VRLablCls "></Label>
                            <t:template>
                                <Text text="{bankDataModel>bankCountry}" wrapping="true" class="cl_ListNameClass"/>
                            </t:template>    
                        </t:Column>
                        <t:Column width="18rem">
                            <Label text="{i18n>BSABankName}" class="cl_VRLablCls "></Label>
                            <t:template>
                                <Text text="{bankDataModel>bankName}" wrapping="true" />
                            </t:template>
                        </t:Column>
                        <t:Column width="10rem">
                            <Label text="{i18n>BSABranch}" class="cl_VRLablCls "></Label>
                            <t:template>
                                <Text text="{bankDataModel>bankBranch}" wrapping="true" />
                            </t:template>
                        </t:Column>
                        <t:Column width="10rem">
                            <Label text="{i18n>BSAAddress}" class="cl_VRLablCls "></Label>
                            <t:template>
                                <Text text="{bankDataModel>bankStreet}" wrapping="true" />
                            </t:template>
                        </t:Column>
                        <t:Column width="8rem">
                            <Label text="{i18n>BSACity}" class="cl_VRLablCls "></Label>
                            <t:template>
                                <Text text="{bankDataModel>bankCity}" wrapping="true" />
                            </t:template>
                        </t:Column>
                        <t:Column width="8rem">
                            <Label text="{i18n>BSAState}" class="cl_VRLablCls "></Label>
                            <t:template>
                                <Text text="{bankDataModel>bankState}" wrapping="true" />
                            </t:template>
                        </t:Column>
                        <t:Column width="7rem" >
                            <Label text="{i18n>BSABankNum}" class="cl_VRLablCls "></Label>
                            <t:template>
                                <Text text="{bankDataModel>bankNumber}" />
                            </t:template>
                        </t:Column>
                        <t:Column width="8rem">
                            <Label text="{i18n>BSASwift}" class="cl_VRLablCls "></Label>
                            <t:template>
                                <Text text="{bankDataModel>swiftCode}"/>
                            </t:template>
                        </t:Column>
                        <t:Column width="10rem">
                            <Label text="{i18n>BSALocalName}" class="cl_VRLablCls "></Label>
                            <t:template>
                                <Text text="{bankDataModel>localName}" wrapping="true" />
                            </t:template>
                        </t:Column>
                        <t:Column width="10rem">
                            <Label text="{i18n>BSALocalBranch}" class="cl_VRLablCls "></Label>
                            <t:template>
                                <Text text="{bankDataModel>localBranch}" wrapping="true" />
                            </t:template>
                        </t:Column>
                        <t:Column width="10rem">
                            <Label text="{i18n>BSALocalAddress}" class="cl_VRLablCls "></Label>
                            <t:template>
                                <Text text="{bankDataModel>localAddress}" wrapping="true" />
                            </t:template>
                        </t:Column>
                        <t:Column width="10rem">
                            <Label text="{i18n>BSALocalCity}" class="cl_VRLablCls "></Label>
                            <t:template>
                                <Text text="{bankDataModel>localCity}" wrapping="true" />
                            </t:template>
                        </t:Column>
                    </t:columns>
                    
                </t:Table>
               
                <Toolbar class="sapUiSizeCompact">
                        <!-- <Text text="{i18n>selectandconfirmBank}" class="sapUiTinyMarginBegin fontStyleBlue"/> -->
                         <RadioButton text="{i18n>bankNotDisplayed}" class="sapUiTinyMarginTop"  select="fnSelectManualBankEntry" selected="{bankSearchModel>/isManualEntry}"/>
                        <ToolbarSpacer></ToolbarSpacer>
                        
                        <Button text="{i18n>Confirm}" press="fnConfirmBankInfo" class="cl_VRActnBtnApply sapUiSmallMarginEnd"/>
				</Toolbar>
                <!-- <VBox class="sapUiTinyMarginTop">
                    <Label text="{i18n>bankNotDisplayed}" wrapping="true" class="fontStyle fontStyleItalic " /> 
                    <Button text="{i18n>ManualEntry}" press="fnManualBankInfoEntry" class="cl_VRActnBtnApply"/>   
                </VBox> -->
        </Panel>
          <!-- <VBox>
            <Label visible="{oUserModel>/isNew}" text="{= ${oVisibilityModel>/isdefaultLan}?${oi18n_En>provideBankDetails}:${oi18n_En>provideBankDetails} +'/&#160;' +${i18n>provideBankDetails}}" wrapping="true" class="fontBold sapUiTinyMarginTop sapUiTinyMarginBegin sapUiTinyMarginBottom"/>
             <Label visible="{=${oUserModel>/isNew} &amp;&amp; !${oVisibilityModel>/bankValidation/bankCountry}}" text="{= ${oVisibilityModel>/isdefaultLan}?${oi18n_En>paymentMethodOptionalMsg}:${oi18n_En>paymentMethodOptionalMsg} +'/&#160;' +${i18n>paymentMethodOptionalMsg}}" wrapping="true" class="fontStyleBlue sapUiTinyMarginTop sapUiTinyMarginBegin sapUiTinyMarginBottom"/>
            </VBox> -->
            <Label visible="{=!${oUserModel>/isNew}}" text="{= ${oVisibilityModel>/isdefaultLan}?${oi18n_En>existingBankDetails}:${oi18n_En>existingBankDetails} +'/&#160;' +${i18n>existingBankDetails}}" wrapping="true" class="fontBold sapUiTinyMarginTop sapUiTinyMarginBegin sapUiTinyMarginBottom"/>
			<!-- <CheckBox selected="{oDataModel>/bankDto/isBankProvided}" text="{= ${oVisibilityModel>/isdefaultLan}?${oi18n_En>bankInformation2}:${oi18n_En>bankInformation2} +'/&#160;' + ${i18n>bankInformation2}}" class="fontBold inputStyle sapUiTinyMarginBottom"/> -->
			<l:Grid visible="{=${oDataModel>/bankDto/isBankProvided}=== true || ${oUserModel>/isNew} === false}" containerQuery="true" defaultSpan="XL3 L3 M4 S12" class="gridSpacing sapUiSizeCompact sapUiNoContentPadding sapUiTinyMarginTop">
			<VBox  class="fontStyle">
					<Label wrapping="true" text="{= ${oVisibilityModel>/isdefaultLan}?${oi18n_En>bankCountry}:${oi18n_En>bankCountry}+ '&#10;' +${i18n>bankCountry}}" required="true"></Label>
					<ComboBox width="100%" enabled="{=${oVisibilityModel>/_FinanceReviewEdit} &amp;&amp; ${oVisibilityModel>/manualBankInfoEdit}}"  items="{oLookUpModel>/Country}" showSecondaryValues="true" filterSecondaryValues="true" selectedKey="{oDataModel>/bankDto/bankInfoDto/0/bankCountry}" editable="{oUserModel>/isNew}" valueState="{oErrorModel>/bankCountryE}" valueStateText="{oErrorModel>/bankCountryM}"  selectionChange="fnLiveValueBankInput" class="inputStyle">
                     <core:ListItem key="{oLookUpModel>code}" text="{oLookUpModel>description}" additionalText="{oLookUpModel>code}"/></ComboBox>
				</VBox>
            	<VBox  class="fontStyle">
					<Label text="{= ${oVisibilityModel>/isdefaultLan}?${oi18n_En>bankName}:${oi18n_En>bankName}+ '&#10;' +${i18n>bankName}}" wrapping="true" required="{oVisibilityModel>/bankValidation/bankName}"></Label>
					<Input valueLiveUpdate="true" maxLength="61" editable="{oUserModel>/isNew}" enabled="{=${oVisibilityModel>/_FinanceReviewEdit} &amp;&amp; ${oVisibilityModel>/manualBankInfoEdit} &amp;&amp; (${oDataModel>/shippingInfoDto/paymentCurrency} &amp;&amp; ${oDataModel>/bankDto/bankInfoDto/0/bankCountry}? true: false)}" value="{oDataModel>/bankDto/bankInfoDto/0/bankName}" valueState="{oErrorModel>/bankNameE}" valueStateText="{oErrorModel>/bankNameM}" liveChange="fnLiveInputValueChange" required="true" class="inputStyle"></Input>
				</VBox>
				  <VBox class="fontStyle">
					<Label text="{= ${oVisibilityModel>/isdefaultLan}?${oi18n_En>bankAddr}:${oi18n_En>bankAddr}+ '&#10;' +${i18n>bankAddr}}"  wrapping="true" required="{oVisibilityModel>/bankValidation/bankStreet}"></Label>
					<Input valueLiveUpdate="true" maxLength="36" editable="{oUserModel>/isNew}" enabled="{=${oVisibilityModel>/_FinanceReviewEdit} &amp;&amp; ${oVisibilityModel>/manualBankInfoEdit} &amp;&amp; (${oDataModel>/shippingInfoDto/paymentCurrency} &amp;&amp; ${oDataModel>/bankDto/bankInfoDto/0/bankCountry}? true: false)}" value="{oDataModel>/bankDto/bankInfoDto/0/bankAddress}" valueState="{oErrorModel>/bankAddrE}" valueStateText="{oErrorModel>/bankAddrM}" liveChange="fnLiveInputValueChange" required="true" class="inputStyle"></Input>
				</VBox>
                <VBox class="fontStyle">
					<Label text="{= ${oVisibilityModel>/isdefaultLan}?${oi18n_En>bankCity}:${oi18n_En>bankCity}+ '&#10;' +${i18n>bankCity}}" wrapping="true" required="{oVisibilityModel>/bankValidation/bankCity}"></Label>
					<Input valueLiveUpdate="true" maxLength="36" editable="{oUserModel>/isNew}" enabled="{=${oVisibilityModel>/_FinanceReviewEdit} &amp;&amp; ${oVisibilityModel>/manualBankInfoEdit} &amp;&amp; (${oDataModel>/shippingInfoDto/paymentCurrency} &amp;&amp; ${oDataModel>/bankDto/bankInfoDto/0/bankCountry}? true: false)}" value="{oDataModel>/bankDto/bankInfoDto/0/bankCity}" valueState="{oErrorModel>/bankCityE}" valueStateText="{oErrorModel>/bankCityM}" liveChange="fnLiveInputValueChange" class="inputStyle"></Input>
				</VBox>
				<VBox  class="fontStyle">
					<Label text="{= ${oVisibilityModel>/isdefaultLan}?${oi18n_En>state}:${oi18n_En>state}+ '&#10;' +${i18n>state}}" wrapping="true" required="false"></Label>
				  <ComboBox width="100%" items="{oLookUpModel>/BankRegion}" filterSecondaryValues="true" showSecondaryValues="true"  editable="{oUserModel>/isNew}" enabled="{=${oVisibilityModel>/_FinanceReviewEdit} &amp;&amp; ${oVisibilityModel>/manualBankInfoEdit} &amp;&amp; (${oDataModel>/shippingInfoDto/paymentCurrency} &amp;&amp; ${oDataModel>/bankDto/bankInfoDto/0/bankCountry}? true: false)}" selectedKey="{oDataModel>/bankDto/bankInfoDto/0/bankState}"  placeholder="{i18n>select}" valueState="{oErrorModel>/bankStateE}" valueStateText="{oErrorModel>/bankStateM}" selectionChange="fnLiveValueChange" required="true" class="inputStyle">
                  <core:ListItem key="{oLookUpModel>code}" text="{oLookUpModel>description}" additionalText="{oLookUpModel>code}"/>
                  </ComboBox>
                   <Text text="{= ${oVisibilityModel>/isdefaultLan}?${oi18n_En>selectNAText}:${oi18n_En>selectNAText}+ '&#10;' +${i18n>selectNAText}}" textAlign="End" class="disabledFontClr"/>
                </VBox>
				
				<VBox class="fontStyle">
					<Label wrapping="true" text="{= ${oVisibilityModel>/isdefaultLan}?${oi18n_En>bankBranch}:${oi18n_En>bankBranch}+ '&#10;' +${i18n>bankBranch}}"  required="{oVisibilityModel>/bankValidation/bankBranch}"></Label>
					<Input valueLiveUpdate="true" maxLength="41" editable="{oUserModel>/isNew}" enabled="{=${oVisibilityModel>/_FinanceReviewEdit} &amp;&amp; ${oVisibilityModel>/manualBankInfoEdit} &amp;&amp; (${oDataModel>/shippingInfoDto/paymentCurrency} &amp;&amp; ${oDataModel>/bankDto/bankInfoDto/0/bankCountry}? true: false)}" value="{oDataModel>/bankDto/bankInfoDto/0/bankBranch}"  valueState="{oErrorModel>/bankBranchE}" valueStateText="{oErrorModel>/bankBranchM}" liveChange="fnRemoveSpace" change="fnInputBankAccNumber" required="true" class="inputStyle"></Input>
				</VBox>
                <VBox  class="fontStyle">
					<Label text="{= ${oVisibilityModel>/isdefaultLan}?${oi18n_En>swift}:${oi18n_En>swift}+ '&#10;' +${i18n>swift}}" wrapping="true" required="{oVisibilityModel>/bankValidation/swiftCode}"></Label>
					<Input valueLiveUpdate="true" maxLength="12" editable="{oUserModel>/isNew}" enabled="{=${oVisibilityModel>/_FinanceReviewEdit} &amp;&amp; ${oVisibilityModel>/manualBankInfoEdit} &amp;&amp; (${oDataModel>/shippingInfoDto/paymentCurrency} &amp;&amp; ${oDataModel>/bankDto/bankInfoDto/0/bankCountry}? true: false)}" value="{oDataModel>/bankDto/bankInfoDto/0/swiftCode}" valueState="{oErrorModel>/bankSwiftE}" valueStateText="{oErrorModel>/bankSwiftM}" liveChange="fnLiveInputValueChange" required="true" class="inputStyle"></Input>
				</VBox>
                <VBox class="fontStyle">
					<Label tooltip="{oi18n_En>bankNumTT}" text="{= ${oVisibilityModel>/isdefaultLan}?${oi18n_En>bankNum}:${oi18n_En>bankNum} + '&#10;' +${i18n>bankNum}}" wrapping="true" required="{oVisibilityModel>/bankValidation/bankNumber}"></Label>
					<Input valueLiveUpdate="true" maxLength="16" enabled="{=${oVisibilityModel>/_FinanceReviewEdit} &amp;&amp; ${oVisibilityModel>/manualBankInfoEdit} &amp;&amp; (${oDataModel>/shippingInfoDto/paymentCurrency} &amp;&amp; ${oDataModel>/bankDto/bankInfoDto/0/bankCountry}? true: false)}" value="{oDataModel>/bankDto/bankInfoDto/0/bankNumber}" valueState="{oErrorModel>/bankNumE}" valueStateText="{oErrorModel>/bankNumM}" editable="{oUserModel>/isNew}" liveChange="fnLiveInputValueChange" class="inputStyle"></Input>
				</VBox>
               
                
                <VBox class="fontStyle" >
                    <HBox>
					    <Label text="{= ${oVisibilityModel>/isdefaultLan}?${oi18n_En>accHolderName}:${oi18n_En>accHolderName}+ '&#10;' +${i18n>accHolderName}}" wrapping="true" required="{oVisibilityModel>/bankValidation/benificiaryAccHolderName}"></Label>
                    </HBox>
					<Input valueLiveUpdate="true" maxLength="61" enabled="{=${oVisibilityModel>/_FinanceReviewEdit} &amp;&amp; (${oDataModel>/shippingInfoDto/paymentCurrency} &amp;&amp; ${oDataModel>/bankDto/bankInfoDto/0/bankCountry}? true: false)}" value="{oDataModel>/bankDto/bankInfoDto/0/benefAccHolderName}" editable="{oUserModel>/isNew}" valueState="{oErrorModel>/benifAccHNameE}" valueStateText="{oErrorModel>/benifAccHNameM}" liveChange="fnLiveInputValueChange" required="true" class="inputStyle"></Input>
                    <layoutData>
                               <l:GridData linebreak = "true"></l:GridData>
                    </layoutData>
				</VBox>
				<VBox  class="fontStyle">
					<Label text="{= ${oVisibilityModel>/isdefaultLan}?${oi18n_En>bankAccNum}:${oi18n_En>bankAccNum}+ '&#10;' +${i18n>bankAccNum}}" wrapping="true" required="{oVisibilityModel>/bankValidation/benificiaryAccountNumber}"></Label>
					<Input valueLiveUpdate="true" maxLength="19" enabled="{=${oVisibilityModel>/_FinanceReviewEdit} &amp;&amp; (${oDataModel>/shippingInfoDto/paymentCurrency} &amp;&amp; ${oDataModel>/bankDto/bankInfoDto/0/bankCountry}? true: false)}" value="{oDataModel>/bankDto/bankInfoDto/0/bankAccNum}" editable="{oUserModel>/isNew}" valueState="{oErrorModel>/bankAccNumE}" valueStateText="{oErrorModel>/bankAccNumM}" liveChange="fnRemoveSpace" change="fnInputConfirmBankAccNumber1" required="true" class="inputStyle">
                    </Input>
				</VBox>
                <VBox  class="fontStyle">
                    <Label text="{= ${oVisibilityModel>/isdefaultLan}?${oi18n_En>confirmBankAccNum}:${oi18n_En>bankAccNum}+ '&#10;' +${i18n>bankAccNum}}" wrapping="true" required="{oVisibilityModel>/bankValidation/benificiaryAccountNumber}"></Label>
					<Input valueLiveUpdate="true" maxLength="19" id="bankAccNumConfirmField" enabled="{=${oVisibilityModel>/_FinanceReviewEdit} &amp;&amp; (${oDataModel>/shippingInfoDto/paymentCurrency} &amp;&amp; ${oDataModel>/bankDto/bankInfoDto/0/bankCountry}? true: false)}" value="{oDataModel>/bankDto/bankInfoDto/0/bankAccNumConfirm}" editable="{oUserModel>/isNew}" valueState="{oErrorModel>/bankAccNumConfirmE}" valueStateText="{oErrorModel>/bankAccNumConfirmM}" liveChange="fnRemoveSpace"  change="fnInputConfirmBankAccNumber" required="true" class="inputStyle">
                    </Input>
				</VBox>
                 <VBox  class="fontStyle">
					<Label tooltip="{oi18n_En>refDetTT}" text="{= ${oVisibilityModel>/isdefaultLan}?${oi18n_En>refDetails}:${oi18n_En>refDetails}+ '&#10;' +${i18n>refDetails}}" wrapping="true" required="{oVisibilityModel>/bankValidation/referenceDetails}"></Label>
					<Input valueLiveUpdate="true" maxLength="21" editable="{oUserModel>/isNew}" enabled="{=${oVisibilityModel>/_FinanceReviewEdit} &amp;&amp; (${oDataModel>/shippingInfoDto/paymentCurrency} &amp;&amp; ${oDataModel>/bankDto/bankInfoDto/0/bankCountry}? true: false)}" value="{oDataModel>/bankDto/bankInfoDto/0/refBankDetails}" valueState="{oErrorModel>/bankRefE}" valueStateText="{oErrorModel>/bankRefM}" liveChange="fnLiveInputValueChange" class="inputStyle"></Input>
				</VBox>
                
				<VBox class="fontStyle">
					<Label text="{= ${oVisibilityModel>/isdefaultLan}?${oi18n_En>iban}:${oi18n_En>iban} + '&#10;' +${i18n>iban}}" wrapping="true" required="{oVisibilityModel>/bankValidation/iban}"></Label>
					<Input valueLiveUpdate="true" maxLength="{oVisibilityModel>/bankValidation/ibanLength}"  enabled="{=${oVisibilityModel>/_FinanceReviewEdit} &amp;&amp; (${oDataModel>/shippingInfoDto/paymentCurrency} &amp;&amp; ${oDataModel>/bankDto/bankInfoDto/0/bankCountry}? true: false)}" value="{oDataModel>/bankDto/bankInfoDto/0/ibanNum}" editable="{oUserModel>/isNew}" valueState="{oErrorModel>/ibanE}" valueStateText="{oErrorModel>/ibanM}" liveChange="fnRemoveSpace" change="fnInputConfirmIban1" class="inputStyle"></Input>
				</VBox>
                <VBox class="fontStyle">
					<Label text="{= ${oVisibilityModel>/isdefaultLan}?${oi18n_En>ibanConfirm}:${oi18n_En>ibanConfirm} + '&#10;' +${i18n>ibanConfirm}}" wrapping="true" required="{oVisibilityModel>/bankValidation/iban}"></Label>
					<Input valueLiveUpdate="true" maxLength="{oVisibilityModel>/bankValidation/ibanLength}" id="ibanConfirmField" enabled="{=${oVisibilityModel>/_FinanceReviewEdit} &amp;&amp; (${oDataModel>/shippingInfoDto/paymentCurrency} &amp;&amp; ${oDataModel>/bankDto/bankInfoDto/0/bankCountry}? true: false)}" value="{oDataModel>/bankDto/bankInfoDto/0/ibanNumConfirm}" editable="{oUserModel>/isNew}" valueState="{oErrorModel>/ibanConfirmE}" valueStateText="{oErrorModel>/ibanConfirmM}" liveChange="fnRemoveSpace"  change="fnInputConfirmIban" class="inputStyle"></Input>
				</VBox>
				<VBox  class="fontStyle">
					<Label text="{= ${oVisibilityModel>/isdefaultLan}?${oi18n_En>bankKey}:${oi18n_En>bankKey}+ '&#10;' +${i18n>bankKey}}" wrapping="true" required="{oVisibilityModel>/bankValidation/bankKey}"></Label>
					<Input valueLiveUpdate="true" maxLength="5" enabled="{=${oVisibilityModel>/_SupplierBankEdit} &amp;&amp; (${oDataModel>/shippingInfoDto/paymentCurrency} &amp;&amp; ${oDataModel>/bankDto/bankInfoDto/0/bankCountry}? true: false)}" value="{oDataModel>/bankDto/bankInfoDto/0/bankCode}" editable="{oUserModel>/isNew}"  liveChange="fnLiveInputValueChange" class="inputStyle"></Input>
				<layoutData>
                <l:GridData visibleS="false" visibleM="false" visibleL="false" visibleXL="false"></l:GridData></layoutData>
                </VBox>
                <VBox  class="fontStyle">
					<Label text="{= ${oVisibilityModel>/isdefaultLan}?${oi18n_En>bankPKey}:${oi18n_En>bankPKey}+ '&#10;' +${i18n>bankPKey}}" wrapping="true" required="{oVisibilityModel>/bankValidation/benificiaryAccCurrency}"></Label>
					<!-- <Input maxLength="5" enabled="{oVisibilityModel>/_FinanceReviewEdit}" value="{oDataModel>/bankDto/bankInfoDto/0/partnerBankType}" liveChange="fnLiveInputValueChange" class="inputStyle"></Input> -->
				<ComboBox width="100%"  items="{path: 'oLookUpModel>/Currency', sorter:{path:'code'}}"  showSecondaryValues="true" filterSecondaryValues="true" valueState="{oErrorModel>/benifAccCurrE}" valueStateText="{oErrorModel>/benifAccCurrM}" editable="{oUserModel>/isNew}"  selectionChange="fnLiveValueChange" selectedKey="{oDataModel>/bankDto/bankInfoDto/0/partnerBankType}" enabled="{=${oVisibilityModel>/_FinanceReviewEdit} &amp;&amp; (${oDataModel>/shippingInfoDto/paymentCurrency} &amp;&amp; ${oDataModel>/bankDto/bankInfoDto/0/bankCountry}? true: false)}" placeholder="{i18n>select}" class="inputStyle">
                     <core:ListItem key="{oLookUpModel>code}" text="{oLookUpModel>code}" additionalText="{oLookUpModel>description}"/></ComboBox>
                </VBox>
				
				<!-- <VBox>
					<Label text="{i18n>clabe}" class="fontStyle"></Label>
					<Input ></Input>
				</VBox>
				<VBox>
					<Label text="{i18n>aba}" class="fontStyle"></Label>
					<Input ></Input>
				</VBox>
				<VBox>
					<Label text="{i18n>achAbaNo}" class="fontStyle"></Label>
					<Input ></Input>
				</VBox> -->
				
              
				<VBox  class="fontStyle">
					<Label tooltip="{oVisibilityModel>/bankValidation/bankControlKeyDigitsLogic}" wrapping="true" text="{= ${oVisibilityModel>/isdefaultLan}?${oi18n_En>bankCtrlKey}:${oi18n_En>bankCtrlKey} + '&#10;' +${i18n>bankCtrlKey}}" required="{oVisibilityModel>/bankValidation/bankControlKey}"></Label>
					<Input valueLiveUpdate="true" maxLength="3" enabled="{=${oVisibilityModel>/_FinanceReviewEdit} &amp;&amp; (${oDataModel>/shippingInfoDto/paymentCurrency} &amp;&amp; ${oDataModel>/bankDto/bankInfoDto/0/bankCountry}? true: false)}" value="{oDataModel>/bankDto/bankInfoDto/0/bankControlKey}" editable="{oUserModel>/isNew}" valueState="{oErrorModel>/bankCtrlKeyE}" valueStateText="{oErrorModel>/bankCtrlKeyM}"  liveChange="fnLiveInputValueChange" class="inputStyle"></Input>
                   <layoutData>
                <l:GridData visibleS="false" visibleM="false" visibleL="false" visibleXL="false"></l:GridData></layoutData>
				</VBox>
				<VBox class="fontStyle">
					<Label wrapping="true" text="{= ${oVisibilityModel>/isdefaultLan}?${oi18n_En>instKey}:${oi18n_En>instKey}+ '&#10;' +${i18n>instKey}}" required="{oVisibilityModel>/bankValidation/instructionKey}"></Label>
					<Input valueLiveUpdate="true" enabled="{=${oVisibilityModel>/_SupplierBankEdit} &amp;&amp; (${oDataModel>/shippingInfoDto/paymentCurrency} &amp;&amp; ${oDataModel>/bankDto/bankInfoDto/0/bankCountry}? true: false)}" editable="{oUserModel>/isNew}" value="{parts:['oLookUpModel>/InstructionKey','oDataModel>/bankDto/bankInfoDto/0/instructionKey'], formatter: 'com.jabil.surveyform.formatter.formatter.fnFetchDescription'}" liveChange="fnLiveInputValueChange" class="inputStyle"></Input>
                     <!-- <Text text="{= ${oVisibilityModel>/isdefaultLan}?${oi18n_En>instKeyHint}:${oi18n_En>instKeyHint}+ '&#10;' +${i18n>instKeyHint}}" textAlign="End" class="disabledFontClr"/> -->
				</VBox>
                
			</l:Grid>
            <l:Grid visible="{=${oDataModel>/bankDto/isBankProvided}=== true || ${oUserModel>/isNew} === false}" containerQuery="true" defaultSpan="XL2 L2 M4 S12" class="gridSpacing sapUiSizeCompact sapUiNoContentPadding sapUiTinyMarginTop">
                 <VBox  class="fontStyle">
					<Label text="{= ${oVisibilityModel>/isdefaultLan}?${oi18n_En>bankNameLocal}:${oi18n_En>bankNameLocal}+ '&#10;' +${i18n>bankNameLocal}}" wrapping="true"></Label>
					<Input maxLength="61"  enabled="{=${oVisibilityModel>/_FinanceReviewEdit} &amp;&amp; ${oVisibilityModel>/manualBankInfoEdit} &amp;&amp; (${oDataModel>/shippingInfoDto/paymentCurrency} &amp;&amp; ${oDataModel>/bankDto/bankInfoDto/0/bankCountry}? true: false)}" value="{oDataModel>/bankDto/bankInfoDto/0/localName}" liveChange="fnLiveInputValueChange" class="inputStyle"></Input>
                </VBox>
                <VBox  class="fontStyle">
					<Label text="{= ${oVisibilityModel>/isdefaultLan}?${oi18n_En>bankAddrLocal}:${oi18n_En>bankAddrLocal}+ '&#10;' +${i18n>bankAddrLocal}}" wrapping="true"></Label>
					<Input maxLength="36" enabled="{=${oVisibilityModel>/_FinanceReviewEdit} &amp;&amp; ${oVisibilityModel>/manualBankInfoEdit} &amp;&amp; (${oDataModel>/shippingInfoDto/paymentCurrency} &amp;&amp; ${oDataModel>/bankDto/bankInfoDto/0/bankCountry}? true: false)}" value="{oDataModel>/bankDto/bankInfoDto/0/localAddress}" liveChange="fnLiveInputValueChange" class="inputStyle"></Input>
				</VBox>
                <VBox  class="fontStyle">
					<Label text="{= ${oVisibilityModel>/isdefaultLan}?${oi18n_En>bankCityLocal}:${oi18n_En>bankCityLocal}+ '&#10;' +${i18n>bankCityLocal}}" wrapping="true"></Label>
					<Input maxLength="36" enabled="{=${oVisibilityModel>/_FinanceReviewEdit} &amp;&amp; ${oVisibilityModel>/manualBankInfoEdit} &amp;&amp; (${oDataModel>/shippingInfoDto/paymentCurrency} &amp;&amp; ${oDataModel>/bankDto/bankInfoDto/0/bankCountry}? true: false)}" value="{oDataModel>/bankDto/bankInfoDto/0/localCity}" liveChange="fnLiveInputValueChange" class="inputStyle"></Input>
				</VBox>
                <VBox  class="fontStyle">
					<Label text="{= ${oVisibilityModel>/isdefaultLan}?${oi18n_En>bankBranchLocal}:${oi18n_En>bankBranchLocal}+ '&#10;' +${i18n>bankBranchLocal}}" wrapping="true"></Label>
					<Input maxLength="41" enabled="{=${oVisibilityModel>/_FinanceReviewEdit} &amp;&amp; ${oVisibilityModel>/manualBankInfoEdit} &amp;&amp; (${oDataModel>/shippingInfoDto/paymentCurrency} &amp;&amp; ${oDataModel>/bankDto/bankInfoDto/0/bankCountry}? true: false)}" value="{oDataModel>/bankDto/bankInfoDto/0/localBranch}" liveChange="fnLiveInputValueChange" class="inputStyle"></Input>
				</VBox>
                <VBox class="fontStyle sapUiTinyMarginTop">
					<CheckBox enabled="false" text="{= ${oVisibilityModel>/isdefaultLan}?${oi18n_En>validated}:${oi18n_En>validated}+ '/ ' +${i18n>validated}}" selected="{path:'oDataModel>/bankDto/bankInfoDto/0/validationIndicator',formatter:'com.jabil.surveyform.formatter.formatter.fnBankInfoValidated'}" class=" sapUiTinyMarginTop fontStyle inputStyle" />
				</VBox>
            </l:Grid>
            <VBox class="sapUiSizeCompact">
                <Button visible="false" icon="sap-icon://add" text="{= ${oVisibilityModel>/isdefaultLan}?${oi18n_En>addMore}:${oi18n_En>addMore}+ '/&#160;' +${i18n>addMore}}" type="Transparent" iconFirst="true" press="" class="addMoreBtn"/>
            </VBox>
            
		<VBox>
            <VBox class="sapUiSizeCompact sapUiTinyMarginBegin" visible="{=${oDataModel>/bankDto/isBankProvided}===true &amp;&amp; ${oUserModel>/isNew}}">
                <CheckBox enabled="{oVisibilityModel>/_FinanceReviewEdit}" text="{= ${oVisibilityModel>/isdefaultLan}?${oi18n_En>interMBank}:${oi18n_En>interMBank}+ '/ ' +${i18n>interMBank}}" selected="{oDataModel>/bankDto/isIntermediateBankProvided}" class=" sapUiTinyMarginTop fontStyle inputStyle" />
                <HBox>	
                    <u:FileUploader fileType="doc,xls,pdf,jpeg,png,gif,docx,xlsx" typeMissmatch="fnHandleTypeMissmatch"  visible="{=${oDataModel>/bankDto/isIntermediateBankProvided} === true}" id="fileUploader_BIA" buttonOnly="true" iconOnly="true" icon="sap-icon://attachment" multiple="true"
                        useMultipart="true" change="fnOnFileUpload" sameFilenameAllowed="true" uploadComplete="fnOnUploadComplete" enabled="{=${oVisibilityModel>/_FinanceReviewEdit} === true ? (${oAttachmentList>/0/bankINDArray}.length === 0 ? true : false): false}"
                        class="sapUiSizeCompact sapUiTinyMarginTop sapUiTinyMarginBegin addMoreBtn paperClipOuter">
                            
                    </u:FileUploader>
                    <Label class="sapUiSmallMarginTop" required="{=${oDataModel>/bankDto/isIntermediateBankProvided} === true}"/>
                    <Text wrapping="true" class="sapUiSmallMarginTop sapUiTinyMarginbegin" visible="{=${oDataModel>/bankDto/isIntermediateBankProvided} === true}" text="{= ${oVisibilityModel>/isdefaultLan}?${oi18n_En>interMBankAttachVerbiage}:${oi18n_En>interMBankAttachVerbiage}+ '&#10;' +${i18n>interMBankAttachVerbiage}}"/>
                </HBox>
                <Label visible="{=${oDataModel>/bankDto/isIntermediateBankProvided} === true}" text="{= ${oVisibilityModel>/isdefaultLan}?${oi18n_En>docVerbiage}:${oi18n_En>docVerbiage}+ '/&#160;'+${i18n>docVerbiage}}" wrapping="true" class="fontStyleBlue sapUiTinyMarginTop sapUiTinyMarginBegin"/>
            </VBox>
			<HBox wrap="Wrap" visible="{=${oDataModel>/bankDto/isBankProvided} &amp;&amp; ${oUserModel>/isNew}}">	
                <g:GridList width="auto" items="{oAttachmentList>/0/bankINDArray}" growing="true" class="attachmentList1 sapUiSizeCompact addMoreBtn attachmentMargin sapUiSmallMarginBegin">
					<g:customLayout>
						<grid:GridResponsiveLayout>
							<grid:layoutS>
								<grid:GridSettings gridTemplateColumns="1fr" gridGap="1rem"/>
							</grid:layoutS>
							<grid:layoutM>
								<grid:GridSettings gridTemplateColumns="1fr 1fr" gridGap="1rem"/>
							</grid:layoutM>
							<grid:layoutL>
								<grid:GridSettings gridTemplateColumns="1fr 1fr 1fr" gridGap="1rem"/>
							</grid:layoutL>
							<grid:layoutXL>
								<grid:GridSettings gridTemplateColumns="1fr 1fr 1fr" gridGap="1rem"/>
							</grid:layoutXL>
						</grid:GridResponsiveLayout>
					</g:customLayout>
					<g:GridListItem>
						<HBox>
							<HBox width="90%" class="sapUiTinyMarginBegin sapUiSizeCompact">
								<core:Icon src="{path:'oAttachmentList>fileExt',formatter:'com.jabil.surveyform.formatter.formatter.mediaTypeformatter'}"
									class="attachmentIcon sapUiTinyMarginBegin sapUiTinyMarginTop sapUiTinyMarginBottom" size="2.5rem" color="#48639d"/>
								<VBox><Text text="{oAttachmentList>name}" class="sapUiTinyMarginBegin sapUiTinyMarginTop sapUiTinyMarginBottom sapUiLargeMarginEnd"/>
							<Text text="{oAttachmentList>fileSize}" class="sapUiTinyMarginBegin sapUiTinyMarginBottom sapUiLargeMarginEnd"/>
                            </VBox></HBox>
							<VBox alignItems="Center" class="sapUiTinyMarginEnd sapUiTinyMarginTop sapUiTinyMarginBottom">
								<core:Icon src="sap-icon://decline" class="docIconStyle" press="fnOnCancelAttachment"/>
								<core:Icon src="sap-icon://download" class="docIconStyle" press="fnOnDownlAttachment"/>
							</VBox>
						</HBox>
					</g:GridListItem>
				</g:GridList>
		
            </HBox>
   	</VBox>
     </content>
		<layoutData>
			<FlexItemData minWidth="100%"/>
		</layoutData>
	</Panel>
    <Panel width="100%" visible="{oUserModel>/isNew}" class="sapUiTinyMarginTop panelPadding">
        <content>
       <l:VerticalLayout width="100%" class="fontStyle sapUiSizeCompact" visible="{=${oDataModel>/bankDto/isbankdetailsHidden}=== true? false: true}">
       <Text text="{= ${oVisibilityModel>/isdefaultLan}?${oi18n_En>wizardStepFinancialInfo}:${oi18n_En>wizardStepFinancialInfo} +'/&#160;' + ${i18n>wizardStepFinancialInfo}}" class="fontBold sapUiTinyMarginBegin sapUiTinyMarginBottom"/>
        <!-- <Text text="{= ${oVisibilityModel>/isdefaultLan}?${oi18n_En>financeVerbiage}:${oi18n_En>financeVerbiage} +'/&#160;' + ${i18n>financeVerbiage}}" class="fontBold fontStyleItalic sapUiTinyMarginBegin sapUiTinyMarginBottom"/> -->
        <Label  visible="{=${oDataModel>/bankDto/isBankProvided} === false || ${oDataModel>/bankDto/isBankProvided} === null}" text="{= ${oVisibilityModel>/isdefaultLan}?${oi18n_En>financeContact1}:${oi18n_En>financeContact1} +'/&#160;' + ${i18n>financeContact1}}"  class="inputStyle sapUiTinyMarginBegin fontStyleItalic sapUiTinyMarginBottom"/>
        <l:Grid containerQuery="true"  visible="{=${oDataModel>/bankDto/isBankProvided} === false || ${oDataModel>/bankDto/isBankProvided} === null}" defaultSpan="XL3 L3 M3 S12" class="gridSpacing sapUiSizeCompact sapUiTinyMarginTop sapUiTinyMarginBottom">
								<VBox>
									<!-- <Label text="{= ${oVisibilityModel>/isdefaultLan}?${oi18n_En>firstName}:${oi18n_En>firstName} +'&#10;' + ${i18n>firstName}}" class="fontStyle" required="true"></Label> -->
                                    <Label text="{i18n>firstName}" visible= "{oVisibilityModel>/isdefaultLan}" class="fontStyle" required="true" ></Label>
                                    <Label text="{oi18n_En>firstName}&#10;{i18n>firstName}" wrapping="true" visible= "{=!${oVisibilityModel>/isdefaultLan}}" required="true"></Label>
									 <Input valueLiveUpdate="true" maxLength="31" value="{oDataModel>/bankDto/financeContact1/firstName}" enabled="{oEnableMdl>/finance1FNameEnb}" valueState="{oErrorModel>/finance1FNameE}" valueStateText="{oErrorModel>/finance1FNameM}" liveChange="fnLiveInputAlphaValueChange" class="inputStyle"></Input> 
     
								</VBox>
								<VBox >
									<!-- <Label text="{= ${oVisibilityModel>/isdefaultLan}?${oi18n_En>lastName}:${oi18n_En>lastName} +'&#10;' + ${i18n>lastName}}" class="fontStyle" required="true"></Label> -->
                                     <Label text="{i18n>lastName}" visible= "{oVisibilityModel>/isdefaultLan}" class="fontStyle" required="true" ></Label>
                                    <Label text="{oi18n_En>lastName}&#10;{i18n>lastName}" wrapping="true" visible= "{=!${oVisibilityModel>/isdefaultLan}}" required="true"></Label>
									<Input valueLiveUpdate="true" maxLength="31" value="{oDataModel>/bankDto/financeContact1/lastName}" enabled="{oEnableMdl>/finance1LNameEnb}"  valueState="{oErrorModel>/finance1LNameE}" valueStateText="{oErrorModel>/finance1LNameM}" liveChange="fnLiveInputValueChange" class="inputStyle"></Input>
								
                                </VBox>
								<VBox >
									<!-- <Label text="{= ${oVisibilityModel>/isdefaultLan}?${oi18n_En>jobTitle}:${oi18n_En>jobTitle} +'&#10;' + ${i18n>jobTitle}}" class="fontStyle"></Label> -->
                                     <Label text="{i18n>jobTitle}" visible= "{oVisibilityModel>/isdefaultLan}" class="fontStyle" ></Label>
                                    <Label text="{oi18n_En>jobTitle}&#10;{i18n>jobTitle}" wrapping="true" visible= "{=!${oVisibilityModel>/isdefaultLan}}"></Label>
									<Input valueLiveUpdate="true" value="{oDataModel>/bankDto/financeContact1/jobTitle}" enabled="{oEnableMdl>/finance1jobTitleEnb}" valueState="{oErrorModel>/finance1JobTitleE}" valueStateText="{oErrorModel>/finance1JobTitleM}" liveChange="fnLiveInputValueChange" class="inputStyle"></Input>
								
                                </VBox>
								<VBox >
									<!-- <Label text="{= ${oVisibilityModel>/isdefaultLan}?${oi18n_En>eMail}:${oi18n_En>eMail} +'&#10;' + ${i18n>eMail}}" class="fontStyle" required="true"></Label> -->
                                     <Label text="{i18n>eMail}" visible= "{oVisibilityModel>/isdefaultLan}" class="fontStyle" required="true" ></Label>
                                    <Label text="{oi18n_En>eMail}&#10;{i18n>eMail}" wrapping="true" visible= "{=!${oVisibilityModel>/isdefaultLan}}" required="true"></Label>
									<Input valueLiveUpdate="true" maxLength="242" value="{oDataModel>/bankDto/financeContact1/email}" enabled="{oEnableMdl>/finance1eMailEnb}" valueState="{oErrorModel>/finance1EmailE}" valueStateText="{oErrorModel>/finance1EmailM}" liveChange="fnRemoveSpace" change="fnLiveEmailNotJValid" class="inputStyle"></Input>
								
                                </VBox>

                                <VBox class="fontStyle">
                                        <Label text="{i18n>countryCode}" required="true" visible= "{oVisibilityModel>/isdefaultLan}"></Label>
                                            <Label text="{oi18n_En>countryCode}&#10;{i18n>countryCode}" required="true" wrapping="true" visible= "{=!${oVisibilityModel>/isdefaultLan}}"></Label>
                                            <VBox>
                                                <ComboBox width="100%" showSecondaryValues="true" filterSecondaryValues="false" items="{oLookUpModel>/countryContactCode}" value="{oVisibilityModel>/finance1ContactCode}" selectedKey="{oDataModel>/bankDto/financeContact1/countryContactCode}" class="inputStyle" valueState="{oErrorModel>/finance1CountryContCodeE}" valueStateText="{oErrorModel>/finance1CountryContCodeM}" enabled="{oEnableMdl>/finance1CountryCodeEnb}" change="fnLiveValueCountryCodeChange">
                                                    <core:ListItem key="{oLookUpModel>key}" text="{oLookUpModel>description}" additionalText="{oLookUpModel>code}"/>
                                                </ComboBox>
                                            </VBox>
                                            <layoutData>
                                                <l:GridData spanM="1" spanL="1" spanXL="1"></l:GridData>
                                            </layoutData>
                                        </VBox>
                                        <VBox class="fontStyle">
                                        <Label text="{i18n>phoneNum}" visible= "{oVisibilityModel>/isdefaultLan}" required="true"></Label>
                                        <Label text="{oi18n_En>phoneNum}&#10;{i18n>phoneNum}" wrapping="true" visible= "{=!${oVisibilityModel>/isdefaultLan}}" required="true"></Label>
                                        <Input valueLiveUpdate="true" maxLength="31" value="{oDataModel>/bankDto/financeContact1/contact}" enabled="{oEnableMdl>/finance1phoneNumEnb}" valueState="{oErrorModel>/finance1ContE}" valueStateText="{oErrorModel>/finance1ContM}" liveChange="fnLiveInputNumericValueChange" class="inputStyle"></Input>
                                            
                                        <Text text="{= ${oVisibilityModel>/isdefaultLan}?${oi18n_En>phoneNumHelpText}:${oi18n_En>phoneNumHelpText}+ '&#10;' +${i18n>phoneNumHelpText}}" textAlign="End" class="disabledFontClr"/>
                                            <layoutData>
                                                <l:GridData spanM="2" spanL="2" spanXL="2"></l:GridData>
                                            </layoutData>
                                        </VBox>     
                                <!-- <VBox>
                                <Label text="{= ${oVisibilityModel>/isdefaultLan}?${oi18n_En>phoneNum}:${oi18n_En>phoneNum} +'/&#160;' + ${i18n>phoneNum}}" class="fontStyle" required="true"></Label>
											<Input maxLength="31" value="{oDataModel>/bankDto/financeContact1/contact}"  valueState="{oErrorModel>/finance1ContE}" valueStateText="{oErrorModel>/finance1ContM}" liveChange="fnLiveInputNumericValueChange" class="inputStyle"></Input>
                            
                            
                                        </VBox>  -->
                                                       
									
								
						 <VBox>
									<!-- <Label text="{= ${oVisibilityModel>/isdefaultLan}?${oi18n_En>extension}:${oi18n_En>extension} +'&#10;' + ${i18n>extension}}" class="fontStyle"></Label> -->
                                     <Label text="{i18n>extension}" visible= "{oVisibilityModel>/isdefaultLan}" class="fontStyle"></Label>
                                    <Label text="{oi18n_En>extension}&#10;{i18n>extension}" wrapping="true" visible= "{=!${oVisibilityModel>/isdefaultLan}}"></Label>
									<Input valueLiveUpdate="true" maxLength="4" value="{oDataModel>/bankDto/financeContact1/extension}" enabled="{oEnableMdl>/finance1extensionEnb}" liveChange="fnLiveInputValueChange" class="inputStyle"></Input>
                            
								</VBox>
                                <VBox class="fontStyle">
                                        <Label text="{i18n>countryCode}" required="true" visible= "{oVisibilityModel>/isdefaultLan}"></Label>
                                            <Label text="{oi18n_En>countryCode}&#10;{i18n>countryCode}" required="true" wrapping="true" visible= "{=!${oVisibilityModel>/isdefaultLan}}"></Label>
                                            <VBox>
                                                <ComboBox width="100%" showSecondaryValues="true" filterSecondaryValues="false" items="{oLookUpModel>/countryContactCode}" value="{oVisibilityModel>/finance1MobileCode}" selectedKey="{oDataModel>/bankDto/financeContact1/countryMobileCode}" class="inputStyle" valueState="{oErrorModel>/finance1CountryContCodeMobE}" valueStateText="{oErrorModel>/finance1CountryContCodeMobM}" enabled="{oEnableMdl>/finance1CountryCodeEnb}" change="fnLiveValueCountryCodeChange">
                                                    <core:ListItem key="{oLookUpModel>key}" text="{oLookUpModel>description}" additionalText="{oLookUpModel>code}"/>
                                                </ComboBox>
                                            </VBox>
                                            <layoutData>
                                                <l:GridData spanM="1" spanL="1" spanXL="1"></l:GridData>
                                            </layoutData>
                                        </VBox>
                                  <VBox>
                                <!-- <Label text="{= ${oVisibilityModel>/isdefaultLan}?${oi18n_En>mobPhone}:${oi18n_En>mobPhone} +'&#10;' + ${i18n>mobPhone}}" class="fontStyle" required="true"></Label> -->
                                 <Label text="{i18n>mobPhone}" visible= "{oVisibilityModel>/isdefaultLan}" class="fontStyle" required="true" ></Label>
                                    <Label text="{oi18n_En>mobPhone}&#10;{i18n>mobPhone}" wrapping="true" visible= "{=!${oVisibilityModel>/isdefaultLan}}" required="true"></Label>
											<Input valueLiveUpdate="true" maxLength="31" value="{oDataModel>/bankDto/financeContact1/mobile}" enabled="{oEnableMdl>/finance1mobPhoneEnb}" valueState="{oErrorModel>/finance1MobE}" valueStateText="{oErrorModel>/finance1MobM}" liveChange="fnLiveInputNumericValueChange" class="inputStyle"></Input>
                                            <layoutData>
                                                <l:GridData spanM="2" spanL="2" spanXL="2"></l:GridData>
                                            </layoutData>
                            
                                        </VBox> 
							</l:Grid>
                              <Label visible ="{=${oDataModel>/bankDto/isBankProvided} === true}" text="{= ${oVisibilityModel>/isdefaultLan}?${oi18n_En>financeContact}:${oi18n_En>financeContact} +'/&#160;' + ${i18n>financeContact}}"  class="inputStyle fontStyleItalic sapUiTinyMarginBegin sapUiTinyMarginBottom"/>
                              <Label visible ="{=${oDataModel>/bankDto/isBankProvided} === false || ${oDataModel>/bankDto/isBankProvided} === null}" text="{= ${oVisibilityModel>/isdefaultLan}?${oi18n_En>financeContact2}:${oi18n_En>financeContact2} +'/&#160;' + ${i18n>financeContact2}}"  class="inputStyle fontStyleItalic sapUiTinyMarginBegin sapUiTinyMarginBottom"/>
        <l:Grid containerQuery="true" defaultSpan="XL3 L3 M3 S12" class="gridSpacing sapUiSizeCompact sapUiTinyMarginTop sapUiTinyMarginBottom">
								<VBox>
									<!-- <Label text="{= ${oVisibilityModel>/isdefaultLan}?${oi18n_En>firstName}:${oi18n_En>firstName} +'&#10;' + ${i18n>firstName}}" class="fontStyle" required="true"></Label> -->
                                     <Label text="{i18n>firstName}" visible= "{oVisibilityModel>/isdefaultLan}" class="fontStyle" required="true" ></Label>
                                    <Label text="{oi18n_En>firstName}&#10;{i18n>firstName}" wrapping="true" visible= "{=!${oVisibilityModel>/isdefaultLan}}" required="true"></Label>
									<Input valueLiveUpdate="true" maxLength="31" value="{oDataModel>/bankDto/financeContact2/firstName}" enabled="{oEnableMdl>/finance2FNameEnb}" valueState="{oErrorModel>/finance2FNameE}" valueStateText="{oErrorModel>/finance2FNameM}" liveChange="fnLiveInputAlphaValueChange" class="inputStyle"></Input>
     	
								</VBox>
								<VBox >
									<!-- <Label text="{= ${oVisibilityModel>/isdefaultLan}?${oi18n_En>lastName}:${oi18n_En>lastName} +'&#10;' + ${i18n>lastName}}" class="fontStyle" required="true"></Label> -->
                                     <Label text="{i18n>lastName}" visible= "{oVisibilityModel>/isdefaultLan}" class="fontStyle" required="true" ></Label>
                                    <Label text="{oi18n_En>lastName}&#10;{i18n>lastName}" wrapping="true" visible= "{=!${oVisibilityModel>/isdefaultLan}}" required="true"></Label>
									<Input valueLiveUpdate="true" maxLength="31" value="{oDataModel>/bankDto/financeContact2/lastName}" enabled="{oEnableMdl>/finance2LNameEnb}" valueState="{oErrorModel>/finance2LNameE}" valueStateText="{oErrorModel>/finance2LNameM}" liveChange="fnLiveInputValueChange" class="inputStyle"></Input>
							
                                </VBox>
								<VBox >
									<!-- <Label text="{= ${oVisibilityModel>/isdefaultLan}?${oi18n_En>jobTitle}:${oi18n_En>jobTitle} +'&#10;' + ${i18n>jobTitle}}" class="fontStyle"></Label> -->
                                     <Label text="{i18n>jobTitle}" visible= "{oVisibilityModel>/isdefaultLan}" class="fontStyle"></Label>
                                    <Label text="{oi18n_En>jobTitle}&#10;{i18n>jobTitle}" wrapping="true" visible= "{=!${oVisibilityModel>/isdefaultLan}}"></Label>
									<Input valueLiveUpdate="true" value="{oDataModel>/bankDto/financeContact2/jobTitle}" enabled="{oEnableMdl>/finance2jobTitleEnb}" valueState="{oErrorModel>/finance2JobTitleE}" valueStateText="{oErrorModel>/finance2JobTitleM}" liveChange="fnLiveInputValueChange" class="inputStyle"></Input>
								
                                </VBox>
								<VBox >
									<!-- <Label text="{= ${oVisibilityModel>/isdefaultLan}?${oi18n_En>eMail}:${oi18n_En>eMail} +'&#10;' + ${i18n>eMail}}" class="fontStyle" required="true"></Label> -->
                                     <Label text="{i18n>eMail}" visible= "{oVisibilityModel>/isdefaultLan}" class="fontStyle" required="true" ></Label>
                                    <Label text="{oi18n_En>eMail}&#10;{i18n>eMail}" wrapping="true" visible= "{=!${oVisibilityModel>/isdefaultLan}}" required="true"></Label>
									<Input valueLiveUpdate="true" maxLength="242" value="{oDataModel>/bankDto/financeContact2/email}" enabled="{oEnableMdl>/finance2eMailEnb}" valueState="{oErrorModel>/finance2EmailE}" valueStateText="{oErrorModel>/finance2EmailM}" liveChange="fnRemoveSpace" change="fnLiveEmailNotJValid" class="inputStyle"></Input>
								
                                </VBox>
							
                                <!-- <VBox>
                                <Label text="{= ${oVisibilityModel>/isdefaultLan}?${oi18n_En>phoneNum}:${oi18n_En>phoneNum} +'/&#160;' + ${i18n>phoneNum}}" class="fontStyle" required="true"></Label>
											<Input maxLength="31" value="{oDataModel>/bankDto/financeContact2/contact}" valueState="{oErrorModel>/finance2ContE}" valueStateText="{oErrorModel>/finance2ContM}" liveChange="fnLiveInputNumericValueChange" class="inputStyle"></Input>
                            
                            
                                        </VBox>   -->
                                 <VBox class="fontStyle">
                                        <Label text="{i18n>countryCode}" required="true" visible= "{oVisibilityModel>/isdefaultLan}"></Label>
                                            <Label text="{oi18n_En>countryCode}&#10;{i18n>countryCode}" required="true" wrapping="true" visible= "{=!${oVisibilityModel>/isdefaultLan}}"></Label>
                                            <VBox>
                                                <ComboBox width="100%" showSecondaryValues="true" filterSecondaryValues="false" items="{oLookUpModel>/countryContactCode}" value="{oVisibilityModel>/finance2ContactCode}" selectedKey="{oDataModel>/bankDto/financeContact2/countryContactCode}" class="inputStyle" valueState="{oErrorModel>/finance2CountryContCodeE}" valueStateText="{oErrorModel>/finance2CountryContCodeM}" enabled="{oEnableMdl>/finance2CountryCodeEnb}" change="fnLiveValueCountryCodeChange"> 
                                                    <core:ListItem key="{oLookUpModel>key}" text="{oLookUpModel>description}" additionalText="{oLookUpModel>code}"/>
                                                </ComboBox>
                                            </VBox>
                                            <layoutData>
                                                <l:GridData spanM="1" spanL="1" spanXL="1"></l:GridData>
                                            </layoutData>
                                        </VBox>
                                        <VBox class="fontStyle">
                                        <Label text="{i18n>phoneNum}" visible= "{oVisibilityModel>/isdefaultLan}" required="true"></Label>
                                        <Label text="{oi18n_En>phoneNum}&#10;{i18n>phoneNum}" wrapping="true" visible= "{=!${oVisibilityModel>/isdefaultLan}}" required="true"></Label>
                                            <Input valueLiveUpdate="true" maxLength="31" value="{oDataModel>/bankDto/financeContact2/contact}" enabled="{oEnableMdl>/finance2phoneNumEnb}" valueState="{oErrorModel>/finance2ContE}" valueStateText="{oErrorModel>/finance2ContM}" liveChange="fnLiveInputNumericValueChange" class="inputStyle"></Input>
                                        <Text text="{= ${oVisibilityModel>/isdefaultLan}?${oi18n_En>phoneNumHelpText}:${oi18n_En>phoneNumHelpText}+ '&#10;' +${i18n>phoneNumHelpText}}" textAlign="End" class="disabledFontClr"/>
                                            <layoutData>
                                                <l:GridData spanM="2" spanL="2" spanXL="2"></l:GridData>
                                            </layoutData>
                                        </VBox>     
                                                       
									
								
						 <VBox >
									<!-- <Label text="{= ${oVisibilityModel>/isdefaultLan}?${oi18n_En>extension}:${oi18n_En>extension} +'&#10;' + ${i18n>extension}}" class="fontStyle"></Label> -->
                                     <Label text="{i18n>extension}" visible= "{oVisibilityModel>/isdefaultLan}" class="fontStyle"></Label>
                                    <Label text="{oi18n_En>extension}&#10;{i18n>extension}" wrapping="true" visible= "{=!${oVisibilityModel>/isdefaultLan}}"></Label>
									<Input valueLiveUpdate="true" maxLength="4" value="{oDataModel>/bankDto/financeContact2/extension}" enabled="{oEnableMdl>/finance2extensionEnb}" liveChange="fnLiveInputValueChange" class="inputStyle"></Input>
                                 
								</VBox>
                                <VBox class="fontStyle">
                                        <Label text="{i18n>countryCode}" required="true" visible= "{oVisibilityModel>/isdefaultLan}"></Label>
                                            <Label text="{oi18n_En>countryCode}&#10;{i18n>countryCode}" required="true" wrapping="true" visible= "{=!${oVisibilityModel>/isdefaultLan}}"></Label>
                                            <VBox>
                                                <ComboBox width="100%" showSecondaryValues="true" filterSecondaryValues="false" items="{oLookUpModel>/countryContactCode}" value="{oVisibilityModel>/finance2MobileCode}" selectedKey="{oDataModel>/bankDto/financeContact2/countryMobileCode}" class="inputStyle" valueState="{oErrorModel>/finance2CountryContCodeMobE}" valueStateText="{oErrorModel>/finance2CountryContCodeMobM}" enabled="{oEnableMdl>/finance2CountryCodeEnb}" change="fnLiveValueCountryCodeChange"> 
                                                    <core:ListItem key="{oLookUpModel>key}" text="{oLookUpModel>description}" additionalText="{oLookUpModel>code}"/>
                                                </ComboBox>
                                            </VBox>
                                            <layoutData>
                                                <l:GridData spanM="1" spanL="1" spanXL="1"></l:GridData>
                                            </layoutData>
                                        </VBox>
                                  <VBox>
                                <!-- <Label text="{= ${oVisibilityModel>/isdefaultLan}?${oi18n_En>mobPhone}:${oi18n_En>mobPhone} +'&#10;' + ${i18n>mobPhone}}" class="fontStyle" required="true"></Label> -->
                                 <Label text="{i18n>mobPhone}" visible= "{oVisibilityModel>/isdefaultLan}" class="fontStyle" required="true" ></Label>
                                    <Label text="{oi18n_En>mobPhone}&#10;{i18n>mobPhone}" wrapping="true" visible= "{=!${oVisibilityModel>/isdefaultLan}}" required="true"></Label>
											<Input valueLiveUpdate="true" maxLength="31" value="{oDataModel>/bankDto/financeContact2/mobile}" enabled="{oEnableMdl>/finance2mobPhoneEnb}"  valueState="{oErrorModel>/finance2MobE}" valueStateText="{oErrorModel>/finance2MobM}" liveChange="fnLiveInputNumericValueChange" class="inputStyle"></Input>
                                            <layoutData>
                                                <l:GridData spanM="2" spanL="2" spanXL="2"></l:GridData>
                                            </layoutData>
                            
                                        </VBox> 
							</l:Grid>
                            </l:VerticalLayout>
        
        <l:VerticalLayout width="100%" class="fontStyle sapUiSizeCompact sapUiTinyMarginBottom">
      <Label labelFor="allowFinStat" required="true" text="{= ${oVisibilityModel>/isdefaultLan}?${oi18n_En>allowFinStatText}:${oi18n_En>allowFinStatText} +'/&#160;' +${i18n>allowFinStatText}}" wrapping="true" class="fontStyle sapUiTinyMarginTop sapUiTinyMarginBegin"/>
		<RadioButtonGroup id="allowFinStat" columns="1" class="inputStyle" selectedIndex="{oDataModel>/financeInfoDto/doesFinancialStatements}"  valueState="{oErrorModel>/doesFinancialStatementsE}" select="fnClearValueState" enabled="{oEnableMdl>/doesFinancialStatementsEnb}">
			<RadioButton text="{= ${oVisibilityModel>/isdefaultLan}?${oi18n_En>yes}:${oi18n_En>yes} +'/&#160;' +${i18n>yes}}" groupName="allowFinStat"></RadioButton>
			<RadioButton text="{= ${oVisibilityModel>/isdefaultLan}?${oi18n_En>noPC}:${oi18n_En>noPC} +'/&#160;' +${i18n>noPC}}" groupName="allowFinStat"></RadioButton>
            <RadioButton text="{= ${oVisibilityModel>/isdefaultLan}?${oi18n_En>noNDC}:${oi18n_En>noNDC} +'/&#160;' +${i18n>noNDC}}" groupName="allowFinStat"></RadioButton>
			<RadioButton text="{= ${oVisibilityModel>/isdefaultLan}?${oi18n_En>noNA}:${oi18n_En>noNA} +'/&#160;' +${i18n>noNA}}" groupName="allowFinStat"></RadioButton>
		</RadioButtonGroup>
        
        <Label labelFor="isFinAudited" required="true" text="{= ${oVisibilityModel>/isdefaultLan}?${oi18n_En>doesAuditHapnd}:${oi18n_En>doesAuditHapnd} +'/&#160;' +${i18n>doesAuditHapnd}}" wrapping="true" class="fontStyle  sapUiTinyMarginTop sapUiTinyMarginBegin"/>
		<RadioButtonGroup id="isFinAudited" class="inputStyle" columns="2" selectedIndex="{=${oDataModel>/financeInfoDto/financeAuditedLast12M} === true? 0 :(${oDataModel>/financeInfoDto/financeAuditedLast12M}=== false ?1: -1)}" valueState="{oErrorModel>/financeAuditedLast12ME}" select="fnClearValueState" enabled="{oEnableMdl>/financeAuditedLast12MEnb}">
			<RadioButton text="{= ${oVisibilityModel>/isdefaultLan}?${oi18n_En>yes}:${oi18n_En>yes} +'/&#160;' +${i18n>yes}}" selected="{oDataModel>/financeInfoDto/financeAuditedLast12M}"></RadioButton>
			<RadioButton text="{= ${oVisibilityModel>/isdefaultLan}?${oi18n_En>no}:${oi18n_En>no} +'/&#160;' +${i18n>no}}" select="fnSelectionChange"></RadioButton>
		</RadioButtonGroup>
       <VBox class="fontStyle sapUiSizeCompact" visible="{=${oDataModel>/financeInfoDto/financeAuditedLast12M}=== true}">
        <Label text="{i18n>auditorName}" required="{oDataModel>/financeInfoDto/financeAuditedLast12M}" wrapping="true" visible = "{oVisibilityModel>/isdefaultLan}" class="fontStyle sapUiTinyMarginBegin sapUiTinyMarginTop"/>
          <Label text="{oi18n_En>auditorName}&#10;{i18n>auditorName}" required="{oDataModel>/financeInfoDto/financeAuditedLast12M}"  wrapping="true"  visible= "{=!${oVisibilityModel>/isdefaultLan}}" class="fontStyle sapUiTinyMarginBegin sapUiTinyMarginTop"/>
        <Input valueLiveUpdate="true" maxLength="255" width="50%" valueState="{oErrorModel>/financeUserAuditE}" valueStateText="{oErrorModel>/financeUserAuditM}" value="{oDataModel>/financeInfoDto/userAudited}" liveChange="fnValueChange" enabled="{oEnableMdl>/userAuditedEnb}" class="inputStyle sapUiSizeCompact sapUiTinyMarginBegin"/>
        </VBox>
        </l:VerticalLayout>
         
         </content>
         
        </Panel>
	
	<VBox visible="true" class="sapUiMediumMarginTop">
		<Text text="{= ${oVisibilityModel>/isdefaultLan}?${oi18n_En>Attachments}:${oi18n_En>Attachments}+ '/&#160;'+${i18n>Attachments}}" class="fontBold  sapUiTinyMarginBegin"/>
<HBox><Label required="{oDataModel>/bankDto/isBankProvided}" text="{= ${oVisibilityModel>/isdefaultLan}?${oi18n_En>bankAttachText1}:${oi18n_En>bankAttachText1}+ '/&#160;'+${i18n>bankAttachText1}}" wrapping="true" class="fontBold sapUiTinyMarginTop sapUiTinyMarginBegin"/>
			<Button tooltip="{oPopoverModel>/bankInfoInfoText/info}" icon="sap-icon://message-information" type="Transparent" class="sapUiSizeCompact infoBtn"/>
           </HBox> 
               <Link text="{= ${oVisibilityModel>/isdefaultLan}?${oi18n_En>indemnityLink}:${oi18n_En>indemnityLink} + '/&#160;' +${i18n>indemnityLink}}" 
                    target="_blank"
                    href="https://www.jabil.com/dam/jcr:66991576-2dda-44b4-b635-9115b1a4d656/Sample%20of%20Letter%20of%20Indemnity" 
                    class="sapUiContentPadding sapUiTinyMarginBegin"
                    wrapping="true"/>
             <Label text="{= ${oVisibilityModel>/isdefaultLan}?${oi18n_En>docVerbiage}:${oi18n_En>docVerbiage}+ '/&#160;'+${i18n>docVerbiage}}" wrapping="true" class="fontStyleBlue sapUiTinyMarginBegin"/>
        
           <HBox wrap="Wrap">
				<!-- <u:FileUploader id="fileUploader_BA" buttonOnly="true" fileType="doc,xls,pdf,jpeg,png,gif,docx,xlsx" typeMissmatch="fnHandleTypeMissmatch"  buttonText="{= ${oVisibilityModel>/isdefaultLan}?${oi18n_En>addAttachment}:${oi18n_En>addAttachment} + '/&#160;' +${i18n>addAttachment}}" iconFirst="true" icon="sap-icon://add" multiple="true"
					useMultipart="true" change="fnOnFileUpload" sameFilenameAllowed="true" uploadComplete="fnOnUploadComplete" enabled="{oVisibilityModel>/_FinanceReviewEdit}"
					class="sapUiSizeCompact sapUiTinyMarginTop sapUiTinyMarginBegin">
                   
                    </u:FileUploader > -->
                    <Button id="fileUploader_Button" class="sapUiSizeCompact  sapUiTinyMarginBegin" enabled="{oVisibilityModel>/_FinanceReviewEdit}" press="fnOpenBankAttachment" icon="sap-icon://add" text="{= ${oVisibilityModel>/isdefaultLan}?${oi18n_En>addAttachment}:${oi18n_En>addAttachment} + '/&#160;' +${i18n>addAttachment}}" />
				<g:GridList width="auto" items="{oAttachmentList>/0/bankDArray}" growing="true" class="attachmentList1 sapUiSizeCompact addMoreBtn attachmentMargin sapUiMediumMarginBegin">
					<g:customLayout>
						<grid:GridResponsiveLayout>
							<grid:layoutS>
								<grid:GridSettings gridTemplateColumns="1fr" gridGap="1rem"/>
							</grid:layoutS>
							<grid:layoutM>
								<grid:GridSettings gridTemplateColumns="1fr 1fr" gridGap="1rem"/>
							</grid:layoutM>
							<grid:layoutL>
								<grid:GridSettings gridTemplateColumns="1fr 1fr 1fr" gridGap="1rem"/>
							</grid:layoutL>
							<grid:layoutXL>
								<grid:GridSettings gridTemplateColumns="1fr 1fr 1fr" gridGap="1rem"/>
							</grid:layoutXL>
						</grid:GridResponsiveLayout>
					</g:customLayout>
					<g:GridListItem>
						<HBox>
							<HBox width="90%" class="sapUiTinyMarginBegin sapUiSizeCompact">
								<core:Icon src="{path:'oAttachmentList>fileExt',formatter:'com.jabil.surveyform.formatter.formatter.mediaTypeformatter'}"
									class="attachmentIcon sapUiTinyMarginBegin sapUiTinyMarginTop sapUiTinyMarginBottom" size="2.5rem" color="#48639d"/>
								<VBox><Text text="{oAttachmentList>name}" class="sapUiTinyMarginBegin sapUiTinyMarginTop sapUiTinyMarginBottom sapUiLargeMarginEnd"/>
							<Text text="{oAttachmentList>fileSize}" class="sapUiTinyMarginBegin sapUiTinyMarginBottom sapUiLargeMarginEnd"/>
                            </VBox></HBox>
							<VBox alignItems="Center" class="sapUiTinyMarginEnd sapUiTinyMarginTop sapUiTinyMarginBottom">
								<core:Icon src="sap-icon://decline" class="docIconStyle" press="fnOnCancelAttachment" visible="{oEnableMdl>/deletDocVsb}"/>
								<core:Icon src="sap-icon://download" class="docIconStyle" press="fnOnDownlAttachment"/>
							</VBox>
						</HBox>
					</g:GridListItem>
				</g:GridList>
			</HBox>
	</VBox>
</core:FragmentDefinition>