<core:FragmentDefinition xmlns="sap.m" xmlns:f="sap.ui.layout.form" xmlns:core="sap.ui.core" xmlns:l="sap.ui.layout"
	xmlns:u="sap.ui.unified" xmlns:grid="sap.ui.layout.cssgrid" xmlns:g="sap.f" async="true">
    <Panel width="100%" class="sapUiTinyMarginTop panelPadding">
		<content>
			<Text text="{i18n>paymentTermsL}" visible= "{oVisibilityModel>/isdefaultLan}" class="fontBold sapUiTinyMarginBegin sapUiTinyMarginBottom"/>
            <Text text="{oi18n_En>paymentTermsL}/&#160;{i18n>paymentTermsL}" visible= "{=!${oVisibilityModel>/isdefaultLan}}" class="fontBold sapUiTinyMarginBegin sapUiTinyMarginBottom"/>
				<l:Grid containerQuery="true" visible="{=!${oUserModel>/isNew}}" defaultSpan="XL3 L4 M4 S12" class="gridSpacing sapUiSizeCompact sapUiNoContentPadding ">
				<VBox  class="fontStyle">
					<Label text="{i18n>paymentTerms}"  visible= "{oVisibilityModel>/isdefaultLan}"  required="true"></Label>
                    <Label text="{oi18n_En>paymentTerms}&#10;{i18n>paymentTerms}" wrapping="true" visible= "{=!${oVisibilityModel>/isdefaultLan}}" required="true"></Label>
                     <Label class="fontStyleBold sapUiSizeCompact" text="{parts:['oLookUpModel>/PaymentTerm','oDataModel>/shippingInfoDto/paymentTerms'], formatter: 'com.jabil.surveyform.formatter.formatter.fnFetchDescription'}"/>
				</VBox>
				<VBox class="fontStyle">
					<Label text="{i18n>paymentCurr}" visible= "{oVisibilityModel>/isdefaultLan}" required="true"></Label>
                    <Label text="{oi18n_En>paymentCurr}&#10;{i18n>paymentCurr}" wrapping="true" visible= "{=!${oVisibilityModel>/isdefaultLan}}" required="true"></Label>
                                   <Label class="fontStyleBold sapUiSizeCompact" text="{parts:['oLookUpModel>/Currency','oDataModel>/shippingInfoDto/paymentCurrency'], formatter: 'com.jabil.surveyform.formatter.formatter.fnFetchDescription'}"/>
				</VBox>
				
                 
			</l:Grid>
            <Label visible="{=!${oUserModel>/isNew}}" class="sapUiTinyMarginTop fontStyleBold sapUiTinyMarginBegin" wrapping="true" text="{i18n>paymentNewTerms}"></Label>
            <l:Grid containerQuery="true" visible="{oUserModel>/isNew}" defaultSpan="XL3 L4 M4 S12" class="gridSpacing sapUiSizeCompact sapUiNoContentPadding ">
				<VBox  class="fontStyle">
					<Label text="{i18n>PaymentTermsEOM}"  visible= "{oVisibilityModel>/isdefaultLan}"  required="true"></Label>
                    <Label text="{oi18n_En>PaymentTermsEOM}&#10;{i18n>PaymentTermsEOM}" wrapping="true" visible= "{=!${oVisibilityModel>/isdefaultLan}}" required="true"></Label>
					<ComboBox id="PaymentTermCreateId" width="100%" items="{oLookUpModel>/PaymentTerm}" showSecondaryValues="true" filterSecondaryValues="true"  selectedKey="{oDataModel>/shippingInfoDto/paymentTerms}" enabled="{oEnableMdl>/paymentTermsEnb}"  valueState="{oErrorModel>/paymentTermE}" valueStateText="{oErrorModel>/paymentTermM}" selectionChange="fnLiveValueChange" placeholder="{i18n>select}" class="inputStyle">
                     <core:ListItem key="{oLookUpModel>code}" text="{oLookUpModel>description}" additionalText="{oLookUpModel>code}"/></ComboBox>
                     <layoutData>
                                  <l:GridData spanM="3" spanL="3" spanXL="3"></l:GridData></layoutData>
                     
				</VBox>
				<VBox class="fontStyle">
					<Label text="{i18n>paymentMethod}" visible= "{oVisibilityModel>/isdefaultLan}"  required="true"></Label>
                    <Label text="{oi18n_En>paymentMethod}&#10;{i18n>paymentMethod}" wrapping="true" visible= "{=!${oVisibilityModel>/isdefaultLan}}" required="true"></Label>
					<ComboBox width="100%" items="{oLookUpModel>/PaymentMethod}" showSecondaryValues="true" filterSecondaryValues="true" selectedKey="{oDataModel>/shippingInfoDto/paymentMethod}" enabled="{oEnableMdl>/paymentMethodEnb}" valueState="{oErrorModel>/paymentTermMethdE}" valueStateText="{oErrorModel>/paymentTermMethdM}" selectionChange="fnLivePaymentMethodChange" placeholder="{i18n>select}" class="inputStyle">
                      <core:ListItem key="{oLookUpModel>code}" text="{oLookUpModel>description}" additionalText="{oLookUpModel>code}"/></ComboBox>
                     <layoutData>
                                  <l:GridData spanM="3" spanL="3" spanXL="3"></l:GridData></layoutData>
                     
				</VBox>
				<VBox class="fontStyle">
					<Label text="{i18n>paymentCurr}" visible= "{oVisibilityModel>/isdefaultLan}" required="true"></Label>
                    <Label text="{oi18n_En>paymentCurr}&#10;{i18n>paymentCurr}" wrapping="true" visible= "{=!${oVisibilityModel>/isdefaultLan}}" required="true"></Label>
					<ComboBox width="100%" items="{path: 'oLookUpModel>/Currency', sorter:{path:'code'}}" showSecondaryValues="true" filterSecondaryValues="true" selectionChange="fnLiveValueBankInput" valueState="{oErrorModel>/paymentCurrE}" valueStateText="{oErrorModel>/paymentCurrM}"  selectedKey="{oDataModel>/shippingInfoDto/paymentCurrency}" enabled="{oEnableMdl>/paymentCurrencyEnb}" placeholder="{i18n>select}" class="inputStyle">
                     <core:ListItem key="{oLookUpModel>code}" text="{oLookUpModel>code}" additionalText="{oLookUpModel>description}"/></ComboBox>
                    <layoutData>
                                  <l:GridData spanM="3" spanL="3" spanXL="3"></l:GridData></layoutData>
				</VBox>
				
                 
			</l:Grid>
             <l:Grid containerQuery="true" visible="{=!${oUserModel>/isNew}}"  defaultSpan="XL3 L4 M4 S12" class="gridSpacing sapUiTinyMarginTop sapUiSizeCompact sapUiNoContentPadding ">
				<VBox  class="fontStyle">
					<Label text="{i18n>newPaymentTermsEOM}"  visible= "{oVisibilityModel>/isdefaultLan}" ></Label>
                    <Label text="{oi18n_En>newPaymentTermsEOM}&#10;{i18n>newPaymentTermsEOM}" wrapping="true" visible= "{=!${oVisibilityModel>/isdefaultLan}}" ></Label>
					<ComboBox id="PaymentTermExtendId" width="100%" items="{oLookUpModel>/PaymentTerm}" showSecondaryValues="true" filterSecondaryValues="true"  selectedKey="{oDataModel>/shippingInfoDto/newpaymentTerms}" enabled="{oEnableMdl>/paymentTermsEnb}"  valueState="{oErrorModel>/paymentTermE}" valueStateText="{oErrorModel>/paymentTermM}" selectionChange="fnLiveValueChange" placeholder="{i18n>select}" class="inputStyle">
                     <core:ListItem key="{oLookUpModel>code}" text="{oLookUpModel>description}" additionalText="{oLookUpModel>code}"/></ComboBox>
                     <layoutData>
                                  <l:GridData spanM="3" spanL="3" spanXL="3"></l:GridData></layoutData>
                     
				</VBox>
				<VBox class="fontStyle">
					<Label text="{i18n>paymentMethod}" visible= "{oVisibilityModel>/isdefaultLan}"  required="true"></Label>
                    <Label text="{oi18n_En>paymentMethod}&#10;{i18n>paymentMethod}" wrapping="true" visible= "{=!${oVisibilityModel>/isdefaultLan}}" required="true"></Label>
					<ComboBox width="100%" items="{oLookUpModel>/PaymentMethod}" showSecondaryValues="true" filterSecondaryValues="true" selectedKey="{oDataModel>/shippingInfoDto/paymentMethod}" enabled="{oEnableMdl>/paymentMethodEnb}" valueState="{oErrorModel>/paymentTermMethdE}" valueStateText="{oErrorModel>/paymentTermMethdM}" selectionChange="fnLiveValueChange" placeholder="{i18n>select}" class="inputStyle">
                      <core:ListItem key="{oLookUpModel>code}" text="{oLookUpModel>description}" additionalText="{oLookUpModel>code}"/></ComboBox>
                     <layoutData>
                                  <l:GridData spanM="3" spanL="3" spanXL="3"></l:GridData></layoutData>
                     
				</VBox>
				<VBox class="fontStyle">
					<Label text="{i18n>newpaymentCurr}" visible= "{oVisibilityModel>/isdefaultLan}" required="false"></Label>
                    <Label text="{oi18n_En>newpaymentCurr}&#10;{i18n>newpaymentCurr}" wrapping="true" visible= "{=!${oVisibilityModel>/isdefaultLan}}" required="false"></Label>
					<ComboBox width="100%" items="{path: 'oLookUpModel>/Currency', sorter:{path:'code'}}" showSecondaryValues="true" filterSecondaryValues="true" selectionChange="fnLiveValueChange" valueState="{oErrorModel>/paymentCurrE}" valueStateText="{oErrorModel>/paymentCurrM}"  selectedKey="{oDataModel>/shippingInfoDto/newpaymentCurrency}" enabled="{oEnableMdl>/paymentCurrencyEnb}" placeholder="{i18n>select}" class="inputStyle">
                     <core:ListItem key="{oLookUpModel>code}" text="{oLookUpModel>code}" additionalText="{oLookUpModel>description}"/></ComboBox>
                    <layoutData>
                                  <l:GridData spanM="3" spanL="3" spanXL="3"></l:GridData></layoutData>
				</VBox>
				
                 
			</l:Grid>
		</content>
		<layoutData>
			<FlexItemData minWidth="100%"/>
		</layoutData>
	</Panel>
	<Panel width="100%" visible="true" class="sapUiTinyMarginTop panelPadding">
		<content>
        <VBox visible="{oUserModel>/isNew}" class="fontStyle sapUiSizeCompact">
         <Label required="true" visible="{oUserModel>/isNew}" labelFor="isSCFC1" text="{= ${oVisibilityModel>/isdefaultLan}?${oi18n_En>bankInformation2}:${oi18n_En>bankInformation2} +'/&#160;' +${i18n>bankInformation2}}" wrapping="true" class="fontStyle sapUiTinyMarginTop sapUiTinyMarginBegin"/>
        <RadioButtonGroup id="isSCFC1" visible="{oUserModel>/isNew}" editable="{oUserModel>/isNew}" class="inputStyle" columns="2" selectedIndex="{=${oDataModel>/bankDto/isBankProvided} === true? 0 :(${oDataModel>/bankDto/isBankProvided}=== false ?1: -1)}"  valueState="{oErrorModel>/isBankProvidedE}" enabled="{oEnableMdl>/bankInformationEnb}" select="fnSelectIsBankInfoProvided">
			<RadioButton text="{= ${oVisibilityModel>/isdefaultLan}?${oi18n_En>yes}:${oi18n_En>yes} +'/&#160;' +${i18n>yes}}" selected="{oDataModel>/bankDto/isBankProvided}"></RadioButton>
			<RadioButton text="{= ${oVisibilityModel>/isdefaultLan}?${oi18n_En>no}:${oi18n_En>no} +'/&#160;' +${i18n>no}}" select="fnSelectionChange"></RadioButton>
		</RadioButtonGroup>
          </VBox>
          <!-- <VBox>
            <Label visible="{oUserModel>/isNew}" text="{= ${oVisibilityModel>/isdefaultLan}?${oi18n_En>provideBankDetails}:${oi18n_En>provideBankDetails} +'/&#160;' +${i18n>provideBankDetails}}" wrapping="true" class="fontBold sapUiTinyMarginTop sapUiTinyMarginBegin sapUiTinyMarginBottom"/>
             <Label visible="{=${oUserModel>/isNew} &amp;&amp; !${oVisibilityModel>/bankValidation/bankCountry}}" text="{= ${oVisibilityModel>/isdefaultLan}?${oi18n_En>paymentMethodOptionalMsg}:${oi18n_En>paymentMethodOptionalMsg} +'/&#160;' +${i18n>paymentMethodOptionalMsg}}" wrapping="true" class="fontStyleBlue sapUiTinyMarginTop sapUiTinyMarginBegin sapUiTinyMarginBottom"/>
            </VBox> -->
            <Label visible="{=!${oUserModel>/isNew}}" text="{= ${oVisibilityModel>/isdefaultLan}?${oi18n_En>existingBankDetails}:${oi18n_En>existingBankDetails} +'/&#160;' +${i18n>existingBankDetails}}" wrapping="true" class="fontBold sapUiTinyMarginTop sapUiTinyMarginBegin sapUiTinyMarginBottom"/>
			<!-- <CheckBox selected="{oDataModel>/bankDto/isBankProvided}" text="{= ${oVisibilityModel>/isdefaultLan}?${oi18n_En>bankInformation2}:${oi18n_En>bankInformation2} +'/&#160;' + ${i18n>bankInformation2}}" class="fontBold inputStyle sapUiTinyMarginBottom"/> -->
			<l:Grid visible="{=${oDataModel>/bankDto/isBankProvided}=== true || ${oUserModel>/isNew} === false}" containerQuery="true" defaultSpan="XL2 L3 M4 S12" class="gridSpacing sapUiSizeCompact sapUiNoContentPadding ">
			<VBox  class="fontStyle">
					<Label wrapping="true" text="{= ${oVisibilityModel>/isdefaultLan}?${oi18n_En>bankCountry}:${oi18n_En>bankCountry}+ '&#10;' +${i18n>bankCountry}}" required="true"></Label>
					<ComboBox width="100%" enabled="{oVisibilityModel>/_FinanceReviewEdit}"  items="{oLookUpModel>/Country}" showSecondaryValues="true" filterSecondaryValues="true" selectedKey="{oDataModel>/bankDto/bankInfoDto/0/bankCountry}" editable="{oUserModel>/isNew}" valueState="{oErrorModel>/bankCountryE}" valueStateText="{oErrorModel>/bankCountryM}"  selectionChange="fnLiveValueBankInput" class="inputStyle">
                     <core:ListItem key="{oLookUpModel>code}" text="{oLookUpModel>description}" additionalText="{oLookUpModel>code}"/></ComboBox>
				</VBox>
            	<VBox  class="fontStyle">
					<Label text="{= ${oVisibilityModel>/isdefaultLan}?${oi18n_En>bankName}:${oi18n_En>bankName}+ '&#10;' +${i18n>bankName}}" wrapping="true" required="{oVisibilityModel>/bankValidation/bankName}"></Label>
					<Input maxLength="61" editable="{oUserModel>/isNew}" enabled="{=${oVisibilityModel>/_FinanceReviewEdit} &amp;&amp; (${oDataModel>/shippingInfoDto/paymentCurrency} &amp;&amp; ${oDataModel>/bankDto/bankInfoDto/0/bankCountry}? true: false)}" value="{oDataModel>/bankDto/bankInfoDto/0/bankName}" valueState="{oErrorModel>/bankNameE}" valueStateText="{oErrorModel>/bankNameM}" liveChange="fnLiveInputValueChange" required="true" class="inputStyle"></Input>
				</VBox>
				  <VBox class="fontStyle">
					<Label text="{= ${oVisibilityModel>/isdefaultLan}?${oi18n_En>bankAddr}:${oi18n_En>bankAddr}+ '&#10;' +${i18n>bankAddr}}"  wrapping="true" required="{oVisibilityModel>/bankValidation/bankStreet}"></Label>
					<Input maxLength="36" editable="{oUserModel>/isNew}" enabled="{=${oVisibilityModel>/_FinanceReviewEdit} &amp;&amp; (${oDataModel>/shippingInfoDto/paymentCurrency} &amp;&amp; ${oDataModel>/bankDto/bankInfoDto/0/bankCountry}? true: false)}" value="{oDataModel>/bankDto/bankInfoDto/0/bankAddress}" valueState="{oErrorModel>/bankAddrE}" valueStateText="{oErrorModel>/bankAddrM}" liveChange="fnLiveInputValueChange" required="true" class="inputStyle"></Input>
				</VBox>
                <VBox class="fontStyle">
					<Label text="{= ${oVisibilityModel>/isdefaultLan}?${oi18n_En>bankCity}:${oi18n_En>bankCity}+ '&#10;' +${i18n>bankCity}}" wrapping="true" required="{oVisibilityModel>/bankValidation/bankCity}"></Label>
					<Input maxLength="36" editable="{oUserModel>/isNew}" enabled="{=${oVisibilityModel>/_FinanceReviewEdit} &amp;&amp; (${oDataModel>/shippingInfoDto/paymentCurrency} &amp;&amp; ${oDataModel>/bankDto/bankInfoDto/0/bankCountry}? true: false)}" value="{oDataModel>/bankDto/bankInfoDto/0/bankCity}" valueState="{oErrorModel>/bankCityE}" valueStateText="{oErrorModel>/bankCityM}" liveChange="fnLiveInputValueChange" class="inputStyle"></Input>
				</VBox>
				<VBox  class="fontStyle">
					<Label text="{= ${oVisibilityModel>/isdefaultLan}?${oi18n_En>state}:${oi18n_En>state}+ '&#10;' +${i18n>state}}" wrapping="true" required="false"></Label>
				  <ComboBox width="100%" items="{oLookUpModel>/BankRegion}" filterSecondaryValues="true" showSecondaryValues="true"  editable="{oUserModel>/isNew}" enabled="{=${oVisibilityModel>/_FinanceReviewEdit} &amp;&amp; (${oDataModel>/shippingInfoDto/paymentCurrency} &amp;&amp; ${oDataModel>/bankDto/bankInfoDto/0/bankCountry}? true: false)}" selectedKey="{oDataModel>/bankDto/bankInfoDto/0/bankState}"  placeholder="{i18n>select}" valueState="{oErrorModel>/bankStateE}" valueStateText="{oErrorModel>/bankStateM}" selectionChange="fnLiveValueChange" required="true" class="inputStyle">
                  <core:ListItem key="{oLookUpModel>code}" text="{oLookUpModel>description}" additionalText="{oLookUpModel>code}"/>
                  </ComboBox>
                </VBox>
				
				<VBox class="fontStyle">
					<Label wrapping="true" text="{= ${oVisibilityModel>/isdefaultLan}?${oi18n_En>bankBranch}:${oi18n_En>bankBranch}+ '&#10;' +${i18n>bankBranch}}"  required="{oVisibilityModel>/bankValidation/bankBranch}"></Label>
					<Input maxLength="41" editable="{oUserModel>/isNew}" enabled="{=${oVisibilityModel>/_FinanceReviewEdit} &amp;&amp; (${oDataModel>/shippingInfoDto/paymentCurrency} &amp;&amp; ${oDataModel>/bankDto/bankInfoDto/0/bankCountry}? true: false)}" value="{oDataModel>/bankDto/bankInfoDto/0/bankBranch}"  valueState="{oErrorModel>/bankBranchE}" valueStateText="{oErrorModel>/bankBranchM}" change="fnInputBankAccNumber" required="true" class="inputStyle"></Input>
				</VBox>
                <VBox class="fontStyle" >
					<Label text="{= ${oVisibilityModel>/isdefaultLan}?${oi18n_En>accHolderName}:${oi18n_En>accHolderName}+ '&#10;' +${i18n>accHolderName}}" wrapping="true" required="{oVisibilityModel>/bankValidation/benificiaryAccHolderName}"></Label>
					<Input maxLength="61" enabled="{=${oVisibilityModel>/_FinanceReviewEdit} &amp;&amp; (${oDataModel>/shippingInfoDto/paymentCurrency} &amp;&amp; ${oDataModel>/bankDto/bankInfoDto/0/bankCountry}? true: false)}" value="{oDataModel>/bankDto/bankInfoDto/0/benefAccHolderName}" editable="{oUserModel>/isNew}" valueState="{oErrorModel>/benifAccHNameE}" valueStateText="{oErrorModel>/benifAccHNameM}" liveChange="fnLiveInputValueChange" required="true" class="inputStyle"></Input>
				</VBox>
				<VBox  class="fontStyle">
					<Label text="{= ${oVisibilityModel>/isdefaultLan}?${oi18n_En>bankAccNum}:${oi18n_En>bankAccNum}+ '&#10;' +${i18n>bankAccNum}}" wrapping="true" required="{oVisibilityModel>/bankValidation/benificiaryAccountNumber}"></Label>
					<Input maxLength="19" enabled="{=${oVisibilityModel>/_FinanceReviewEdit} &amp;&amp; (${oDataModel>/shippingInfoDto/paymentCurrency} &amp;&amp; ${oDataModel>/bankDto/bankInfoDto/0/bankCountry}? true: false)}" value="{oDataModel>/bankDto/bankInfoDto/0/bankAccNum}" editable="{oUserModel>/isNew}" valueState="{oErrorModel>/bankAccNumE}" valueStateText="{oErrorModel>/bankAccNumM}" change="fnInputBankAccNumber" required="true" class="inputStyle">
                    </Input>
				</VBox>
                 <VBox  class="fontStyle">
					<Label tooltip="{oi18n_En>refDetTT}" text="{= ${oVisibilityModel>/isdefaultLan}?${oi18n_En>refDetails}:${oi18n_En>refDetails}+ '&#10;' +${i18n>refDetails}}" wrapping="true" required="{oVisibilityModel>/bankValidation/referenceDetails}"></Label>
					<Input maxLength="21" editable="{oUserModel>/isNew}" enabled="{=${oVisibilityModel>/_FinanceReviewEdit} &amp;&amp; (${oDataModel>/shippingInfoDto/paymentCurrency} &amp;&amp; ${oDataModel>/bankDto/bankInfoDto/0/bankCountry}? true: false)}" value="{oDataModel>/bankDto/bankInfoDto/0/refBankDetails}" valueState="{oErrorModel>/bankRefE}" valueStateText="{oErrorModel>/bankRefM}" liveChange="fnLiveInputValueChange" class="inputStyle"></Input>
				</VBox>
                <VBox  class="fontStyle">
					<Label text="{= ${oVisibilityModel>/isdefaultLan}?${oi18n_En>swift}:${oi18n_En>swift}+ '&#10;' +${i18n>swift}}" wrapping="true" required="{oVisibilityModel>/bankValidation/swiftCode}"></Label>
					<Input maxLength="12" editable="{oUserModel>/isNew}" enabled="{=${oVisibilityModel>/_FinanceReviewEdit} &amp;&amp; (${oDataModel>/shippingInfoDto/paymentCurrency} &amp;&amp; ${oDataModel>/bankDto/bankInfoDto/0/bankCountry}? true: false)}" value="{oDataModel>/bankDto/bankInfoDto/0/swiftCode}" valueState="{oErrorModel>/bankSwiftE}" valueStateText="{oErrorModel>/bankSwiftM}" liveChange="fnLiveInputValueChange" required="true" class="inputStyle"></Input>
				</VBox>
                <VBox class="fontStyle">
					<Label tooltip="{oi18n_En>bankNumTT}" text="{= ${oVisibilityModel>/isdefaultLan}?${oi18n_En>bankNum}:${oi18n_En>bankNum} + '&#10;' +${i18n>bankNum}}" wrapping="true" required="{oVisibilityModel>/bankValidation/bankNumber}"></Label>
					<Input maxLength="16" enabled="{=${oVisibilityModel>/_FinanceReviewEdit} &amp;&amp; (${oDataModel>/shippingInfoDto/paymentCurrency} &amp;&amp; ${oDataModel>/bankDto/bankInfoDto/0/bankCountry}? true: false)}" value="{oDataModel>/bankDto/bankInfoDto/0/bankNumber}" valueState="{oErrorModel>/bankNumE}" valueStateText="{oErrorModel>/bankNumM}" editable="{oUserModel>/isNew}" liveChange="fnLiveInputValueChange" class="inputStyle"></Input>
				</VBox>
				<VBox class="fontStyle">
					<Label text="{= ${oVisibilityModel>/isdefaultLan}?${oi18n_En>iban}:${oi18n_En>iban} + '&#10;' +${i18n>iban}}" wrapping="true" required="{oVisibilityModel>/bankValidation/iban}"></Label>
					<Input maxLength="{oVisibilityModel>/bankValidation/ibanLength}"  enabled="{=${oVisibilityModel>/_FinanceReviewEdit} &amp;&amp; (${oDataModel>/shippingInfoDto/paymentCurrency} &amp;&amp; ${oDataModel>/bankDto/bankInfoDto/0/bankCountry}? true: false)}" value="{oDataModel>/bankDto/bankInfoDto/0/ibanNum}" editable="{oUserModel>/isNew}" valueState="{oErrorModel>/ibanE}" valueStateText="{oErrorModel>/ibanM}"  change="fnInputIban" class="inputStyle"></Input>
				</VBox>
				<VBox  class="fontStyle">
					<Label text="{= ${oVisibilityModel>/isdefaultLan}?${oi18n_En>bankKey}:${oi18n_En>bankKey}+ '&#10;' +${i18n>bankKey}}" wrapping="true" required="{oVisibilityModel>/bankValidation/bankKey}"></Label>
					<Input maxLength="5" enabled="{=${oVisibilityModel>/_SupplierBankEdit} &amp;&amp; (${oDataModel>/shippingInfoDto/paymentCurrency} &amp;&amp; ${oDataModel>/bankDto/bankInfoDto/0/bankCountry}? true: false)}" value="{oDataModel>/bankDto/bankInfoDto/0/bankCode}" editable="{oUserModel>/isNew}"  liveChange="fnLiveInputValueChange" class="inputStyle"></Input>
				<layoutData>
                <l:GridData visibleS="{=${oEnableMdl>/nextBtnExtensionDisplayVsb} || false}" visibleM="{=${oEnableMdl>/nextBtnExtensionDisplayVsb} || false}" visibleL="{=${oEnableMdl>/nextBtnExtensionDisplayVsb} || false}" visibleXL="{=${oEnableMdl>/nextBtnExtensionDisplayVsb} || false}"></l:GridData></layoutData>
                </VBox>
                <VBox  class="fontStyle">
					<Label text="{= ${oVisibilityModel>/isdefaultLan}?${oi18n_En>bankPKey}:${oi18n_En>bankPKey}+ '&#10;' +${i18n>bankPKey}}" wrapping="true" required="{oVisibilityModel>/bankValidation/benificiaryAccCurrency}"></Label>
					<!-- <Input maxLength="5" enabled="{oVisibilityModel>/_FinanceReviewEdit}" value="{oDataModel>/bankDto/bankInfoDto/0/partnerBankType}" liveChange="fnLiveInputValueChange" class="inputStyle"></Input> -->
				<ComboBox width="100%"  items="{path: 'oLookUpModel>/Currency', sorter:{path:'code'}}"  showSecondaryValues="true" filterSecondaryValues="true" valueState="{oErrorModel>/benifAccCurrE}" valueStateText="{oErrorModel>/benifAccCurrM}" editable="{oUserModel>/isNew}"  selectionChange="fnLiveValueChange" selectedKey="{oDataModel>/bankDto/bankInfoDto/0/partnerBankType}" enabled="{=${oVisibilityModel>/_FinanceReviewEdit} &amp;&amp; (${oDataModel>/shippingInfoDto/paymentCurrency} &amp;&amp; ${oDataModel>/bankDto/bankInfoDto/0/bankCountry}? true: false)}" placeholder="{i18n>select}" class="inputStyle">
                     <core:ListItem key="{oLookUpModel>code}" text="{oLookUpModel>code}" additionalText="{oLookUpModel>description}"/></ComboBox>
                </VBox>
				
				<!-- <VBox>
					<Label text="{i18n>clabe}" class="fontStyle"></Label>
					<Input ></Input>
				</VBox>
				<VBox>
					<Label text="{i18n>aba}" class="fontStyle"></Label>
					<Input ></Input>
				</VBox>
				<VBox>
					<Label text="{i18n>achAbaNo}" class="fontStyle"></Label>
					<Input ></Input>
				</VBox> -->
				
              
				<VBox  class="fontStyle">
					<Label tooltip="{oVisibilityModel>/bankValidation/bankControlKeyDigitsLogic}" wrapping="true" text="{= ${oVisibilityModel>/isdefaultLan}?${oi18n_En>bankCtrlKey}:${oi18n_En>bankCtrlKey} + '&#10;' +${i18n>bankCtrlKey}}" required="{oVisibilityModel>/bankValidation/bankControlKey}"></Label>
					<Input maxLength="3" enabled="{=${oVisibilityModel>/_FinanceReviewEdit} &amp;&amp; (${oDataModel>/shippingInfoDto/paymentCurrency} &amp;&amp; ${oDataModel>/bankDto/bankInfoDto/0/bankCountry}? true: false)}" value="{oDataModel>/bankDto/bankInfoDto/0/bankControlKey}" editable="{oUserModel>/isNew}" valueState="{oErrorModel>/bankCtrlKeyE}" valueStateText="{oErrorModel>/bankCtrlKeyM}"  liveChange="fnLiveInputValueChange" class="inputStyle"></Input>
                    <!-- <Text text="{= ${oVisibilityModel>/isdefaultLan}?${oi18n_En>bankCtrlKeyHint}:${oi18n_En>bankCtrlKeyHint}+ '&#10;' +${i18n>bankCtrlKeyHint}}" textAlign="End" class="disabledFontClr"/> -->
				</VBox>
				<VBox class="fontStyle">
					<Label wrapping="true" text="{= ${oVisibilityModel>/isdefaultLan}?${oi18n_En>instKey}:${oi18n_En>instKey}+ '&#10;' +${i18n>instKey}}" required="{oVisibilityModel>/bankValidation/instructionKey}"></Label>
					<Input enabled="{=${oVisibilityModel>/_SupplierBankEdit} &amp;&amp; (${oDataModel>/shippingInfoDto/paymentCurrency} &amp;&amp; ${oDataModel>/bankDto/bankInfoDto/0/bankCountry}? true: false)}" editable="{oUserModel>/isNew}" value="{parts:['oLookUpModel>/InstructionKey','oDataModel>/bankDto/bankInfoDto/0/instructionKey'], formatter: 'com.jabil.surveyform.formatter.formatter.fnFetchDescription'}" liveChange="fnLiveInputValueChange" class="inputStyle"></Input>
                     <!-- <Text text="{= ${oVisibilityModel>/isdefaultLan}?${oi18n_En>instKeyHint}:${oi18n_En>instKeyHint}+ '&#10;' +${i18n>instKeyHint}}" textAlign="End" class="disabledFontClr"/> -->
				</VBox>
			</l:Grid>
            <VBox class="sapUiSizeCompact">
           <Button enabled="false" icon="sap-icon://add" text="{= ${oVisibilityModel>/isdefaultLan}?${oi18n_En>addMore}:${oi18n_En>addMore}+ '/&#160;' +${i18n>addMore}}" type="Transparent" iconFirst="true" press="" class="addMoreBtn"/></VBox>
		 <!-- <VBox>
          <HBox class="fontStyle sapUiSizeCompact">
          <CheckBox enabled="{oVisibilityModel>/_FinanceReviewEdit}" text="{= ${oVisibilityModel>/isdefaultLan}?${oi18n_En>interMBank}:${oi18n_En>interMBank}+ '/ ' +${i18n>interMBank}}" selected="{oDataModel>/bankDto/isIntermediateBankProvided}" class=" sapUiTinyMarginTop fontStyle inputStyle" />
				<u:FileUploader  visible="{oDataModel>/bankDto/isIntermediateBankProvided}" id="fileUploader_BIA" buttonOnly="true" iconOnly="true" icon="sap-icon://attachment" multiple="true"
					useMultipart="true" change="fnOnFileUpload" sameFilenameAllowed="true" uploadComplete="fnOnUploadComplete" enabled="{oVisibilityModel>/_FinanceReviewEdit}"
					class="sapUiSizeCompact sapUiTinyMarginTop sapUiTinyMarginBegin addMoreBtn"></u:FileUploader>
                     <Label class="sapUiSmallMarginTop" required="{oDataModel>/bankDto/isIntermediateBankProvided}"/>
            <Text wrapping="true" class="sapUiSmallMarginTop" visible="{oDataModel>/bankDto/isIntermediateBankProvided}" text="{= ${oVisibilityModel>/isdefaultLan}?${oi18n_En>interMBankAttachVerbiage}:${oi18n_En>interMBankAttachVerbiage}+ '&#10;' +${i18n>interMBankAttachVerbiage}}"/>
                    </HBox>
			 <HBox wrap="Wrap">	
           
  <g:GridList width="auto" items="{oAttachmentList>/0/bankINDArray}" growing="true" class="attachmentList1 sapUiSizeCompact addMoreBtn attachmentMargin sapUiSmallMarginBegin">
					<g:customLayout>
						<grid:GridResponsiveLayout>
							<grid:layoutS>
								<grid:GridSettings gridTemplateColumns="1fr" gridGap="1rem"/>
							</grid:layoutS>
							<grid:layoutM>
								<grid:GridSettings gridTemplateColumns="1fr 1fr" gridGap="1rem"/>
							</grid:layoutM>
							<grid:layoutL>
								<grid:GridSettings gridTemplateColumns="1fr 1fr 1fr" gridGap="1rem"/>
							</grid:layoutL>
							<grid:layoutXL>
								<grid:GridSettings gridTemplateColumns="1fr 1fr 1fr" gridGap="1rem"/>
							</grid:layoutXL>
						</grid:GridResponsiveLayout>
					</g:customLayout>
					<g:GridListItem>
						<HBox>
							<HBox width="90%" class="sapUiTinyMarginBegin sapUiSizeCompact">
								<core:Icon src="{path:'oAttachmentList>fileExt',formatter:'com.jabil.surveyform.formatter.formatter.mediaTypeformatter'}"
									class="attachmentIcon sapUiTinyMarginBegin sapUiTinyMarginTop sapUiTinyMarginBottom" size="2.5rem" color="#48639d"/>
								<VBox><Text text="{oAttachmentList>name}" class="sapUiTinyMarginBegin sapUiTinyMarginTop sapUiTinyMarginBottom sapUiLargeMarginEnd"/>
							<Text text="{oAttachmentList>fileSize}" class="sapUiTinyMarginBegin sapUiTinyMarginBottom sapUiLargeMarginEnd"/>
                            </VBox></HBox>
							<VBox alignItems="Center" class="sapUiTinyMarginEnd sapUiTinyMarginTop sapUiTinyMarginBottom">
								<core:Icon src="sap-icon://decline" class="docIconStyle" press="fnOnCancelAttachment"/>
								<core:Icon src="sap-icon://download" class="docIconStyle" press="fnOnDownlAttachment"/>
							</VBox>
						</HBox>
					</g:GridListItem>
				</g:GridList>
		
   </HBox>
   	</VBox> -->
     </content>
		<layoutData>
			<FlexItemData minWidth="100%"/>
		</layoutData>
	</Panel>
    <Panel width="100%" visible="{oUserModel>/isNew}" class="sapUiTinyMarginTop panelPadding">
       <l:VerticalLayout class="fontStyle sapUiSizeCompact sapUiTinyMarginBottom">
       <Text text="{= ${oVisibilityModel>/isdefaultLan}?${oi18n_En>wizardStepFinancialInfo}:${oi18n_En>wizardStepFinancialInfo} +'/&#160;' + ${i18n>wizardStepFinancialInfo}}" class="fontBold sapUiTinyMarginBegin sapUiTinyMarginBottom"/>
        <!-- <Text text="{= ${oVisibilityModel>/isdefaultLan}?${oi18n_En>financeVerbiage}:${oi18n_En>financeVerbiage} +'/&#160;' + ${i18n>financeVerbiage}}" class="fontBold fontStyleItalic sapUiTinyMarginBegin sapUiTinyMarginBottom"/> -->
        <Label  visible="{=${oDataModel>/bankDto/isBankProvided} === false || ${oDataModel>/bankDto/isBankProvided} === null}" text="{= ${oVisibilityModel>/isdefaultLan}?${oi18n_En>financeContact1}:${oi18n_En>financeContact1} +'/&#160;' + ${i18n>financeContact1}}"  class="inputStyle sapUiTinyMarginBegin fontStyleItalic sapUiTinyMarginBottom"/>
        <l:Grid containerQuery="true"  visible="{=${oDataModel>/bankDto/isBankProvided} === false || ${oDataModel>/bankDto/isBankProvided} === null}" defaultSpan="XL3 L3 M3 S12" class="gridSpacing sapUiSizeCompact sapUiTinyMarginTop sapUiTinyMarginBottom">
								<VBox>
									<!-- <Label text="{= ${oVisibilityModel>/isdefaultLan}?${oi18n_En>firstName}:${oi18n_En>firstName} +'&#10;' + ${i18n>firstName}}" class="fontStyle" required="true"></Label> -->
                                    <Label text="{i18n>firstName}" visible= "{oVisibilityModel>/isdefaultLan}" class="fontStyle" required="true" ></Label>
                                    <Label text="{oi18n_En>firstName}&#10;{i18n>firstName}" wrapping="true" visible= "{=!${oVisibilityModel>/isdefaultLan}}" required="true"></Label>
									 <Input maxLength="31" value="{oDataModel>/bankDto/financeContact1/firstName}" enabled="{oEnableMdl>/finance1FNameEnb}" valueState="{oErrorModel>/finance1FNameE}" valueStateText="{oErrorModel>/finance1FNameM}" liveChange="fnLiveInputAlphaValueChange" class="inputStyle"></Input> 
     
								</VBox>
								<VBox >
									<!-- <Label text="{= ${oVisibilityModel>/isdefaultLan}?${oi18n_En>lastName}:${oi18n_En>lastName} +'&#10;' + ${i18n>lastName}}" class="fontStyle" required="true"></Label> -->
                                     <Label text="{i18n>lastName}" visible= "{oVisibilityModel>/isdefaultLan}" class="fontStyle" required="true" ></Label>
                                    <Label text="{oi18n_En>lastName}&#10;{i18n>lastName}" wrapping="true" visible= "{=!${oVisibilityModel>/isdefaultLan}}" required="true"></Label>
									<Input maxLength="31" value="{oDataModel>/bankDto/financeContact1/lastName}" enabled="{oEnableMdl>/finance1LNameEnb}"  valueState="{oErrorModel>/finance1LNameE}" valueStateText="{oErrorModel>/finance1LNameM}" liveChange="fnLiveInputValueChange" class="inputStyle"></Input>
								
                                </VBox>
								<VBox >
									<!-- <Label text="{= ${oVisibilityModel>/isdefaultLan}?${oi18n_En>jobTitle}:${oi18n_En>jobTitle} +'&#10;' + ${i18n>jobTitle}}" class="fontStyle"></Label> -->
                                     <Label text="{i18n>jobTitle}" visible= "{oVisibilityModel>/isdefaultLan}" class="fontStyle" ></Label>
                                    <Label text="{oi18n_En>jobTitle}&#10;{i18n>jobTitle}" wrapping="true" visible= "{=!${oVisibilityModel>/isdefaultLan}}"></Label>
									<Input value="{oDataModel>/bankDto/financeContact1/jobTitle}" enabled="{oEnableMdl>/finance1jobTitleEnb}" valueState="{oErrorModel>/finance1JobTitleE}" valueStateText="{oErrorModel>/finance1JobTitleM}" liveChange="fnLiveInputValueChange" class="inputStyle"></Input>
								
                                </VBox>
								<VBox >
									<!-- <Label text="{= ${oVisibilityModel>/isdefaultLan}?${oi18n_En>eMail}:${oi18n_En>eMail} +'&#10;' + ${i18n>eMail}}" class="fontStyle" required="true"></Label> -->
                                     <Label text="{i18n>eMail}" visible= "{oVisibilityModel>/isdefaultLan}" class="fontStyle" required="true" ></Label>
                                    <Label text="{oi18n_En>eMail}&#10;{i18n>eMail}" wrapping="true" visible= "{=!${oVisibilityModel>/isdefaultLan}}" required="true"></Label>
									<Input maxLength="242" value="{oDataModel>/bankDto/financeContact1/email}" enabled="{oEnableMdl>/finance1eMailEnb}" valueState="{oErrorModel>/finance1EmailE}" valueStateText="{oErrorModel>/finance1EmailM}" change="fnLiveEmailNotJValid" class="inputStyle"></Input>
								
                                </VBox>

                                <VBox class="fontStyle">
                                        <Label text="{i18n>countryCode}" required="true" visible= "{oVisibilityModel>/isdefaultLan}"></Label>
                                            <Label text="{oi18n_En>countryCode}&#10;{i18n>countryCode}" required="true" wrapping="true" visible= "{=!${oVisibilityModel>/isdefaultLan}}"></Label>
                                            <VBox>
                                                <ComboBox width="100%" showSecondaryValues="true" filterSecondaryValues="true" items="{oLookUpModel>/countryContactCode}" value="{oDataModel>/bankDto/financeContact1/countryContactCode}" class="inputStyle" valueState="{oErrorModel>/finance1CountryContCodeE}" valueStateText="{oErrorModel>/finance1CountryContCodeM}" enabled="{oEnableMdl>/finance1CountryCodeEnb}" change="fnLiveValueChange">
                                                    <core:ListItem key="{oLookUpModel>code}" text="{oLookUpModel>code}" additionalText="{oLookUpModel>description}"/>
                                                </ComboBox>
                                            </VBox>
                                            <layoutData>
                                                <l:GridData spanM="1" spanL="1" spanXL="1"></l:GridData>
                                            </layoutData>
                                        </VBox>
                                        <VBox class="fontStyle">
                                        <Label text="{i18n>phoneNum}" visible= "{oVisibilityModel>/isdefaultLan}" required="true"></Label>
                                        <Label text="{oi18n_En>phoneNum}&#10;{i18n>phoneNum}" wrapping="true" visible= "{=!${oVisibilityModel>/isdefaultLan}}" required="true"></Label>
                                        <Input maxLength="31" value="{oDataModel>/bankDto/financeContact1/contact}" enabled="{oEnableMdl>/finance1phoneNumEnb}" valueState="{oErrorModel>/finance1ContE}" valueStateText="{oErrorModel>/finance1ContM}" liveChange="fnLiveInputNumericValueChange" class="inputStyle"></Input>
                                            
                                        <Text text="{= ${oVisibilityModel>/isdefaultLan}?${oi18n_En>phoneNumHelpText}:${oi18n_En>phoneNumHelpText}+ '&#10;' +${i18n>phoneNumHelpText}}" textAlign="End" class="disabledFontClr"/>
                                            <layoutData>
                                                <l:GridData spanM="2" spanL="2" spanXL="2"></l:GridData>
                                            </layoutData>
                                        </VBox>     
                                <!-- <VBox>
                                <Label text="{= ${oVisibilityModel>/isdefaultLan}?${oi18n_En>phoneNum}:${oi18n_En>phoneNum} +'/&#160;' + ${i18n>phoneNum}}" class="fontStyle" required="true"></Label>
											<Input maxLength="31" value="{oDataModel>/bankDto/financeContact1/contact}"  valueState="{oErrorModel>/finance1ContE}" valueStateText="{oErrorModel>/finance1ContM}" liveChange="fnLiveInputNumericValueChange" class="inputStyle"></Input>
                            
                            
                                        </VBox>  -->
                                                       
									
								
						 <VBox >
									<!-- <Label text="{= ${oVisibilityModel>/isdefaultLan}?${oi18n_En>extension}:${oi18n_En>extension} +'&#10;' + ${i18n>extension}}" class="fontStyle"></Label> -->
                                     <Label text="{i18n>extension}" visible= "{oVisibilityModel>/isdefaultLan}" class="fontStyle"></Label>
                                    <Label text="{oi18n_En>extension}&#10;{i18n>extension}" wrapping="true" visible= "{=!${oVisibilityModel>/isdefaultLan}}"></Label>
									<Input maxLength="11" value="{oDataModel>/bankDto/financeContact1/extension}" enabled="{oEnableMdl>/finance1extensionEnb}" liveChange="fnLiveInputValueChange" class="inputStyle"></Input>
                            
								</VBox>
                                <VBox class="fontStyle">
                                        <Label text="{i18n>countryCode}" required="true" visible= "{oVisibilityModel>/isdefaultLan}"></Label>
                                            <Label text="{oi18n_En>countryCode}&#10;{i18n>countryCode}" required="true" wrapping="true" visible= "{=!${oVisibilityModel>/isdefaultLan}}"></Label>
                                            <VBox>
                                                <ComboBox width="100%" showSecondaryValues="true" filterSecondaryValues="true" items="{oLookUpModel>/countryContactCode}" value="{oDataModel>/bankDto/financeContact1/countryMobileCode}" class="inputStyle" valueState="{oErrorModel>/finance1CountryContCodeMobE}" valueStateText="{oErrorModel>/finance1CountryContCodeMobM}" enabled="{oEnableMdl>/finance1CountryCodeEnb}" change="fnLiveValueChange">
                                                    <core:ListItem key="{oLookUpModel>code}" text="{oLookUpModel>code}" additionalText="{oLookUpModel>description}"/>
                                                </ComboBox>
                                            </VBox>
                                            <layoutData>
                                                <l:GridData spanM="1" spanL="1" spanXL="1"></l:GridData>
                                            </layoutData>
                                        </VBox>
                                  <VBox>
                                <!-- <Label text="{= ${oVisibilityModel>/isdefaultLan}?${oi18n_En>mobPhone}:${oi18n_En>mobPhone} +'&#10;' + ${i18n>mobPhone}}" class="fontStyle" required="true"></Label> -->
                                 <Label text="{i18n>mobPhone}" visible= "{oVisibilityModel>/isdefaultLan}" class="fontStyle" required="true" ></Label>
                                    <Label text="{oi18n_En>mobPhone}&#10;{i18n>mobPhone}" wrapping="true" visible= "{=!${oVisibilityModel>/isdefaultLan}}" required="true"></Label>
											<Input maxLength="31" value="{oDataModel>/bankDto/financeContact1/mobile}" enabled="{oEnableMdl>/finance1mobPhoneEnb}" valueState="{oErrorModel>/finance1MobE}" valueStateText="{oErrorModel>/finance1MobM}" liveChange="fnLiveInputNumericValueChange" class="inputStyle"></Input>
                                            <layoutData>
                                                <l:GridData spanM="2" spanL="2" spanXL="2"></l:GridData>
                                            </layoutData>
                            
                                        </VBox> 
							</l:Grid>
                              <Label visible ="{=${oDataModel>/bankDto/isBankProvided} === true}" text="{= ${oVisibilityModel>/isdefaultLan}?${oi18n_En>financeContact}:${oi18n_En>financeContact} +'/&#160;' + ${i18n>financeContact}}"  class="inputStyle fontStyleItalic sapUiTinyMarginBegin sapUiTinyMarginBottom"/>
                              <Label visible ="{=${oDataModel>/bankDto/isBankProvided} === false || ${oDataModel>/bankDto/isBankProvided} === null}" text="{= ${oVisibilityModel>/isdefaultLan}?${oi18n_En>financeContact2}:${oi18n_En>financeContact2} +'/&#160;' + ${i18n>financeContact2}}"  class="inputStyle fontStyleItalic sapUiTinyMarginBegin sapUiTinyMarginBottom"/>
        <l:Grid containerQuery="true" defaultSpan="XL3 L3 M3 S12" class="gridSpacing sapUiSizeCompact sapUiTinyMarginTop sapUiTinyMarginBottom">
								<VBox>
									<!-- <Label text="{= ${oVisibilityModel>/isdefaultLan}?${oi18n_En>firstName}:${oi18n_En>firstName} +'&#10;' + ${i18n>firstName}}" class="fontStyle" required="true"></Label> -->
                                     <Label text="{i18n>firstName}" visible= "{oVisibilityModel>/isdefaultLan}" class="fontStyle" required="true" ></Label>
                                    <Label text="{oi18n_En>firstName}&#10;{i18n>firstName}" wrapping="true" visible= "{=!${oVisibilityModel>/isdefaultLan}}" required="true"></Label>
									<Input maxLength="31" value="{oDataModel>/bankDto/financeContact2/firstName}" enabled="{oEnableMdl>/finance2FNameEnb}" valueState="{oErrorModel>/finance2FNameE}" valueStateText="{oErrorModel>/finance2FNameM}" liveChange="fnLiveInputAlphaValueChange" class="inputStyle"></Input>
     	
								</VBox>
								<VBox >
									<!-- <Label text="{= ${oVisibilityModel>/isdefaultLan}?${oi18n_En>lastName}:${oi18n_En>lastName} +'&#10;' + ${i18n>lastName}}" class="fontStyle" required="true"></Label> -->
                                     <Label text="{i18n>lastName}" visible= "{oVisibilityModel>/isdefaultLan}" class="fontStyle" required="true" ></Label>
                                    <Label text="{oi18n_En>lastName}&#10;{i18n>lastName}" wrapping="true" visible= "{=!${oVisibilityModel>/isdefaultLan}}" required="true"></Label>
									<Input maxLength="31" value="{oDataModel>/bankDto/financeContact2/lastName}" enabled="{oEnableMdl>/finance2LNameEnb}" valueState="{oErrorModel>/finance2LNameE}" valueStateText="{oErrorModel>/finance2LNameM}" liveChange="fnLiveInputValueChange" class="inputStyle"></Input>
							
                                </VBox>
								<VBox >
									<!-- <Label text="{= ${oVisibilityModel>/isdefaultLan}?${oi18n_En>jobTitle}:${oi18n_En>jobTitle} +'&#10;' + ${i18n>jobTitle}}" class="fontStyle"></Label> -->
                                     <Label text="{i18n>jobTitle}" visible= "{oVisibilityModel>/isdefaultLan}" class="fontStyle"></Label>
                                    <Label text="{oi18n_En>jobTitle}&#10;{i18n>jobTitle}" wrapping="true" visible= "{=!${oVisibilityModel>/isdefaultLan}}"></Label>
									<Input value="{oDataModel>/bankDto/financeContact2/jobTitle}" enabled="{oEnableMdl>/finance2jobTitleEnb}" valueState="{oErrorModel>/finance2JobTitleE}" valueStateText="{oErrorModel>/finance2JobTitleM}" liveChange="fnLiveInputValueChange" class="inputStyle"></Input>
								
                                </VBox>
								<VBox >
									<!-- <Label text="{= ${oVisibilityModel>/isdefaultLan}?${oi18n_En>eMail}:${oi18n_En>eMail} +'&#10;' + ${i18n>eMail}}" class="fontStyle" required="true"></Label> -->
                                     <Label text="{i18n>eMail}" visible= "{oVisibilityModel>/isdefaultLan}" class="fontStyle" required="true" ></Label>
                                    <Label text="{oi18n_En>eMail}&#10;{i18n>eMail}" wrapping="true" visible= "{=!${oVisibilityModel>/isdefaultLan}}" required="true"></Label>
									<Input maxLength="242" value="{oDataModel>/bankDto/financeContact2/email}" enabled="{oEnableMdl>/finance2eMailEnb}" valueState="{oErrorModel>/finance2EmailE}" valueStateText="{oErrorModel>/finance2EmailM}" change="fnLiveEmailNotJValid" class="inputStyle"></Input>
								
                                </VBox>
							
                                <!-- <VBox>
                                <Label text="{= ${oVisibilityModel>/isdefaultLan}?${oi18n_En>phoneNum}:${oi18n_En>phoneNum} +'/&#160;' + ${i18n>phoneNum}}" class="fontStyle" required="true"></Label>
											<Input maxLength="31" value="{oDataModel>/bankDto/financeContact2/contact}" valueState="{oErrorModel>/finance2ContE}" valueStateText="{oErrorModel>/finance2ContM}" liveChange="fnLiveInputNumericValueChange" class="inputStyle"></Input>
                            
                            
                                        </VBox>   -->
                                 <VBox class="fontStyle">
                                        <Label text="{i18n>countryCode}" required="true" visible= "{oVisibilityModel>/isdefaultLan}"></Label>
                                            <Label text="{oi18n_En>countryCode}&#10;{i18n>countryCode}" required="true" wrapping="true" visible= "{=!${oVisibilityModel>/isdefaultLan}}"></Label>
                                            <VBox>
                                                <ComboBox width="100%" showSecondaryValues="true" filterSecondaryValues="true" items="{oLookUpModel>/countryContactCode}" value="{oDataModel>/bankDto/financeContact2/countryContactCode}" class="inputStyle" valueState="{oErrorModel>/finance2CountryContCodeE}" valueStateText="{oErrorModel>/finance2CountryContCodeM}" enabled="{oEnableMdl>/finance2CountryCodeEnb}" change="fnLiveValueChange"> 
                                                    <core:ListItem key="{oLookUpModel>code}" text="{oLookUpModel>code}" additionalText="{oLookUpModel>description}"/>
                                                </ComboBox>
                                            </VBox>
                                            <layoutData>
                                                <l:GridData spanM="1" spanL="1" spanXL="1"></l:GridData>
                                            </layoutData>
                                        </VBox>
                                        <VBox class="fontStyle">
                                        <Label text="{i18n>phoneNum}" visible= "{oVisibilityModel>/isdefaultLan}" required="true"></Label>
                                        <Label text="{oi18n_En>phoneNum}&#10;{i18n>phoneNum}" wrapping="true" visible= "{=!${oVisibilityModel>/isdefaultLan}}" required="true"></Label>
                                            <Input maxLength="31" value="{oDataModel>/bankDto/financeContact2/contact}" enabled="{oEnableMdl>/finance2phoneNumEnb}" valueState="{oErrorModel>/finance2ContE}" valueStateText="{oErrorModel>/finance2ContM}" liveChange="fnLiveInputNumericValueChange" class="inputStyle"></Input>
                                        <Text text="{= ${oVisibilityModel>/isdefaultLan}?${oi18n_En>phoneNumHelpText}:${oi18n_En>phoneNumHelpText}+ '&#10;' +${i18n>phoneNumHelpText}}" textAlign="End" class="disabledFontClr"/>
                                            <layoutData>
                                                <l:GridData spanM="2" spanL="2" spanXL="2"></l:GridData>
                                            </layoutData>
                                        </VBox>     
                                                       
									
								
						 <VBox >
									<!-- <Label text="{= ${oVisibilityModel>/isdefaultLan}?${oi18n_En>extension}:${oi18n_En>extension} +'&#10;' + ${i18n>extension}}" class="fontStyle"></Label> -->
                                     <Label text="{i18n>extension}" visible= "{oVisibilityModel>/isdefaultLan}" class="fontStyle"></Label>
                                    <Label text="{oi18n_En>extension}&#10;{i18n>extension}" wrapping="true" visible= "{=!${oVisibilityModel>/isdefaultLan}}"></Label>
									<Input maxLength="11" value="{oDataModel>/bankDto/financeContact2/extension}" enabled="{oEnableMdl>/finance2extensionEnb}" liveChange="fnLiveInputValueChange" class="inputStyle"></Input>
                                 
								</VBox>
                                <VBox class="fontStyle">
                                        <Label text="{i18n>countryCode}" required="true" visible= "{oVisibilityModel>/isdefaultLan}"></Label>
                                            <Label text="{oi18n_En>countryCode}&#10;{i18n>countryCode}" required="true" wrapping="true" visible= "{=!${oVisibilityModel>/isdefaultLan}}"></Label>
                                            <VBox>
                                                <ComboBox width="100%" showSecondaryValues="true" filterSecondaryValues="true" items="{oLookUpModel>/countryContactCode}" value="{oDataModel>/bankDto/financeContact2/countryMobileCode}" class="inputStyle" valueState="{oErrorModel>/finance2CountryContCodeMobE}" valueStateText="{oErrorModel>/finance2CountryContCodeMobM}" enabled="{oEnableMdl>/finance2CountryCodeEnb}" change="fnLiveValueChange"> 
                                                    <core:ListItem key="{oLookUpModel>code}" text="{oLookUpModel>code}" additionalText="{oLookUpModel>description}"/>
                                                </ComboBox>
                                            </VBox>
                                            <layoutData>
                                                <l:GridData spanM="1" spanL="1" spanXL="1"></l:GridData>
                                            </layoutData>
                                        </VBox>
                                  <VBox>
                                <!-- <Label text="{= ${oVisibilityModel>/isdefaultLan}?${oi18n_En>mobPhone}:${oi18n_En>mobPhone} +'&#10;' + ${i18n>mobPhone}}" class="fontStyle" required="true"></Label> -->
                                 <Label text="{i18n>mobPhone}" visible= "{oVisibilityModel>/isdefaultLan}" class="fontStyle" required="true" ></Label>
                                    <Label text="{oi18n_En>mobPhone}&#10;{i18n>mobPhone}" wrapping="true" visible= "{=!${oVisibilityModel>/isdefaultLan}}" required="true"></Label>
											<Input maxLength="31" value="{oDataModel>/bankDto/financeContact2/mobile}" enabled="{oEnableMdl>/finance2mobPhoneEnb}"  valueState="{oErrorModel>/finance2MobE}" valueStateText="{oErrorModel>/finance2MobM}" liveChange="fnLiveInputNumericValueChange" class="inputStyle"></Input>
                               
                            
                                        </VBox> 
							</l:Grid>
      <Label labelFor="allowFinStat" required="true" text="{= ${oVisibilityModel>/isdefaultLan}?${oi18n_En>allowFinStatText}:${oi18n_En>allowFinStatText} +'/&#160;' +${i18n>allowFinStatText}}" wrapping="true" class="fontStyle sapUiTinyMarginTop sapUiTinyMarginBegin"/>
		<RadioButtonGroup id="allowFinStat" columns="1" class="inputStyle" selectedIndex="{oDataModel>/financeInfoDto/doesFinancialStatements}"  valueState="{oErrorModel>/doesFinancialStatementsE}" select="fnClearValueState" enabled="{oEnableMdl>/doesFinancialStatementsEnb}">
			<RadioButton text="{= ${oVisibilityModel>/isdefaultLan}?${oi18n_En>yes}:${oi18n_En>yes} +'/&#160;' +${i18n>yes}}"></RadioButton>
			<RadioButton text="{= ${oVisibilityModel>/isdefaultLan}?${oi18n_En>noPC}:${oi18n_En>noPC} +'/&#160;' +${i18n>noPC}}"></RadioButton>
            <RadioButton text="{= ${oVisibilityModel>/isdefaultLan}?${oi18n_En>noNDC}:${oi18n_En>noNDC} +'/&#160;' +${i18n>noNDC}}"></RadioButton>
			<RadioButton text="{= ${oVisibilityModel>/isdefaultLan}?${oi18n_En>noNA}:${oi18n_En>noNA} +'/&#160;' +${i18n>noNA}}"></RadioButton>
		</RadioButtonGroup>
        
        <Label labelFor="isFinAudited" required="true" text="{= ${oVisibilityModel>/isdefaultLan}?${oi18n_En>doesAuditHapnd}:${oi18n_En>doesAuditHapnd} +'/&#160;' +${i18n>doesAuditHapnd}}" wrapping="true" class="fontStyle  sapUiTinyMarginTop sapUiTinyMarginBegin"/>
		<RadioButtonGroup id="isFinAudited" class="inputStyle" columns="2" selectedIndex="{=${oDataModel>/financeInfoDto/financeAuditedLast12M} === true? 0 :(${oDataModel>/financeInfoDto/financeAuditedLast12M}=== false ?1: -1)}" valueState="{oErrorModel>/financeAuditedLast12ME}" select="fnClearValueState" enabled="{oEnableMdl>/financeAuditedLast12MEnb}">
			<RadioButton text="{= ${oVisibilityModel>/isdefaultLan}?${oi18n_En>yes}:${oi18n_En>yes} +'/&#160;' +${i18n>yes}}" selected="{oDataModel>/financeInfoDto/financeAuditedLast12M}"></RadioButton>
			<RadioButton text="{= ${oVisibilityModel>/isdefaultLan}?${oi18n_En>no}:${oi18n_En>no} +'/&#160;' +${i18n>no}}" select="fnSelectionChange"></RadioButton>
		</RadioButtonGroup>
       <VBox class="fontStyle sapUiSizeCompact" visible="{=${oDataModel>/financeInfoDto/financeAuditedLast12M}=== true}">
        <Label text="{i18n>auditorName}" required="{oDataModel>/financeInfoDto/financeAuditedLast12M}" wrapping="true" visible = "{oVisibilityModel>/isdefaultLan}" class="fontStyle sapUiTinyMarginBegin sapUiTinyMarginTop"/>
          <Label text="{oi18n_En>auditorName}&#10;{i18n>auditorName}" required="{oDataModel>/financeInfoDto/financeAuditedLast12M}"  wrapping="true"  visible= "{=!${oVisibilityModel>/isdefaultLan}}" class="fontStyle sapUiTinyMarginBegin sapUiTinyMarginTop"/>
        <Input maxLength="255" width="50%" valueState="{oErrorModel>/financeUserAuditE}" valueStateText="{oErrorModel>/financeUserAuditM}" value="{oDataModel>/financeInfoDto/userAudited}" liveChange="fnValueChange" enabled="{oEnableMdl>/userAuditedEnb}" class="inputStyle sapUiSizeCompact sapUiTinyMarginBegin"/>
        </VBox>
        </l:VerticalLayout></Panel>
	
	<VBox visible="true" class="sapUiMediumMarginTop">
		<Text text="{= ${oVisibilityModel>/isdefaultLan}?${oi18n_En>Attachments}:${oi18n_En>Attachments}+ '/&#160;'+${i18n>Attachments}}" class="fontBold  sapUiTinyMarginBegin"/>
<HBox><Label required="{oDataModel>/bankDto/isBankProvided}" text="{= ${oVisibilityModel>/isdefaultLan}?${oi18n_En>bankAttachText1}:${oi18n_En>bankAttachText1}+ '/&#160;'+${i18n>bankAttachText1}}" wrapping="true" class="fontBold sapUiTinyMarginTop sapUiTinyMarginBegin"/>
			<Button tooltip="{oPopoverModel>/bankInfoInfoText/info}" icon="sap-icon://message-information" type="Transparent" class="sapUiSizeCompact infoBtn"/>
           </HBox> <HBox wrap="Wrap">
				<u:FileUploader id="fileUploader_BA" buttonOnly="true" buttonText="{= ${oVisibilityModel>/isdefaultLan}?${oi18n_En>addAttachment}:${oi18n_En>addAttachment} + '/&#160;' +${i18n>addAttachment}}" iconFirst="true" icon="sap-icon://add" multiple="true"
					useMultipart="true" change="fnOnFileUpload" sameFilenameAllowed="true" uploadComplete="fnOnUploadComplete" enabled="{oVisibilityModel>/_FinanceReviewEdit}"
					class="sapUiSizeCompact sapUiTinyMarginTop sapUiTinyMarginBegin"></u:FileUploader>
				<g:GridList width="auto" items="{oAttachmentList>/0/bankDArray}" growing="true" class="attachmentList1 sapUiSizeCompact addMoreBtn attachmentMargin sapUiMediumMarginBegin">
					<g:customLayout>
						<grid:GridResponsiveLayout>
							<grid:layoutS>
								<grid:GridSettings gridTemplateColumns="1fr" gridGap="1rem"/>
							</grid:layoutS>
							<grid:layoutM>
								<grid:GridSettings gridTemplateColumns="1fr 1fr" gridGap="1rem"/>
							</grid:layoutM>
							<grid:layoutL>
								<grid:GridSettings gridTemplateColumns="1fr 1fr 1fr" gridGap="1rem"/>
							</grid:layoutL>
							<grid:layoutXL>
								<grid:GridSettings gridTemplateColumns="1fr 1fr 1fr" gridGap="1rem"/>
							</grid:layoutXL>
						</grid:GridResponsiveLayout>
					</g:customLayout>
					<g:GridListItem>
						<HBox>
							<HBox width="90%" class="sapUiTinyMarginBegin sapUiSizeCompact">
								<core:Icon src="{path:'oAttachmentList>fileExt',formatter:'com.jabil.surveyform.formatter.formatter.mediaTypeformatter'}"
									class="attachmentIcon sapUiTinyMarginBegin sapUiTinyMarginTop sapUiTinyMarginBottom" size="2.5rem" color="#48639d"/>
								<VBox><Text text="{oAttachmentList>name}" class="sapUiTinyMarginBegin sapUiTinyMarginTop sapUiTinyMarginBottom sapUiLargeMarginEnd"/>
							<Text text="{oAttachmentList>fileSize}" class="sapUiTinyMarginBegin sapUiTinyMarginBottom sapUiLargeMarginEnd"/>
                            </VBox></HBox>
							<VBox alignItems="Center" class="sapUiTinyMarginEnd sapUiTinyMarginTop sapUiTinyMarginBottom">
								<core:Icon src="sap-icon://decline" class="docIconStyle" press="fnOnCancelAttachment" visible="{oEnableMdl>/deletDocVsb}"/>
								<core:Icon src="sap-icon://download" class="docIconStyle" press="fnOnDownlAttachment"/>
							</VBox>
						</HBox>
					</g:GridListItem>
				</g:GridList>
			</HBox>
	</VBox>
</core:FragmentDefinition>