<core:FragmentDefinition xmlns="sap.m" xmlns:f="sap.ui.layout.form" xmlns:core="sap.ui.core" xmlns:l="sap.ui.layout" xmlns:u="sap.ui.unified"
	xmlns:grid="sap.ui.layout.cssgrid"
	xmlns:g="sap.f" async="true"
	>
     <VBox>
      <Label text="{i18n>compProdVerb}" required="true" wrapping="true" visible= "{oVisibilityModel>/isdefaultLan}" class="sapUiTinyMarginTop sapUiTinyMarginBegin fontStyle fontStyleItalic"/>
    <Label text="{oi18n_En>compProdVerb}&#10;{i18n>compProdVerb}" required="true" wrapping="true" visible= "{=!${oVisibilityModel>/isdefaultLan}}" class="sapUiTinyMarginTop sapUiTinyMarginBegin fontStyle fontStyleItalic"/>
     <HBox fitContainer= "true" wrap="Wrap" class="sapUiSizeCompact">
     <CheckBox id="OperServId" text="{= ${oVisibilityModel>/isdefaultLan}?${oi18n_En>OprSer}:${oi18n_En>OprSer} +'/' + ${i18n>OprSer}}" class="fontStyle inputStyle" selected="{oDataModel>/comProductsUiDto/isOperationServices}" enabled="{oEnableMdl>/isOperationServicesEnb}"  />
     <!-- <CheckBox text="{oi18n_En>OprSer}/&#160;{i18n>OprSer}" class="fontStyle inputStyle" selected="{oDataModel>/comProductsUiDto/isOperationServices}" enabled="{oEnableMdl>/isOperationServicesEnb}" visible= "{=!${oVisibilityModel>/isdefaultLan}}"/> -->
     <!-- <Link text="{i18n>moreInfo}" target="_blank" href="" wrapping="true" class="sapUiTinyMarginBegin sapUiTinyMarginTop"/> -->
     <layoutData>
     <FlexItemData growFactor="1"></FlexItemData></layoutData>
     </HBox>
     <g:GridList items="{oLookUpModel>/operationServices}"  id="operServList" mode="MultiSelect" selectionChange="fnOperationServiceSel" visible="{oDataModel>/comProductsUiDto/isOperationServices}" class="gList sapUiTinyMarginBegin sapUiTinyMarginTop sapUiSizeCompact" >
     	<g:customLayout>
			<grid:GridBasicLayout gridTemplateColumns="repeat(auto-fit, minmax(16rem, 1fr))" gridGap="0.5rem" />
		</g:customLayout>
        <g:GridListItem class="inputStyle" >
        <HBox>
        <Label text="{oLookUpModel>value}" tooltip="{oLookUpModel>tooltip}" class="sapUiTinyMarginTop" labelFor="OprServId"/>
        <Input id="OprServId" maxLength="255" value="{oLookUpModel>otherValue}" visible="{=${oLookUpModel>value} === 'Other'? true: false}" enabled="{oEnableMdl>/operationServicesotherValueEnb}" required="{=${oLookUpModel>value} === 'Other' &amp;&amp; ${oDataModel>/comProductsUiDto/isoperServOtherSelected}===true ? true: false}" valueState="{oErrorModel>/operServOtherValE}" valueStateText="{oErrorModel>/operServOtherValM}" change="onEnterOtherValueOperServ" liveChange="fnValueChange" class="otherStyle" />
        </HBox>
        </g:GridListItem>
     	<!-- <g:GridListItem class="inputStyle">
        <Text text="Information Technology / Software" class="sapUiTinyMarginTop"/>
        </g:GridListItem>
        <g:GridListItem class="inputStyle">
       
          <Text text="Cleaning Services " class="sapUiTinyMarginTop"/>
          </g:GridListItem><g:GridListItem class="inputStyle">
          <Text text="Food / Canteen Services"  class="sapUiTinyMarginTop"/>
          </g:GridListItem><g:GridListItem class="inputStyle" > 
          <Text text="Human Labor / Manufacturing Labor" class="sapUiTinyMarginTop"/>
         
           </g:GridListItem><g:GridListItem class="inputStyle">
         <Text text="Waste / Refuse Management"  class="sapUiTinyMarginTop"/>
           </g:GridListItem><g:GridListItem class="inputStyle" >
         <Text text="Landscaping/Ground Maintenance" class="sapUiTinyMarginTop"/>
           </g:GridListItem><g:GridListItem class="inputStyle">
          <Text text="Safety / Security Services" class="sapUiTinyMarginTop"/>
           </g:GridListItem><g:GridListItem class="inputStyle" >
          <Text text="e-scrap / e-waste / recycling" class="sapUiTinyMarginTop"/>
           </g:GridListItem><g:GridListItem class="inputStyle">
          <Text text="Bus/Taxi Transportation Services" class="sapUiTinyMarginTop"/>
           </g:GridListItem><g:GridListItem class="inputStyle" >
           <Text text="Office Supplies" class="sapUiTinyMarginTop"/>
           </g:GridListItem><g:GridListItem class="inputStyle">
          <Text text="Freight Carrier / Logistics" class="sapUiTinyMarginTop"/> 
           </g:GridListItem><g:GridListItem class="inputStyle">
           <Text text="Other" class="sapUiTinyMarginTop"/>
   </g:GridListItem> -->
   </g:GridList>
   <HBox wrap="Wrap" class="sapUiSizeCompact">
     <CheckBox text="{i18n>manProd}" wrapping="true" class="fontStyle inputStyle" selected="{oDataModel>/comProductsUiDto/isManufacturingProcessSupplies}" enabled="{oEnableMdl>/isManufacturingProcessSuppliesEnb}" visible= "{oVisibilityModel>/isdefaultLan}" />
      <CheckBox text="{oi18n_En>manProd}/&#160;{i18n>manProd}" wrapping="true" class="fontStyle inputStyle" selected="{oDataModel>/comProductsUiDto/isManufacturingProcessSupplies}" enabled="{oEnableMdl>/isManufacturingProcessSuppliesEnb}" visible= "{=!${oVisibilityModel>/isdefaultLan}}"/>
     <!-- <Link text="{i18n>moreInfo}" target="_blank" href="" wrapping="true" class="sapUiTinyMarginBegin sapUiTinyMarginTop"/> -->
     <layoutData>
     <FlexItemData growFactor="1"></FlexItemData></layoutData>
     </HBox>
    <g:GridList items="{oLookUpModel>/manufacturingProcessSupplies}" id="manServList" mode="MultiSelect" selectionChange="fnManufaturingProdSel" visible="{oDataModel>/comProductsUiDto/isManufacturingProcessSupplies}" class="gList sapUiTinyMarginBegin sapUiTinyMarginTop sapUiSizeCompact">
     	<g:customLayout>
			<grid:GridBasicLayout gridTemplateColumns="repeat(auto-fit, minmax(16rem, 1fr))" gridGap="0.5rem" />
		</g:customLayout>
         <g:GridListItem class="inputStyle">
        <HBox>
        <Label text="{oLookUpModel>value}"  tooltip="{oLookUpModel>tooltip}" class="sapUiTinyMarginTop" labelFor="ManProdId"/>
        <Input id="ManProdId" maxLength="255" value="{oLookUpModel>otherValue}" visible="{=${oLookUpModel>value} === 'Other'? true: false}" enabled="{oEnableMdl>/manufacturingProcessSuppliesotherValueEnb}" required="{=${oLookUpModel>value} === 'Other' &amp;&amp; ${oDataModel>/comProductsUiDto/isManProdOtherSelected}===true ? true: false}" valueState="{oErrorModel>/manProOtherValE}" valueStateText="{oErrorModel>/manProOtherValM}" change="onEnterOtherValueManProd" liveChange="fnValueChange" class="otherStyle" />
        </HBox>
        </g:GridListItem>
     	<!-- <g:GridListItem class="inputStyle">
         
        <Text text="Component Manufacturer" class="sapUiTinyMarginTop"/>
        </g:GridListItem><g:GridListItem class="inputStyle">
      
          <Text text="Lubricants / Oil / Cutting Fluid" class="sapUiTinyMarginTop"/>
          </g:GridListItem><g:GridListItem class="inputStyle">
        <Text text="Packaging"  class="sapUiTinyMarginTop"/>
          </g:GridListItem><g:GridListItem class="inputStyle"> 
          
          <Text text="Manufacturing Sub-contractor" class="sapUiTinyMarginTop"/>  
           </g:GridListItem><g:GridListItem class="inputStyle">
           
           <Text text="Tools / Tooling"  class="sapUiTinyMarginTop"/>
           </g:GridListItem><g:GridListItem class="inputStyle">
           
           <Text text="Cutter / Cutting Tool" class="sapUiTinyMarginTop"/>
           </g:GridListItem><g:GridListItem class="inputStyle">
           
           <Text text="Franchised Distributor" class="sapUiTinyMarginTop"/>
           </g:GridListItem><g:GridListItem class="inputStyle">
           
           <Text text="Solder / Flux / Adhesives" class="sapUiTinyMarginTop"/>
           </g:GridListItem><g:GridListItem class="inputStyle">
          
          <Text text="Independent Distributor/Broker/Trading" class="sapUiTinyMarginTop"/>
           </g:GridListItem><g:GridListItem class="inputStyle">
           <Text text="Brackets / Fixtures / Jig" class="sapUiTinyMarginTop"/>
           </g:GridListItem><g:GridListItem class="inputStyle">
         <Text text="Other" class="sapUiTinyMarginTop"/>
   </g:GridListItem> -->
   </g:GridList>
<!--                   
                            <Text text="{i18n>Attachments}" class="fontBold sapUiTinyMarginTop sapUiTinyMarginBegin" visible= "{oVisibilityModel>/isdefaultLan}" />
							<Text text="{oi18n_En>Attachments}/&#160;{i18n>Attachments}" class="fontBold sapUiTinyMarginTop sapUiTinyMarginBegin"  visible= "{=!${oVisibilityModel>/isdefaultLan}}"/>
			<HBox wrap="Wrap">
				<u:FileUploader id="fileUploader_PR" buttonOnly="true" buttonText="{= ${oVisibilityModel>/isdefaultLan}?${oi18n_En>addAttachment}:${oi18n_En>addAttachment} + '/&#160;' +${i18n>addAttachment}}" iconFirst="true" icon="sap-icon://add" multiple="true"
					useMultipart="true" change="fnOnFileUpload" sameFilenameAllowed="true" uploadComplete="fnOnUploadComplete" enabled="{oEnableMdl>/comProdServAttachmentEnb}"
					class="sapUiSizeCompact sapUiTinyMarginTop sapUiTinyMarginBegin"></u:FileUploader>
				<g:GridList width="auto" items="{oAttachmentList>/0/compProdDArray}" growing="true" class="attachmentList1 sapUiSizeCompact addMoreBtn attachmentMargin sapUiMediumMarginBegin">
					<g:customLayout>
						<grid:GridResponsiveLayout>
							<grid:layoutS>
								<grid:GridSettings gridTemplateColumns="1fr" gridGap="1rem"/>
							</grid:layoutS>
							<grid:layoutM>
								<grid:GridSettings gridTemplateColumns="1fr 1fr" gridGap="1rem"/>
							</grid:layoutM>
							<grid:layoutL>
								<grid:GridSettings gridTemplateColumns="1fr 1fr 1fr" gridGap="1rem"/>
							</grid:layoutL>
							<grid:layoutXL>
								<grid:GridSettings gridTemplateColumns="1fr 1fr 1fr" gridGap="1rem"/>
							</grid:layoutXL>
						</grid:GridResponsiveLayout>
					</g:customLayout>
					<g:GridListItem>
						<HBox>
							<HBox width="90%" class="sapUiTinyMarginBegin sapUiSizeCompact">
								<core:Icon src="{path:'oAttachmentList>fileExt',formatter:'com.jabil.surveyform.formatter.formatter.mediaTypeformatter'}"
									class="attachmentIcon sapUiTinyMarginBegin sapUiTinyMarginTop sapUiTinyMarginBottom" size="2.5rem" color="#48639d"/>
							<VBox>	<Text text="{oAttachmentList>name}" class="sapUiTinyMarginBegin sapUiTinyMarginTop sapUiTinyMarginBottom sapUiLargeMarginEnd"/>
							<Text text="{oAttachmentList>fileSize}" class="sapUiTinyMarginBegin sapUiTinyMarginBottom sapUiLargeMarginEnd"/>
                            </VBox>
                            </HBox>
							<VBox alignItems="Center" class="sapUiTinyMarginEnd sapUiTinyMarginTop sapUiTinyMarginBottom">
								<core:Icon src="sap-icon://decline" class="docIconStyle" press="fnOnCancelAttachment"/>
								<core:Icon src="sap-icon://download" class="docIconStyle" press="fnOnDownlAttachment"/>
							</VBox>
						</HBox>
					</g:GridListItem>
				</g:GridList>
			</HBox> -->
      </VBox>
   
    </core:FragmentDefinition>