<core:FragmentDefinition xmlns="sap.m" xmlns:f="sap.ui.layout.form" xmlns:core="sap.ui.core" xmlns:l="sap.ui.layout"
    xmlns:grid="sap.ui.layout.cssgrid"
	xmlns:g="sap.f"
    xmlns:u="sap.ui.unified"
    xmlns:html ="sap.ui.core.HTML"
    async="true"
	>
    <VBox class="fontStyle sapUiSizeCompact">
    <Label labelFor="securitySys" required="true" text="{= ${oVisibilityModel>/isdefaultLan}?${oi18n_En>cyberHeader}:${oi18n_En>cyberHeader} +'&#10;' +${i18n>cyberHeader}}" wrapping="true" class="fontStyle sapUiTinyMarginTop sapUiTinyMarginBegin"/>
        <core:HTML visible="{oVisibilityModel>/isdefaultLan}"
						content='&lt;p style=&quot;font-size:0.875rem;letter-spacing: 0.17px;&quot;class=&quot;fontStyle1 sapUiTinyMarginBegin&quot;&gt;{i18n>cyberNote1}&lt;a target=&quot;_blank&quot; href=&quot;https://www.jabil.com/dam/jcr:fbd18f53-7575-4143-abf0-886ae3b54db6/Supplier%20Information%20Security%20Requirements.pdf&quot;&gt;{i18n>cyberNoteLink}&lt;/a&gt;{i18n>cyberNote2}&lt;/p&gt;'></core:HTML>
          <core:HTML visible="{=!${oVisibilityModel>/isdefaultLan}}"
						content='&lt;p style=&quot;font-size:0.875rem;letter-spacing: 0.17px;&quot;class=&quot;fontStyle1 sapUiTinyMarginBegin&quot;&gt;{oi18n_En>cyberNote1}/&#160;{i18n>cyberNote1}&lt;a target=&quot;_blank&quot; href=&quot;https://www.jabil.com/dam/jcr:fbd18f53-7575-4143-abf0-886ae3b54db6/Supplier%20Information%20Security%20Requirements.pdf&quot;&gt;{oi18n_En>cyberNoteLink}/&#160;{i18n>cyberNoteLink}&lt;/a&gt;{oi18n_En>cyberNote2}/&#160;{i18n>cyberNote2}&lt;/p&gt;'></core:HTML>
        <RadioButtonGroup id="securitySys" columns="2" selectedIndex="{=${oDataModel>/itCyberDto/orgConnectToJabilSystem} === true? 0 :(${oDataModel>/itCyberDto/orgConnectToJabilSystem}=== false ?1: -1)}"  valueState="{oErrorModel>/orgConnectToJabilSystemE}" select="fnClearValueState" class="inputStyle" enabled="{oEnableMdl>/orgConnectToJabilSystemEnb}">
			<RadioButton text="{= ${oVisibilityModel>/isdefaultLan}?${oi18n_En>yes}:${oi18n_En>yes} +'/&#160;' +${i18n>yes}}" selected="{oDataModel>/itCyberDto/orgConnectToJabilSystem}"></RadioButton>
			<RadioButton text="{= ${oVisibilityModel>/isdefaultLan}?${oi18n_En>no}:${oi18n_En>no} +'/&#160;' +${i18n>no}}" select="fnSelectionChange"></RadioButton>
		</RadioButtonGroup>
         <Label text="{= ${oVisibilityModel>/isdefaultLan}?${oi18n_En>securitySysQues}:${oi18n_En>securitySysQues} +'&#10;' +${i18n>securitySysQues}}"  visible="{=${oDataModel>/itCyberDto/orgConnectToJabilSystem} === true}" wrapping="true" class="fontStyle sapUiTinyMarginTop sapUiTinyMarginBegin"/>
         <g:GridList items="{path:'oLookUpModel>/orgEstablishConnection', sorter:{path:'value'}}" visible="{=${oDataModel>/itCyberDto/orgConnectToJabilSystem} === true}" class="gList sapUiTinyMarginTop sapUiSizeCompact">
     	<g:customLayout>
			  <!-- <grid:GridBasicLayout gridTemplateColumns="2fr 2fr" gridGap="0.5rem" />  -->
              	<grid:GridResponsiveLayout>
							<grid:layoutS>
								<grid:GridSettings gridTemplateColumns="1fr" gridGap="1rem"/>
							</grid:layoutS>
							<grid:layoutM>
								<grid:GridSettings gridTemplateColumns="2fr 2fr" gridGap="1rem"/>
							</grid:layoutM>
                            <grid:layoutL>
								<grid:GridSettings gridTemplateColumns="2fr 2fr" gridGap="1rem"/>
							</grid:layoutL>
                            <grid:layoutXL>
								<grid:GridSettings gridTemplateColumns="2fr 2fr" gridGap="1rem"/>
							</grid:layoutXL>
				</grid:GridResponsiveLayout>
        </g:customLayout> 
        
        <g:GridListItem>
         	 <!-- <VBox> -->
         <HBox width="{deviceModel>/hBoxWidth}">
         <CheckBox selected="{oLookUpModel>isSelected}" class="inputStyle" enabled="{oEnableMdl>/orgEstablishConnectionisSelectedEnb}" valueState="{oErrorModel>/orgEstablishConnectionSelectedE}" select="onSelectOrgEstablishConnection"></CheckBox>
        <Text text="{oLookUpModel>value}" class="sapUiTinyMarginTop" wrapping="true"/>
        <Button visible="{=${oLookUpModel>value} === 'Other connection type'? false: true}" tooltip="{oLookUpModel>tooltip}" icon="sap-icon://message-information" type="Transparent" press="fnOnPressInfoIcon" class="sapUiSizeCompact infoBtn"/>
       </HBox>
       <TextArea value="{oLookUpModel>otherValue}" liveChange="fnValueChange" placeholder="{i18n>otherData}" enabled="{oEnableMdl>/orgEstablishConnectionotherValueEnb}" visible="{=${oLookUpModel>value} === 'Other connection type'? true: false}" maxLength="255" class="inputStyle inputStyleTA2 sapUiSizeCompact sapUiTinyMarginTop sapUiSmallMarginBegin"/>
        <!-- </VBox> -->
         </g:GridListItem>
     	<!-- <g:GridListItem>
         	
         <CheckBox class="inputStyle" ></CheckBox>
        <Text text="Jabil provided Virtual Private Network (VPN)" class="sapUiTinyMarginTop"/>
        <Button tooltip="VPNInfo" icon="sap-icon://message-information" type="Transparent" press="fnOnPressInfoIcon" class="sapUiSizeCompact infoBtn"/>
        </g:GridListItem><g:GridListItem>
          <CheckBox class="inputStyle"></CheckBox> 
          <Text text="Jabil provided Commercial/Open Source technology i.e. TeamViewer, LogMeIn or VNC" wrapping="true" class="sapUiTinyMarginTop"/>
          <Button tooltip="VNCInfo" icon="sap-icon://message-information" type="Transparent" press="fnOnPressInfoIcon" class="sapUiSizeCompact infoBtn"/>
          </g:GridListItem><g:GridListItem> 
          <CheckBox class="inputStyle"></CheckBox><Text text="Jabil provided application logon using a username and password or single sign on" wrapping="true" class="sapUiTinyMarginTop"/>
         <Button tooltip="OSSInfo" icon="sap-icon://message-information" type="Transparent" press="fnOnPressInfoIcon" class="sapUiSizeCompact infoBtn"/>
           </g:GridListItem>-->
           <!-- <g:GridListItem>
         <VBox>
         <HBox>
           <CheckBox class="inputStyle"></CheckBox>
            <Text text="Other connection type (please describe in the comments)"  class="fontStyle sapUiTinyMarginTop"/>
          </HBox>
          <TextArea maxLength="1000" class="inputStyle sapUiSizeCompact sapUiMediumMarginBegin"/>
          </VBox>
   </g:GridListItem> -->
   </g:GridList>
   <Label required="true" labelFor="willOrgCollectJabilData" text="{= ${oVisibilityModel>/isdefaultLan}?${oi18n_En>willOrgCollectJabilData}:${oi18n_En>willOrgCollectJabilData} +'&#10;' +${i18n>willOrgCollectJabilData}}" wrapping="true" class="fontStyle sapUiTinyMarginTop sapUiTinyMarginBegin"/>
        <RadioButtonGroup id="willOrgCollectJabilData" columns="2" selectedIndex="{=${oDataModel>/itCyberDto/orgMaintainProcessDataFromJabil} === true? 0 :(${oDataModel>/itCyberDto/orgMaintainProcessDataFromJabil}=== false ?1: -1)}"  valueState="{oErrorModel>/orgMaintainProcessDataFromJabilE}" select="fnClearValueState" class="inputStyle" enabled="{oEnableMdl>/orgMaintainProcessDataFromJabilEnb}">
			<RadioButton text="{= ${oVisibilityModel>/isdefaultLan}?${oi18n_En>yes}:${oi18n_En>yes} +'/&#160;' +${i18n>yes}}" selected="{oDataModel>/itCyberDto/orgMaintainProcessDataFromJabil}"></RadioButton>
			<RadioButton text="{= ${oVisibilityModel>/isdefaultLan}?${oi18n_En>no}:${oi18n_En>no} +'/&#160;' +${i18n>no}}" select="fnSelectionChange"></RadioButton>
		</RadioButtonGroup>
        <Label text="{= ${oVisibilityModel>/isdefaultLan}?${oi18n_En>selectDataTypes}:${oi18n_En>selectDataTypes} +'&#10;' +${i18n>selectDataTypes}}"  visible="{=${oDataModel>/itCyberDto/orgMaintainProcessDataFromJabil} === true}" wrapping="true" class="fontStyle sapUiTinyMarginTop sapUiTinyMarginBegin"/>
         <g:GridList  items="{oLookUpModel>/orgBusinessActivities}" visible="{=${oDataModel>/itCyberDto/orgMaintainProcessDataFromJabil}=== true}" class="gList fontStyle sapUiTinyMarginTop sapUiSizeCompact">
     	<g:customLayout>
			  <grid:GridBasicLayout gridTemplateColumns="1fr" gridGap="0.5rem" /> 
			
        </g:customLayout> 
        
     	<!-- <g:GridListItem>
         	
         <CheckBox class="inputStyle"></CheckBox>
        <Text text="Jabil Restricted Information (Critical technology and core intellectual property, pre-market public financials, M&amp;A, Legal and Compliance data)" class="sapUiTinyMarginTop"/>
        </g:GridListItem><g:GridListItem>
          <CheckBox class="inputStyle"></CheckBox> 
          <Text text="Regulated or Contractual Information (ITAR, SOX, Jabil Customer information, FDA, HIPPA, etc. )" class="sapUiTinyMarginTop"/>
          </g:GridListItem><g:GridListItem> 
          <CheckBox class="inputStyle"></CheckBox><Text text="Jabil Employee Information (Personal Identifiable Information (PII), medical or health, payroll, compensation etc.)" class="sapUiTinyMarginTop"/>
        </g:GridListItem><g:GridListItem>
          <CheckBox class="inputStyle"></CheckBox> 
          <Text text="Jabil Confidential Information (internal use only policies and procedures, software or hardware technology, technical specs, IT Security information, BOMs, business plans, budget, marketing strategies etc.)" wrapping="true" class="sapUiTinyMarginTop"/>        
           </g:GridListItem><g:GridListItem>
         <VBox>
         <HBox>
           <CheckBox class="inputStyle"></CheckBox>
            <Text text="Other data type (please describe in the comments)"  class="sapUiTinyMarginTop"/>
          </HBox>
          <TextArea maxLength="1000" class="inputStyle sapUiSizeCompact sapUiMediumMarginBegin"/>
          </VBox>
   </g:GridListItem> -->
   <g:GridListItem>
         <!-- <VBox> -->
         <HBox width="{deviceModel>/hBoxWidth}">	
         <CheckBox selected="{oLookUpModel>isSelected}" class="inputStyle" enabled="{oEnableMdl>/orgBusinessActivitiesisSelectedEnb}" valueState="{oErrorModel>/orgBusinessActivitiesisSelectedE}" select="onSelectOrgBusinessActivities"></CheckBox>
        <Text text="{oLookUpModel>value}" class="sapUiTinyMarginTop"/>
        <Button visible="{=${oLookUpModel>tooltip} === ''? false: true}" tooltip="{oLookUpModel>tooltip}" icon="sap-icon://message-information" type="Transparent" press="fnOnPressInfoIcon" class="sapUiSizeCompact infoBtn"/>
      </HBox>  <TextArea value="{oLookUpModel>otherValue}"  liveChange="fnValueChange" placeholder="{i18n>otherData}" enabled="{oEnableMdl>/orgBusinessActivitiesotherValueEnb}" visible="{=${oLookUpModel>value} === 'Other data type'? true: false}" maxLength="255" class="inputStyle inputStyleTA2 sapUiSizeCompact sapUiTinyMarginTop sapUiSmallMarginBegin" />
        <!-- </VBox> -->
        </g:GridListItem>
   </g:GridList>
   <VBox class="fontStyle sapUiSizeCompact" visible="{=${oDataModel>/itCyberDto/orgConnectToJabilSystem} === true || ${oDataModel>/itCyberDto/orgMaintainProcessDataFromJabil} === true}">
    <!-- <core:HTML
						content='&lt;p style=&quot;font-size:0.875rem;letter-spacing: 0.17px;&quot;class=&quot;fontStyle1 sapUiTinyMarginBegin&quot;&gt;{i18n>orgCertificate1}&lt;a target=&quot;_blank&quot; href=&quot;http://en.wikipedia.org/wiki/Lorem_ipsum&quot;&gt;{i18n>orgCertificateLink}&lt;/a&gt;{i18n>orgCertificate2}&lt;/p&gt;'></core:HTML> -->
    <HBox class="fontStyle sapUiSizeCompact">
   <Label required="true" labelFor="isOrgCertified" visible="true" text="{= ${oVisibilityModel>/isdefaultLan}?${oi18n_En>orgCertificate}:${oi18n_En>orgCertificate} + '/&#160;' +${i18n>orgCertificate}}" wrapping="true" class="fontStyle sapUiTinyMarginTop sapUiTinyMarginBegin"/>
     <Text text="{= ${oVisibilityModel>/isdefaultLan}?${oi18n_En>hoverText}:${oi18n_En>hoverText} + '&#10;' +${i18n>hoverText}}" class="hOverInfo sapUiTinyMarginTop" tooltip="{oPopoverModel>/orgCertInfo/info}"/></HBox>
        <RadioButtonGroup id="isOrgCertified" enabled="{oEnableMdl>/certifiedForInfoSecurityEnb}" columns="2" selectedIndex="{=${oDataModel>/itCyberDto/certifiedForInfoSecurity} === true? 0 :(${oDataModel>/itCyberDto/certifiedForInfoSecurity}=== false ?1: -1)}"  valueState="{oErrorModel>/certifiedForInfoSecurityE}" select="fnClearValueState" class="inputStyle">
			<RadioButton text="{= ${oVisibilityModel>/isdefaultLan}?${oi18n_En>yes}:${oi18n_En>yes} +'/&#160;' +${i18n>yes}}" selected="{oDataModel>/itCyberDto/certifiedForInfoSecurity}"></RadioButton>
			<RadioButton text="{= ${oVisibilityModel>/isdefaultLan}?${oi18n_En>no}:${oi18n_En>no} +'/&#160;' +${i18n>no}}" select="fnSelectionChange"></RadioButton>
		</RadioButtonGroup>
        <Label required="true" visible="{=${oDataModel>/itCyberDto/certifiedForInfoSecurity} === true}" labelFor="isValidCert" text="{= ${oVisibilityModel>/isdefaultLan}?${oi18n_En>validCertificate}:${oi18n_En>validCertificate} + '/&#160;' +${i18n>validCertificate}}" wrapping="true" class="fontStyle sapUiTinyMarginTop sapUiTinyMarginBegin"/>
        <RadioButtonGroup id="isValidCert" visible="{=${oDataModel>/itCyberDto/certifiedForInfoSecurity} === true}" columns="2" selectedIndex="{=${oDataModel>/itCyberDto/validateCertificate} === true? 0 :(${oDataModel>/itCyberDto/validateCertificate}=== false ?1: -1)}"  valueState="{oErrorModel>/validateCertificateE}" select="fnClearValueState" class="inputStyle" enabled="{oEnableMdl>/validateCertificateEnb}">
			<RadioButton text="{= ${oVisibilityModel>/isdefaultLan}?${oi18n_En>yes}:${oi18n_En>yes} +'/&#160;' +${i18n>yes}}" selected="{oDataModel>/itCyberDto/validateCertificate}"></RadioButton>
			<RadioButton text="{= ${oVisibilityModel>/isdefaultLan}?${oi18n_En>no}:${oi18n_En>no} +'/&#160;' +${i18n>no}}" select="fnSelectionChange"></RadioButton>
		</RadioButtonGroup>
        <Label required="true" labelFor="infoSecPOC" text="{= ${oVisibilityModel>/isdefaultLan}?${oi18n_En>informationSecurityContactDetails}:${oi18n_En>informationSecurityContactDetails} + '/&#160;' +${i18n>informationSecurityContactDetails}}" wrapping="true" class="fontStyle sapUiTinyMarginTop sapUiTinyMarginBegin"/>
        <RadioButtonGroup id="infoSecPOC" columns="2" selectedIndex="{=${oDataModel>/itCyberDto/responsibleForInforSecurity} === true? 0 :(${oDataModel>/itCyberDto/responsibleForInforSecurity}=== false ?1: -1)}"  valueState="{oErrorModel>/responsibleForInforSecurityE}" select="fnClearValueState" class="inputStyle" enabled="{oEnableMdl>/responsibleForInforSecurityEnb}">
			<RadioButton text="{= ${oVisibilityModel>/isdefaultLan}?${oi18n_En>yes}:${oi18n_En>yes} +'/&#160;' +${i18n>yes}}" selected="{oDataModel>/itCyberDto/responsibleForInforSecurity}"></RadioButton>
			<RadioButton text="{= ${oVisibilityModel>/isdefaultLan}?${oi18n_En>no}:${oi18n_En>no} +'/&#160;' +${i18n>no}}" select="fnSelectionChange"></RadioButton>
		</RadioButtonGroup>
        <Text text="{i18n>infoSecurityContact}" visible= "{oVisibilityModel>/isdefaultLan}" class="fontStyle sapUiSizeCompact sapUiTinyMarginBottom sapUiTinyMarginBegin sapUiTinyMarginTop"/>
         <Text text="{oi18n_En>infoSecurityContact}&#10;{i18n>infoSecurityContact}" wrapping="true" visible= "{=!${oVisibilityModel>/isdefaultLan}}" class="fontStyle sapUiSizeCompact sapUiTinyMarginBottom sapUiTinyMarginBegin sapUiTinyMarginTop"/>	
          <l:VerticalLayout class="fontStyle sapUiSizeCompact" width="100%">
							<l:Grid containerQuery="true" defaultSpan="XL3 L3 M4 S12" class="gridSpacing sapUiSizeCompact sapUiTinyMarginTop">
								<VBox>
									<Label text="{i18n>firstNameG}" visible= "{oVisibilityModel>/isdefaultLan}" required="true" class="fontStyle"></Label>
                                    <Label text="{oi18n_En>firstNameG}&#10;{i18n>firstNameG}" wrapping="true" required="true" visible= "{=!${oVisibilityModel>/isdefaultLan}}"></Label>
									<Input valueLiveUpdate="true" maxLength="31" value="{oDataModel>/itCyberDto/itcyberSecurityContact/firstName}" valueState="{oErrorModel>/cyberSurveyFNE}" valueStateText="{oErrorModel>/cyberSurveyFNM}"  enabled="{oEnableMdl>/itcyberSecurityContactfirstNameEnb}" liveChange="fnLiveInputAlphaValueChange" class="inputStyle"></Input>
								</VBox>
								<VBox>
									<Label text="{i18n>lastNameG}" visible= "{oVisibilityModel>/isdefaultLan}" required="true" class="fontStyle"></Label>
                                    <Label text="{oi18n_En>lastNameG}&#10;{i18n>lastNameG}" wrapping="true" required="true" visible= "{=!${oVisibilityModel>/isdefaultLan}}"></Label>
									<Input valueLiveUpdate="true" maxLength="31" value="{oDataModel>/itCyberDto/itcyberSecurityContact/lastName}" valueState="{oErrorModel>/cyberSurveyLNE}" valueStateText="{oErrorModel>/cyberSurveyLNM}" enabled="{oEnableMdl>/itcyberSecurityContactlastNameEnb}" liveChange="fnLiveInputValueChange"  class="inputStyle"></Input>
								
								</VBox>
								<VBox>
									<Label text="{i18n>jobTitle}" visible= "{oVisibilityModel>/isdefaultLan}" class="fontStyle"></Label>
                                    <Label text="{oi18n_En>jobTitle}&#10;{i18n>jobTitle}" wrapping="true" visible= "{=!${oVisibilityModel>/isdefaultLan}}"></Label>
									<Input valueLiveUpdate="true" value="{oDataModel>/itCyberDto/itcyberSecurityContact/jobTitle}" liveChange="fnValueChange" enabled="{oEnableMdl>/itcyberSecurityContactjobTitleEnb}" class="inputStyle"></Input>
								</VBox>
								<VBox>
									<Label text="{i18n>eMail}" visible= "{oVisibilityModel>/isdefaultLan}" required="true" class="fontStyle"></Label>
                                    <Label text="{oi18n_En>eMail}&#10;{i18n>eMail}" wrapping="true" required="true" visible= "{=!${oVisibilityModel>/isdefaultLan}}"></Label>
									<Input valueLiveUpdate="true" maxLength="242" value="{oDataModel>/itCyberDto/itcyberSecurityContact/email}" enabled="{oEnableMdl>/itcyberSecurityContactemailEnb}" valueState="{oErrorModel>/cyberSurveyE}" valueStateText="{oErrorModel>/cyberSurveyM}" liveChange="fnRemoveSpace" change="fnLiveEmailNotJValid" class="inputStyle"></Input>
								</VBox>
								<VBox>
									<Label text="{i18n>countryCode}" required="true" visible= "{oVisibilityModel>/isdefaultLan}" class="fontStyle"></Label>
                                    <Label text="{oi18n_En>countryCode}&#10;{i18n>countryCode}" required="true" wrapping="true" visible= "{=!${oVisibilityModel>/isdefaultLan}}" class="fontStyle"></Label>
									 <VBox>
											<ComboBox width="100%" showSecondaryValues="true" filterSecondaryValues="false"  items="{oLookUpModel>/countryContactCode}" value="{oVisibilityModel>/itCyberContactCode}" selectedKey="{oDataModel>/itCyberDto/itcyberSecurityContact/countryContactCode}" valueState="{oErrorModel>/cyberSurveyCountryCodeE}" valueStateText="{oErrorModel>/cyberSurveyCountryCodeM}" change="fnLiveValueCountryCodeChange" enabled="{oEnableMdl>/itcyberSecurityContactCountrycontactEnb}" class="inputStyle">
                                                    <core:ListItem key="{oLookUpModel>key}" text="{oLookUpModel>description}" additionalText="{oLookUpModel>code}"/>
                                                </ComboBox>
                                            </VBox>
                                  <layoutData>
                                  <l:GridData spanM="1" spanL="1" spanXL="1"></l:GridData></layoutData>
                                       </VBox>
								<VBox>
                                <Label text="{i18n>phoneNum}" visible= "{oVisibilityModel>/isdefaultLan}" required="true" class="fontStyle"></Label>
                                <Label text="{oi18n_En>phoneNum}&#10;{i18n>phoneNum}" wrapping="true" required="true" visible= "{=!${oVisibilityModel>/isdefaultLan}}"></Label>
											<Input valueLiveUpdate="true" maxLength="31" value="{oDataModel>/itCyberDto/itcyberSecurityContact/contact}" valueState="{oErrorModel>/cyberSurveyMNE}" valueStateText="{oErrorModel>/cyberSurveyMNM}" enabled="{oEnableMdl>/itcyberSecurityContactcontactEnb}" liveChange="fnLiveInputNumericValueChange" class="inputStyle"></Input>
                                <Text text="{= ${oVisibilityModel>/isdefaultLan}?${oi18n_En>phoneNumHelpText}:${oi18n_En>phoneNumHelpText}+ '&#10;' +${i18n>phoneNumHelpText}}" textAlign="End" class="disabledFontClr"/>
                                <layoutData>
                                  <l:GridData spanM="2" spanL="2" spanXL="2"></l:GridData></layoutData>
                                        </VBox> 
                               
								<VBox>
									<Label text="{i18n>extension}" visible= "{oVisibilityModel>/isdefaultLan}" class="fontStyle"></Label>
                                    <Label text="{oi18n_En>extension}&#10;{i18n>extension}" wrapping="true" visible= "{=!${oVisibilityModel>/isdefaultLan}}"></Label>
									<Input valueLiveUpdate="true" maxLength="11" value="{oDataModel>/itCyberDto/itcyberSecurityContact/extension}" enabled="{oEnableMdl>/itcyberSecurityContactextensionEnb}" liveChange="fnLiveInputValueChange" class="inputStyle"></Input>
                                     
								</VBox>
							</l:Grid>
						</l:VerticalLayout>
        </VBox>
        
         </VBox>
       
                    <!--     <VBox class="sapUiTinyMarginBegin">
									<Text text="{i18n>Attachments}" visible= "{oVisibilityModel>/isdefaultLan}" class="fontBold"/>
                                        <Text text="{oi18n_En>Attachments}/&#160;{i18n>Attachments}" visible= "{=!${oVisibilityModel>/isdefaultLan}}" class="sapUiTinyMarginBegin sapUiSmallMarginTop fontBold"/>
									
			<HBox wrap="Wrap">
				<u:FileUploader id="fileUploader_CY" buttonOnly="true" buttonText="{= ${oVisibilityModel>/isdefaultLan}?${oi18n_En>addAttachment}:${oi18n_En>addAttachment} + '/&#160;' +${i18n>addAttachment}}" iconFirst="true" icon="sap-icon://add" multiple="true"
					useMultipart="true" change="fnOnFileUpload" sameFilenameAllowed="true" uploadComplete="fnOnUploadComplete" enabled="{oEnableMdl>/comCyberSecurityInfoAttachmentEnb}"
					class="sapUiSizeCompact sapUiTinyMarginTop"></u:FileUploader>
				<g:GridList width="auto" items="{oAttachmentList>/0/compSecuDArray}" growing="true" class="attachmentList1 sapUiSizeCompact addMoreBtn attachmentMargin sapUiMediumMarginBegin">
					<g:customLayout>
						<grid:GridResponsiveLayout>
							<grid:layoutS>
								<grid:GridSettings gridTemplateColumns="1fr" gridGap="1rem"/>
							</grid:layoutS>
							<grid:layoutM>
								<grid:GridSettings gridTemplateColumns="1fr 1fr" gridGap="1rem"/>
							</grid:layoutM>
							<grid:layoutL>
								<grid:GridSettings gridTemplateColumns="1fr 1fr 1fr" gridGap="1rem"/>
							</grid:layoutL>
							<grid:layoutXL>
								<grid:GridSettings gridTemplateColumns="1fr 1fr 1fr" gridGap="1rem"/>
							</grid:layoutXL>
						</grid:GridResponsiveLayout>
					</g:customLayout>
					<g:GridListItem>
						<HBox>
							<HBox width="90%" class="sapUiTinyMarginBegin sapUiSizeCompact">
								<core:Icon src="{path:'oAttachmentList>fileExt',formatter:'com.jabil.surveyform.formatter.formatter.mediaTypeformatter'}"
									class="attachmentIcon sapUiTinyMarginBegin sapUiTinyMarginTop sapUiTinyMarginBottom" size="2.5rem" color="#48639d"/>
						<VBox>		<Text text="{oAttachmentList>name}" class="sapUiTinyMarginBegin sapUiTinyMarginTop sapUiTinyMarginBottom sapUiLargeMarginEnd"/>
						<Text text="{oAttachmentList>fileSize}" class="sapUiTinyMarginBegin sapUiTinyMarginBottom sapUiLargeMarginEnd"/>
                    </VBox>    	</HBox>
							<VBox alignItems="Center" class="sapUiTinyMarginEnd sapUiTinyMarginTop sapUiTinyMarginBottom">
								<core:Icon src="sap-icon://decline" class="docIconStyle" press="fnOnCancelAttachment"/>
								<core:Icon src="sap-icon://download" class="docIconStyle" press="fnOnDownlAttachment"/>
							</VBox>
						</HBox>
					</g:GridListItem>
				</g:GridList>
			</HBox> 
								</VBox>-->
    </core:FragmentDefinition>