<core:FragmentDefinition xmlns="sap.m" xmlns:f="sap.ui.layout.form" xmlns:core="sap.ui.core" xmlns:l="sap.ui.layout" xmlns:u="sap.ui.unified" xmlns:grid="sap.ui.layout.cssgrid" xmlns:g="sap.f"
	async="true">
    <Panel width="100%" class="fontStyle sapUiTinyMarginTop sapUiTinyMarginBottom panelPadding">
        <content>
            <!-- added jabil Supplier Requirement Manual -->
            <!-- check with sivaranjani to add receivedComplySrm in comComplianceDto DataModel -->
            <Text text="{i18n>SupplierReqManualHeader}" visible= "{oVisibilityModel>/isdefaultLan}"  class="fontStyle fontBold sapUiTinyMarginBegin sapUiTinyMarginBottom"/>
            <Text text="{oi18n_En>SupplierReqManualHeader}&#10;{i18n>SupplierReqManualHeader}" visible= "{=!${oVisibilityModel>/isdefaultLan}}" class="fontStyle fontBold sapUiTinyMarginBegin sapUiTinyMarginBottom"/>
            <l:VerticalLayout width="100%" class="fontStyle sapUiSizeCompact">
                <Label labelFor="srmMeet" required="true" text="{= ${oVisibilityModel>/isdefaultLan}?${oi18n_En>supplierSrmMeet}:${oi18n_En>supplierSrmMeet} + '&#10;' +${i18n>supplierSrmMeet}}" wrapping="true" class="fontStyle sapUiTinyMarginBegin"></Label>
                <Link text="{= ${oVisibilityModel>/isdefaultLan}?${oi18n_En>accessSrmLink}:${oi18n_En>accessSrmLink} + '/&#160;' +${i18n>accessSrmLink}}"
                    target="_blank"
                    href=" https://www.jabil.com/dam/jcr:1721dd88-0776-42e9-8506-ead29430b9f4/3.%20RO-RG60-00006%20Supplier%20Requirements%20Manual" 
                    class="sapUiContentPadding sapUiTinyMarginBegin"
                    wrapping="true"/>
                <RadioButtonGroup id="srmMeet" columns="2" selectedIndex="{=${oDataModel>/comComplianceDto/isSrmReceived} === true? 0 :(${oDataModel>/comComplianceDto/isSrmReceived}=== false ?1: -1)}"  valueState="{oErrorModel>/isSrmReceivedE}" select="fnClearValueState" class="inputStyle" enabled="{oEnableMdl>/compliedToSrmEnb}">
                    <RadioButton text="{= ${oVisibilityModel>/isdefaultLan}?${oi18n_En>yes}:${oi18n_En>yes} +'/&#160;' +${i18n>yes}}" selected="{oDataModel>/comComplianceDto/isSrmReceived}"></RadioButton>
                    <RadioButton text="{= ${oVisibilityModel>/isdefaultLan}?${oi18n_En>no}:${oi18n_En>no} +'/&#160;' +${i18n>no}}"  select="fnSelectionChange"></RadioButton>
                </RadioButtonGroup>
            </l:VerticalLayout>
            <l:VerticalLayout width="100%" class="fontStyle sapUiSizeCompact sapUiTinyMarginBottom sapUiTinyMarginTop " visible="{=${oDataModel>/comComplianceDto/isSrmReceived} === false}">
            <Label required="true" text="{i18n>prvdExplanation}" visible= "{oVisibilityModel>/isdefaultLan}"  class="fontStyle sapUiTinyMarginBegin"></Label>
               <Label  required="true"  text="{oi18n_En>prvdExplanation}/&#160;{i18n>prvdExplanation}"  visible= "{=!${oVisibilityModel>/isdefaultLan}}" wrapping="true" class="fontStyle sapUiTinyMarginBegin"></Label>
					<TextArea value="{oDataModel>/comComplianceDto/supplierReqManualExplanation}" valueState="{oErrorModel>/isSrmReceivedE}" valueStateText="{oErrorModel>/isSrmReceivedM}" liveChange="fnLiveInputValueChange" enabled="{oEnableMdl>/notCompliedSRMExplanationEnb}" width="60%" maxLength="1000" class="inputStyle sapUiSizeCompact sapUiTinyMarginBegin">
                 </TextArea>
                 
                    </l:VerticalLayout>
            </content>
    </Panel>
    <Panel width="100%" class="fontStyle sapUiTinyMarginTop panelPadding">
		<content>
            
			<Text text="{i18n>companyComplianceHeader}" visible= "{oVisibilityModel>/isdefaultLan}"  class="fontStyle fontBold sapUiTinyMarginBegin sapUiTinyMarginBottom"/>
            <Text text="{oi18n_En>companyComplianceHeader}&#10;{i18n>companyComplianceHeader}" visible= "{=!${oVisibilityModel>/isdefaultLan}}" class="fontStyle fontBold sapUiTinyMarginBegin sapUiTinyMarginBottom"/>
      <MessageStrip text="{= ${oVisibilityModel>/isdefaultLan}?${oi18n_En>supplierCoC}:${oi18n_En>supplierCoC} + '/&#160;' +${i18n>supplierCoC}}" class="mStrip">
      <link>
					<Link text="{= ${oVisibilityModel>/isdefaultLan}?${oi18n_En>supplierCodeOfConduct}:${oi18n_En>supplierCodeOfConduct} + '/&#160;' +${i18n>supplierCodeOfConduct}}"
						target="_blank"
						href=" https://www.jabil.com/dam/jcr:aa13c8ea-99f4-4012-a070-f04b3d8c26dd/supplier-code-of-conduct%20(1)%20(1).pdf" 
                        class="sapUiContentPadding"
                        wrapping="true"/>
				</link> </MessageStrip>
              
                <core:HTML visible="{oVisibilityModel>/isdefaultLan}"
						content='&lt;p style=&quot;font-size:0.875rem;letter-spacing: 0.17px;color: #404040; opacity: 1;&quot; class=&quot;sapUiTinyMarginBegin&quot;&gt;{i18n>supplierRBA}&lt;a target=&quot;_blank&quot; href=&quot;https://www.jabil.com/dam/jcr:1256ee19-6368-48dc-ac41-c7d4a7efd83f/RBACodeofConduct6.pdf&quot;&gt;{i18n>supplierRBALink1}&lt;/a&gt;{i18n>supplierRBABrkText}&lt;/p&gt;'></core:HTML>
       <core:HTML visible="{=!${oVisibilityModel>/isdefaultLan}}"
						content='&lt;p style=&quot;font-size:0.875rem;letter-spacing: 0.17px;color: #404040; opacity: 1;&quot; class=&quot;sapUiTinyMarginBegin&quot;&gt;{oi18n_En>supplierRBA}/&#160;{i18n>supplierRBA}&lt;a target=&quot;_blank&quot; href=&quot;https://www.jabil.com/dam/jcr:1256ee19-6368-48dc-ac41-c7d4a7efd83f/RBACodeofConduct6.pdf&quot;&gt;{oi18n_En>supplierRBALink1}/&#160;{i18n>supplierRBALink1}&lt;/a&gt;{oi18n_En>supplierRBABrkText}/&#160;{i18n>supplierRBABrkText}&lt;/p&gt;'></core:HTML>
      </content>
            </Panel>
            <l:VerticalLayout width="100%" class="fontStyle sapUiSizeCompact sapUiMediumMarginTop">
            <Label labelFor="cocMeet" required="true" text="{= ${oVisibilityModel>/isdefaultLan}?${oi18n_En>supplierCocMeet}:${oi18n_En>supplierCocMeet} + '&#10;' +${i18n>supplierCocMeet}}" wrapping="true" class="fontStyle sapUiTinyMarginBegin"></Label>
					<RadioButtonGroup id="cocMeet" columns="2" selectedIndex="{=${oDataModel>/comComplianceDto/commitedToExpectations} === true? 0 :(${oDataModel>/comComplianceDto/commitedToExpectations}=== false ?1: -1)}"  valueState="{oErrorModel>/commitedToExpectationsE}" select="fnClearValueState" class="inputStyle" enabled="{oEnableMdl>/commitedToExpectationsEnb}">
						<RadioButton text="{= ${oVisibilityModel>/isdefaultLan}?${oi18n_En>yes}:${oi18n_En>yes} +'/&#160;' +${i18n>yes}}" selected="{oDataModel>/comComplianceDto/commitedToExpectations}"></RadioButton>
						<RadioButton text="{= ${oVisibilityModel>/isdefaultLan}?${oi18n_En>no}:${oi18n_En>no} +'/&#160;' +${i18n>no}}" select="fnSelectionChange"></RadioButton>
					</RadioButtonGroup>
            </l:VerticalLayout>
            <l:VerticalLayout width="100%" class="fontStyle sapUiSizeCompact sapUiTinyMarginTop " visible="{=${oDataModel>/comComplianceDto/commitedToExpectations} === false}">
            <Label required="true" text="{i18n>prvdExplanation}" visible= "{oVisibilityModel>/isdefaultLan}"  class="fontStyle sapUiTinyMarginBegin"></Label>
               <Label required="true" text="{oi18n_En>prvdExplanation}/&#160;{i18n>prvdExplanation}"  visible= "{=!${oVisibilityModel>/isdefaultLan}}" wrapping="true" class="fontStyle sapUiTinyMarginBegin"></Label>
					<TextArea value="{oDataModel>/comComplianceDto/notCommitedExplanation}" valueState="{oErrorModel>/notCommitedExplanationE}" valueStateText="{oErrorModel>/notCommitedExplanationM}" liveChange="fnLiveInputValueChange" enabled="{oEnableMdl>/notCommitedExplanationEnb}" width="60%" maxLength="1000" class="inputStyle sapUiSizeCompact sapUiTinyMarginBegin">
                 </TextArea>
                 <!-- <Text text="{i18n>txtAreaLimit}"/> -->
                 <Label text="{i18n>quesDirectPOC}" wrapping="true" visible= "{oVisibilityModel>/isdefaultLan}"  class="fontStyle sapUiTinyMarginTop sapUiTinyMarginBegin"/>
                   <Label text="{oi18n_En>companyComplianceHeader}/&#160;{i18n>quesDirectPOC}" wrapping="true" visible= "{=!${oVisibilityModel>/isdefaultLan}}" class="fontStyle sapUiTinyMarginTop sapUiTinyMarginBegin"/>
                 <l:Grid containerQuery="true" defaultSpan="XL3 L3 M4 S12" class="gridSpacing sapUiSizeCompact sapUiTinyMarginTop">
								<VBox class="fontStyle" >
									<Label required="true"  text="{i18n>firstNameG}" visible= "{oVisibilityModel>/isdefaultLan}"></Label>
                                      <Label required="true" text="{oi18n_En>firstNameG}&#10;{i18n>firstNameG}" wrapping="true" visible= "{=!${oVisibilityModel>/isdefaultLan}}"></Label>
									<Input maxLength="35" value="{oDataModel>/comComplianceDto/commitedToExpectationsContact/firstName}" valueState="{oErrorModel>/commitedToExpectationsContactFNameE}" valueStateText="{oErrorModel>/commitedToExpectationsContactFNameM}" enabled="{oEnableMdl>/commitedToExpectationsContactfirstNameEnb}"  liveChange="fnLiveInputAlphaValueChange"  class="inputStyle"></Input>
     	
								</VBox>
								<VBox class="fontStyle" >
									<Label text="{i18n>lastNameG}" visible= "{oVisibilityModel>/isdefaultLan}"></Label>
                                      <Label text="{oi18n_En>lastNameG}&#10;{i18n>lastNameG}" wrapping="true" visible= "{=!${oVisibilityModel>/isdefaultLan}}"></Label>
									<Input maxLength="34" value="{oDataModel>/comComplianceDto/commitedToExpectationsContact/lastName}"  enabled="{oEnableMdl>/commitedToExpectationsContactlastNameEnb}"  class="inputStyle"></Input>
									
                                </VBox>
								
								<VBox class="fontStyle" >
									<Label required="true"  text="{i18n>eMail}" visible= "{oVisibilityModel>/isdefaultLan}"></Label>
                                      <Label required="true"  text="{oi18n_En>eMail}&#10;{i18n>eMail}" wrapping="true" visible= "{=!${oVisibilityModel>/isdefaultLan}}"></Label>
									<Input maxLength="241" value="{oDataModel>/comComplianceDto/commitedToExpectationsContact/email}" enabled="{oEnableMdl>/commitedToExpectationsContactemailEnb}" valueState="{oErrorModel>/cocE}" valueStateText="{oErrorModel>/cocM}" change="fnLiveEmailNotJValid" class="inputStyle"></Input>
										
                                </VBox>
								<VBox class="fontStyle" >
									<Label required="true"  text="{i18n>countryCode}" visible= "{oVisibilityModel>/isdefaultLan}"></Label>
                                    <Label required="true"  text="{oi18n_En>countryCode}&#10;{i18n>countryCode}" wrapping="true" visible= "{=!${oVisibilityModel>/isdefaultLan}}"></Label>
                                   
									 <VBox>
											<ComboBox width="100%" items="{oLookUpModel>/countryContactCode}" showSecondaryValues="true" filterSecondaryValues="true" value="{oDataModel>/comComplianceDto/commitedToExpectationsContact/countryContactCode}" valueState="{oErrorModel>/cocCountryCodeE}" valueStateText="{oErrorModel>/cocCountryCodeM}" change="fnLiveValueChange" enabled="{oEnableMdl>/commitedToExpectationsContactCountrycontactEnb}" class="inputStyle">
                                                    <core:ListItem key="{oLookUpModel>code}" text="{oLookUpModel>code}" additionalText="{oLookUpModel>description}"/>
                                                </ComboBox>
                                        </VBox>
                                  <layoutData>
                                  <l:GridData spanM="1" spanL="1" spanXL="1"></l:GridData></layoutData>
                                       </VBox>
								<VBox class="fontStyle" >
                                <Label required="true"  text="{i18n>phoneNum}" visible= "{oVisibilityModel>/isdefaultLan}"></Label>
                                  <Label required="true" text="{oi18n_En>phoneNum}&#10;{i18n>phoneNum}" wrapping="true" visible= "{=!${oVisibilityModel>/isdefaultLan}}"></Label>
											<Input maxLength="31" value="{oDataModel>/comComplianceDto/commitedToExpectationsContact/contact}" valueState="{oErrorModel>/cocContactE}" valueStateText="{oErrorModel>/cocContactM}" enabled="{oEnableMdl>/commitedToExpectationsContactcontactEnb}" liveChange="fnLiveInputNumericValueChange" class="inputStyle"></Input>
                                            <Text text="{= ${oVisibilityModel>/isdefaultLan}?${oi18n_En>phoneNumHelpText}:${oi18n_En>phoneNumHelpText}+ '&#10;' +${i18n>phoneNumHelpText}}" textAlign="End" class="disabledFontClr"/>
                                            <layoutData>
                                                <l:GridData spanM="2" spanL="2" spanXL="2"></l:GridData>
                                            </layoutData>
                                        </VBox>
                                   
                                   
							
								<VBox class="fontStyle" >
									<Label text="{i18n>extension}" visible= "{oVisibilityModel>/isdefaultLan}"></Label>
                                      <Label text="{oi18n_En>extension}&#10;{i18n>extension}" wrapping="true" visible= "{=!${oVisibilityModel>/isdefaultLan}}"></Label>
									<Input maxLength="11" value="{oDataModel>/comComplianceDto/commitedToExpectationsContact/extension}" enabled="{oEnableMdl>/commitedToExpectationsContactextensionEnb}" liveChange="fnLiveInputValueChange" class="inputStyle"></Input>
								</VBox>
                                <VBox class="fontStyle" >
									<Label text="{i18n>jobTitle}" visible= "{oVisibilityModel>/isdefaultLan}"></Label>
                                      <Label text="{oi18n_En>jobTitle}&#10;{i18n>jobTitle}" wrapping="true" visible= "{=!${oVisibilityModel>/isdefaultLan}}"></Label>
									<Input value="{oDataModel>/comComplianceDto/commitedToExpectationsContact/jobTitle}" enabled="{oEnableMdl>/commitedToExpectationsContactjobTitleEnb}" class="inputStyle"></Input>
									
                                </VBox>
                                </l:Grid>
                                </l:VerticalLayout>
                                         <l:VerticalLayout width="100%" class="fontStyle sapUiSizeCompact sapUiTinyMarginTop ">
                                <Label labelFor="closeRelWithJabil" required="true" text="{= ${oVisibilityModel>/isdefaultLan}?${oi18n_En>closeRelWithJabil}:${oi18n_En>closeRelWithJabil} + '&#10;' +${i18n>closeRelWithJabil}}" wrapping="true" class="fontStyle sapUiTinyMarginBegin"></Label>
					<RadioButtonGroup id="closeRelWithJabil" columns="2" selectedIndex="{=${oDataModel>/comComplianceDto/companyRelationWithJabilEmp} === true? 0 :(${oDataModel>/comComplianceDto/companyRelationWithJabilEmp}=== false ?1: -1)}"  valueState="{oErrorModel>/companyRelationWithJabilEmpE}" select="fnClearValueState" class="inputStyle" enabled="{oEnableMdl>/companyRelationWithJabilEmpEnb}">
						<RadioButton text="{= ${oVisibilityModel>/isdefaultLan}?${oi18n_En>yes}:${oi18n_En>yes} +'/&#160;' +${i18n>yes}}" selected="{oDataModel>/comComplianceDto/companyRelationWithJabilEmp}"></RadioButton>
						<RadioButton text="{= ${oVisibilityModel>/isdefaultLan}?${oi18n_En>no}:${oi18n_En>no} +'/&#160;' +${i18n>no}}" select="fnSelectionChange"></RadioButton>
					</RadioButtonGroup>
                     <Label text="{= ${oVisibilityModel>/isdefaultLan}?${oi18n_En>quesDirectPOC}:${oi18n_En>quesDirectPOC} +'&#10;' +${i18n>quesDirectPOC}}" wrapping="true" visible="{=${oDataModel>/comComplianceDto/companyRelationWithJabilEmp}=== true}"  class="fontStyle sapUiTinyMarginTop sapUiTinyMarginBegin"/>
                 <l:Grid containerQuery="true" defaultSpan="XL2 L2 M3 S12" visible="{=${oDataModel>/comComplianceDto/companyRelationWithJabilEmp}=== true}" class=" gridSpacing sapUiSizeCompact sapUiTinyMarginTop">
								<VBox class="fontStyle" >
									<Label text="{i18n>name}" required="true" visible= "{oVisibilityModel>/isdefaultLan}"></Label>
                                      <Label text="{oi18n_En>name}&#10;{i18n>name}" wrapping="true" visible= "{=!${oVisibilityModel>/isdefaultLan}}"></Label>
									<Input value="{oDataModel>/comComplianceDto/companyRelationWithJabilEmpContact/firstName}" valueState="{oErrorModel>/relationFNameE}" valueStateText="{oErrorModel>/relationFNameM}" liveChange="fnLiveInputValueChange" enabled="{oEnableMdl>/companyRelationWithJabilEmpContactfirstNameEnb}" class="inputStyle"></Input>
     	
								</VBox>
								<VBox class="fontStyle" >
									<Label text="{i18n>dept}" required="true" visible= "{oVisibilityModel>/isdefaultLan}"></Label>
                                      <Label text="{oi18n_En>dept}&#10;{i18n>dept}" wrapping="true" visible= "{=!${oVisibilityModel>/isdefaultLan}}"></Label>
									<Input value="{oDataModel>/comComplianceDto/companyRelationWithJabilEmpContact/department}" valueState="{oErrorModel>/relationDeptE}" valueStateText="{oErrorModel>/relationDeptM}" liveChange="fnLiveInputValueChange" enabled="{oEnableMdl>/companyRelationWithJabilEmpContactdepartmentEnb}" class="inputStyle"></Input>
							
                                </VBox>
								<VBox class="fontStyle" >
									<Label text="{i18n>jobTitle}" required="true" visible= "{oVisibilityModel>/isdefaultLan}"></Label>
                                      <Label text="{oi18n_En>jobTitle}&#10;{i18n>jobTitle}" wrapping="true" visible= "{=!${oVisibilityModel>/isdefaultLan}}"></Label>
									<Input value="{oDataModel>/comComplianceDto/companyRelationWithJabilEmpContact/jobTitle}" valueState="{oErrorModel>/relationJobTE}" valueStateText="{oErrorModel>/relationJobTM}" liveChange="fnLiveInputValueChange" enabled="{oEnableMdl>/companyRelationWithJabilEmpContactjobTitleEnb}" class="inputStyle"></Input>
									
                                </VBox>
								<VBox class="fontStyle" >
									<Label text="{i18n>eMail}" visible= "{oVisibilityModel>/isdefaultLan}"></Label>
                                      <Label text="{oi18n_En>eMail}&#10;{i18n>eMail}" wrapping="true" visible= "{=!${oVisibilityModel>/isdefaultLan}}"></Label>
									<Input value="{oDataModel>/comComplianceDto/companyRelationWithJabilEmpContact/email}" enabled="{oEnableMdl>/companyRelationWithJabilEmpContactemailEnb}"  valueState="{oErrorModel>/pEmpE}" valueStateText="{oErrorModel>/pEmpM}" change="fnLiveEmailJValid" class="inputStyle"></Input>
										
                                </VBox>
                                </l:Grid>
                                     <Label required="true" labelFor="prevEmp" text="{= ${oVisibilityModel>/isdefaultLan}?${oi18n_En>arePrevEmp}:${oi18n_En>arePrevEmp} + '&#10;' +${i18n>arePrevEmp}}" wrapping="true" class="fontStyle sapUiTinyMarginBegin"></Label>
					<RadioButtonGroup id="prevEmp" columns="2" selectedIndex="{=${oDataModel>/comComplianceDto/companyContactWithPreviouseJabilEmp} === true? 0 :(${oDataModel>/comComplianceDto/companyContactWithPreviouseJabilEmp}=== false ?1: -1)}"  valueState="{oErrorModel>/companyContactWithPreviouseJabilEmpE}" select="fnClearValueState" class="inputStyle" enabled="{oEnableMdl>/companyContactWithPreviouseJabilEmpEnb}" >
						<RadioButton text="{= ${oVisibilityModel>/isdefaultLan}?${oi18n_En>yes}:${oi18n_En>yes} +'/&#160;' +${i18n>yes}}" selected="{oDataModel>/comComplianceDto/companyContactWithPreviouseJabilEmp}"></RadioButton>
						<RadioButton text="{= ${oVisibilityModel>/isdefaultLan}?${oi18n_En>no}:${oi18n_En>no} +'/&#160;' +${i18n>no}}" select="fnSelectionChange"></RadioButton>
					</RadioButtonGroup>
                     <Label text="{= ${oVisibilityModel>/isdefaultLan}?${oi18n_En>provideEmpDetails}:${oi18n_En>provideEmpDetails} +'&#10;' +${i18n>provideEmpDetails}}" visible="{=${oDataModel>/comComplianceDto/companyContactWithPreviouseJabilEmp}=== true}" wrapping="true" class="fontStyle sapUiTinyMarginTop sapUiTinyMarginBegin"/>
                 <l:Grid containerQuery="true" defaultSpan="XL3 L3 M3 S12" visible="{=${oDataModel>/comComplianceDto/companyContactWithPreviouseJabilEmp}=== true}" class="gridSpacing sapUiSizeCompact sapUiTinyMarginTop">
								<VBox class="fontStyle" >
									<Label required="true" text="{i18n>empName}" visible= "{oVisibilityModel>/isdefaultLan}"></Label>
                                      <Label required="true" text="{oi18n_En>empName}&#10;{i18n>empName}" wrapping="true" visible= "{=!${oVisibilityModel>/isdefaultLan}}"></Label>
									<Input value="{oDataModel>/comComplianceDto/employeeName}" valueState="{oErrorModel>/empFNameE}" valueStateText="{oErrorModel>/empFNameM}" change="fnLiveValueChange" enabled="{oEnableMdl>/comComplianceDtoemployeeNameEnb}" class="inputStyle"></Input>
     	
								</VBox>
								<VBox class="fontStyle" >
									<Label required="true" text="{i18n>empStartDate}" visible= "{oVisibilityModel>/isdefaultLan}"></Label>
                                      <Label required="true" text="{oi18n_En>empStartDate}&#10;{i18n>empStartDate}" wrapping="true" visible= "{=!${oVisibilityModel>/isdefaultLan}}"></Label>
									<DatePicker valueFormat="yyyy-MM-dd" value="{path:'oDataModel>/comComplianceDto/startDate',formatter:'com.jabil.surveyform.formatter.formatter.fnFormatDate'}" valueState="{oErrorModel>/empSDateE}" valueStateText="{oErrorModel>/empSDateM}" enabled="{oEnableMdl>/comComplianceDtostartDateEnb}" change="fnChangeStartDate" class="inputStyle"></DatePicker>
							
                                </VBox>
                                <VBox class="fontStyle" >
									<Label required="true"  text="{i18n>empEndDate}" visible= "{oVisibilityModel>/isdefaultLan}"></Label>
                                      <Label required="true" text="{oi18n_En>empEndDate}&#10;{i18n>empEndDate}" wrapping="true" visible= "{=!${oVisibilityModel>/isdefaultLan}}"></Label>
									<DatePicker valueFormat="yyyy-MM-dd"  value="{path:'oDataModel>/comComplianceDto/endDate',formatter:'com.jabil.surveyform.formatter.formatter.fnFormatDate'}" valueState="{oErrorModel>/empEDateE}" valueStateText="{oErrorModel>/empEDateM}" enabled="{oEnableMdl>/comComplianceDtoendDateEnb}"  change="fnChangeEndDate" class="inputStyle"></DatePicker>
							
                                </VBox>
								<VBox class="fontStyle" >
									<Label required="true"  text="{i18n>jobTitle}" visible= "{oVisibilityModel>/isdefaultLan}"></Label>
                                      <Label required="true"  text="{oi18n_En>jobTitle}&#10;{i18n>jobTitle}" wrapping="true" visible= "{=!${oVisibilityModel>/isdefaultLan}}"></Label>
									<Input value="{oDataModel>/comComplianceDto/jobTitle}" enabled="{oEnableMdl>/comComplianceDtojobTitleEnb}" valueState="{oErrorModel>/empJBE}" valueStateText="{oErrorModel>/empJBM}" change="fnLiveValueChange" class="inputStyle"></Input>
									
                                </VBox>
								<VBox class="fontStyle" >
									<Label required="true" text="{i18n>empRegion}" visible= "{oVisibilityModel>/isdefaultLan}"></Label>
                                      <Label required="true" text="{oi18n_En>empRegion}&#10;{i18n>empRegion}" wrapping="true" visible= "{=!${oVisibilityModel>/isdefaultLan}}"></Label>
                                      									<Input maxLength="21" value="{oDataModel>/comComplianceDto/region}" enabled="{oEnableMdl>/comComplianceDtoregionEnb}" valueState="{oErrorModel>/empRegionE}" valueStateText="{oErrorModel>/empRegionM}" liveChange="fnLiveInputAlphaValueChange" class="inputStyle"/>
									<!-- <ComboBox width="100%" items="{oLookUpModel>/Region}" showSecondaryValues="true" filterSecondaryValues="true" selectedKey="{oDataModel>/comComplianceDto/region}" enabled="{oEnableMdl>/comComplianceDtoregionEnb}"  change="fnLiveValueChange" class="inputStyle">
                                                                     <core:ListItem key="{oLookUpModel>code}" text="{oLookUpModel>description}" additionalText="{oLookUpModel>code}"/></ComboBox> -->
										
                                </VBox>
                                </l:Grid>
                               
                               <HBox class="fontStyle"> <Label required="true" labelFor="hasContinuity" text="{= ${oVisibilityModel>/isdefaultLan}?${oi18n_En>recoveryPlan}:${oi18n_En>recoveryPlan} + '/&#160;' +${i18n>recoveryPlan}}" wrapping="true" class="sapUiTinyMarginBegin"></Label>
					  <!-- <Button tooltip="recoveryPlanInfo" icon="sap-icon://message-information"  type="Transparent" press="fnOnPressInfoIcon" class="sapUiSizeCompact infoBtn1"/> -->
                    <Text text="{= ${oVisibilityModel>/isdefaultLan}?${oi18n_En>hover}:${oi18n_En>hover} + '&#10;' +${i18n>hover}}" class="hOverInfo" tooltip="{oPopoverModel>/recoveryPlanInfo/info}"/>
                      </HBox>
                    <RadioButtonGroup id="hasContinuity" columns="2" selectedIndex="{=${oDataModel>/comComplianceDto/isDisasterRecoveryPlan} === true? 0 :(${oDataModel>/comComplianceDto/isDisasterRecoveryPlan}=== false ?1: -1)}"  valueState="{oErrorModel>/isDisasterRecoveryPlanE}" select="fnClearValueState" class="inputStyle" enabled="{oEnableMdl>/isDisasterRecoveryPlanEnb}">
						<RadioButton text="{= ${oVisibilityModel>/isdefaultLan}?${oi18n_En>yes}:${oi18n_En>yes} +'/&#160;' +${i18n>yes}}" selected="{oDataModel>/comComplianceDto/isDisasterRecoveryPlan}"></RadioButton>
						<RadioButton text="{= ${oVisibilityModel>/isdefaultLan}?${oi18n_En>no}:${oi18n_En>no} +'/&#160;' +${i18n>no}}" select="fnSelectionChange"></RadioButton>
					</RadioButtonGroup>
                    <VBox class="fontStyle" visible="{=${oDataModel>/comComplianceDto/isDisasterRecoveryPlan}=== true}">
                    <Label required="true" labelFor="provideContinuityPlan" text="{= ${oVisibilityModel>/isdefaultLan}?${oi18n_En>willProvideRecoryPlan}:${oi18n_En>willProvideRecoryPlan} + '/&#160;' +${i18n>willProvideRecoryPlan}}" wrapping="true" class="sapUiTinyMarginBegin"></Label>
					<RadioButtonGroup id="provideContinuityPlan" columns="2" selectedIndex="{=${oDataModel>/comComplianceDto/canDisasterRecoveryPlan} === true? 0 :(${oDataModel>/comComplianceDto/canDisasterRecoveryPlan}=== false ?1: -1)}"  valueState="{oErrorModel>/canDisasterRecoveryPlanE}" select="fnClearValueState" class="inputStyle" enabled="{oEnableMdl>/canDisasterRecoveryPlanEnb}"> 
						<RadioButton text="{= ${oVisibilityModel>/isdefaultLan}?${oi18n_En>yes}:${oi18n_En>yes} +'/&#160;' +${i18n>yes}}" selected="{oDataModel>/comComplianceDto/canDisasterRecoveryPlan}"></RadioButton>
						<RadioButton text="{= ${oVisibilityModel>/isdefaultLan}?${oi18n_En>no}:${oi18n_En>no} +'/&#160;' +${i18n>no}}" select="fnSelectionChange"></RadioButton>
					</RadioButtonGroup>
                    </VBox>
                       <Text class="sapUiTinyMarginBegin sapUiTinyMarginTop fontBold" text="{= ${oVisibilityModel>/isdefaultLan}?${oi18n_En>ndaAgreementText}:${oi18n_En>ndaAgreementText} +'&#10;&#10;' +${i18n>ndaAgreementText}}"/>
<VBox class="fontStyle sapUiSizeCompact">
<Label required="true" labelFor="agreement" text="{= ${oVisibilityModel>/isdefaultLan}?${oi18n_En>isNdaActive}:${oi18n_En>isNdaActive} +'&#10;' +${i18n>isNdaActive}}" class="sapUiTinyMarginBegin sapUiTinyMarginTop" wrapping="true"/>
							<RadioButtonGroup id="agreement" columns="3" selectedIndex="{oDataModel>/comComplianceDto/ndaSignedBefore}"  valueState="{oErrorModel>/ndaSignedBeforeE}" select="fnClearValueState" enabled="{oEnableMdl>/ndaSignedBeforeEnb}" class="inputStyle sapUiSizeCompact sapUiMediumMarginBottom">
								<RadioButton text="{= ${oVisibilityModel>/isdefaultLan}?${oi18n_En>yes}:${oi18n_En>yes} +'/&#160;' +${i18n>yes}}"/>
								<RadioButton text="{= ${oVisibilityModel>/isdefaultLan}?${oi18n_En>no}:${oi18n_En>no} +'/&#160;' +${i18n>no}}"/>
								<RadioButton text="{= ${oVisibilityModel>/isdefaultLan}?${oi18n_En>iDontKnow}:${oi18n_En>iDontKnow} +'/&#160;' +${i18n>iDontKnow}}"/>
							</RadioButtonGroup>
                            </VBox>
                    <!-- <Text text="{i18n>Attachments}" class="fontBold sapUiTinyMarginBegin"/> -->
		<!-- <Text text="{i18n>Attachments}" visible= "{oVisibilityModel>/isdefaultLan}" class="sapUiTinyMarginBegin sapUiSmallMarginTop fontBold"/>
            <Text text="{oi18n_En>Attachments}/&#160;{i18n>Attachments}" visible= "{=!${oVisibilityModel>/isdefaultLan}}" class="sapUiTinyMarginBegin sapUiSmallMarginTop fontBold"/>
			<HBox wrap="Wrap">
				<u:FileUploader id="fileUploader_CC" buttonOnly="true" buttonText="{= ${oVisibilityModel>/isdefaultLan}?${oi18n_En>addAttachment}:${oi18n_En>addAttachment} + '/&#160;' +${i18n>addAttachment}}" iconFirst="true" icon="sap-icon://add" multiple="true"
					useMultipart="true" change="fnOnFileUpload" sameFilenameAllowed="true" uploadComplete="fnOnUploadComplete" enabled="{oEnableMdl>/companyCmplianceAttachmentEnb}"
					class="sapUiSizeCompact sapUiTinyMarginTop sapUiTinyMarginBegin"></u:FileUploader>
				<g:GridList width="auto" items="{oAttachmentList>/0/compComplDArray}" growing="true" class="attachmentList1 sapUiSizeCompact addMoreBtn attachmentMargin sapUiMediumMarginBegin">
					<g:customLayout>
						<grid:GridResponsiveLayout>
							<grid:layoutS>
								<grid:GridSettings gridTemplateColumns="1fr" gridGap="1rem"/>
							</grid:layoutS>
							<grid:layoutM>
								<grid:GridSettings gridTemplateColumns="1fr 1fr" gridGap="1rem"/>
							</grid:layoutM>
							<grid:layoutL>
								<grid:GridSettings gridTemplateColumns="1fr 1fr 1fr" gridGap="1rem"/>
							</grid:layoutL>
							<grid:layoutXL>
								<grid:GridSettings gridTemplateColumns="1fr 1fr 1fr" gridGap="1rem"/>
							</grid:layoutXL>
						</grid:GridResponsiveLayout>
					</g:customLayout>
					<g:GridListItem>
                 
						<HBox>
							<HBox width="90%" class="sapUiTinyMarginBegin sapUiSizeCompact">
								<core:Icon src="{path:'oAttachmentList>fileExt',formatter:'com.jabil.surveyform.formatter.formatter.mediaTypeformatter'}"
									class="attachmentIcon sapUiTinyMarginBegin sapUiTinyMarginTop sapUiTinyMarginBottom" size="2.5rem" color="#48639d"/>
							<VBox>	<Text text="{oAttachmentList>name}" class="sapUiTinyMarginBegin sapUiTinyMarginTop sapUiTinyMarginBottom sapUiLargeMarginEnd"/>
							<Text text="{oAttachmentList>fileSize}" class="sapUiTinyMarginBegin sapUiTinyMarginBottom sapUiLargeMarginEnd"/>
                            </VBox></HBox>
							<VBox alignItems="Center" class="sapUiTinyMarginEnd sapUiTinyMarginTop sapUiTinyMarginBottom">
								<core:Icon src="sap-icon://decline" class="docIconStyle" press="fnOnCancelAttachment"/>
								<core:Icon src="sap-icon://download" class="docIconStyle" press="fnOnDownlAttachment"/>
							</VBox>
						</HBox>
					</g:GridListItem>
				</g:GridList>
			</HBox> -->
            </l:VerticalLayout>
    </core:FragmentDefinition>