<core:FragmentDefinition xmlns="sap.m" xmlns:f="sap.ui.layout.form" xmlns:core="sap.ui.core" xmlns:l="sap.ui.layout" xmlns:u="sap.ui.unified"
	 xmlns:grid="sap.ui.layout.cssgrid" xmlns:g="sap.f" async="true">
    <l:VerticalLayout width="100%" class="fontStyle sapUiSizeCompact sapUiTinyMarginBegin">
    <Label labelFor="allowFinStat" text="{= ${oVisibilityModel>/isdefaultLan}?${oi18n_En>allowFinStatText}:${oi18n_En>allowFinStatText} +'/&#160;' +${i18n>allowFinStatText}}" wrapping="true" class="fontStyle  sapUiTinyMarginTop sapUiTinyMarginBegin"/>
		<RadioButtonGroup id="allowFinStat" columns="1" class="inputStyle" selectedIndex="{oDataModel>/financeInfoDto/doesFinancialStatements}" enabled="{oEnableMdl>/doesFinancialStatementsEnb}">
			<RadioButton text="{= ${oVisibilityModel>/isdefaultLan}?${oi18n_En>yes}:${oi18n_En>yes} +'/&#160;' +${i18n>yes}}"></RadioButton>
			<RadioButton text="{= ${oVisibilityModel>/isdefaultLan}?${oi18n_En>noPC}:${oi18n_En>noPC} +'/&#160;' +${i18n>noPC}}"></RadioButton>
            <RadioButton text="{= ${oVisibilityModel>/isdefaultLan}?${oi18n_En>noNDC}:${oi18n_En>noNDC} +'/&#160;' +${i18n>noNDC}}"></RadioButton>
			<RadioButton text="{= ${oVisibilityModel>/isdefaultLan}?${oi18n_En>noNA}:${oi18n_En>noNA} +'/&#160;' +${i18n>noNA}}"></RadioButton>
		</RadioButtonGroup>
        
        <Label labelFor="isFinAudited" text="{= ${oVisibilityModel>/isdefaultLan}?${oi18n_En>doesAuditHapnd}:${oi18n_En>doesAuditHapnd} +'/&#160;' +${i18n>doesAuditHapnd}}" wrapping="true" class="fontStyle  sapUiTinyMarginTop sapUiTinyMarginBegin"/>
		<RadioButtonGroup id="isFinAudited" class="inputStyle" columns="2" selectedIndex="0" enabled="{oEnableMdl>/financeAuditedLast12MEnb}">
			<RadioButton text="{= ${oVisibilityModel>/isdefaultLan}?${oi18n_En>yes}:${oi18n_En>yes} +'/&#160;' +${i18n>yes}}" selected="{oDataModel>/financeInfoDto/financeAuditedLast12M}"></RadioButton>
			<RadioButton text="{= ${oVisibilityModel>/isdefaultLan}?${oi18n_En>no}:${oi18n_En>no} +'/&#160;' +${i18n>no}}" selected="{=!${oDataModel>/financeInfoDto/financeAuditedLast12M}}"></RadioButton>
		</RadioButtonGroup>
       <VBox class="fontStyle sapUiSizeCompact" visible="{oDataModel>/financeInfoDto/financeAuditedLast12M}">
        <Label text="{i18n>auditorName}" wrapping="true" visible= "{oVisibilityModel>/isdefaultLan}" class="fontStyle sapUiTinyMarginBegin sapUiTinyMarginTop"/>
          <Label text="{oi18n_En>auditorName}&#10;{i18n>auditorName}" wrapping="true"  visible= "{=!${oVisibilityModel>/isdefaultLan}}" class="fontStyle sapUiTinyMarginBegin sapUiTinyMarginTop"/>
        <Input valueLiveUpdate="true" width="30%" value="{oDataModel>/financeInfoDto/userAudited}"  enabled="{oEnableMdl>/userAuditedEnb}" class="inputStyle sapUiSizeCompact sapUiTinyMarginBegin"/>
        <!-- <Label labelFor="hasAuditNegFeedback" text="{i18n>hasAuditNegFeedback}" wrapping="true" class="fontStyle sapUiMediumMarginTop sapUiTinyMarginBegin"/>
		<RadioButtonGroup id="hasAuditNegFeedback" class="inputStyle" columns="2" selectedIndex="0">
			<RadioButton text="{= ${oVisibilityModel>/isdefaultLan}?${oi18n_En>yes}:${oi18n_En>yes} +'/&#160;' +${i18n>yes}}"></RadioButton>
			<RadioButton text="{= ${oVisibilityModel>/isdefaultLan}?${oi18n_En>no}:${oi18n_En>no} +'/&#160;' +${i18n>no}}"></RadioButton>
		</RadioButtonGroup> -->
        </VBox>
        <Text text="{i18n>Attachments}" visible= "{oVisibilityModel>/isdefaultLan}" class="fontBold  sapUiTinyMarginTop sapUiTinyMarginBegin"/>
		    <Text text="{oi18n_En>Attachments}/&#160;{i18n>Attachments}" visible= "{=!${oVisibilityModel>/isdefaultLan}}" class="sapUiTinyMarginBegin sapUiSmallMarginTop fontBold"/>							
			<HBox wrap="Wrap">
				<u:FileUploader id="fileUploader_FI" buttonOnly="true" buttonText="{= ${oVisibilityModel>/isdefaultLan}?${oi18n_En>addAttachment}:${oi18n_En>addAttachment} + '/&#160;' +${i18n>addAttachment}}" iconFirst="true" icon="sap-icon://add" multiple="true"
					useMultipart="true" change="fnOnFileUpload" sameFilenameAllowed="true" uploadComplete="fnOnUploadComplete" enabled="{oEnableMdl>/companyFinInfoAttachmentEnb}"
					class="sapUiSizeCompact sapUiTinyMarginTop sapUiTinyMarginBegin"></u:FileUploader>
				<g:GridList width="auto" items="{oAttachmentList>/0/compFinDArray}" growing="true" class="attachmentList1 sapUiSizeCompact addMoreBtn attachmentMargin sapUiMediumMarginBegin">
					<g:customLayout>
						<grid:GridResponsiveLayout>
							<grid:layoutS>
								<grid:GridSettings gridTemplateColumns="1fr" gridGap="1rem"/>
							</grid:layoutS>
							<grid:layoutM>
								<grid:GridSettings gridTemplateColumns="1fr 1fr" gridGap="1rem"/>
							</grid:layoutM>
							<grid:layoutL>
								<grid:GridSettings gridTemplateColumns="1fr 1fr 1fr" gridGap="1rem"/>
							</grid:layoutL>
							<grid:layoutXL>
								<grid:GridSettings gridTemplateColumns="1fr 1fr 1fr" gridGap="1rem"/>
							</grid:layoutXL>
						</grid:GridResponsiveLayout>
					</g:customLayout>
					<g:GridListItem>
						<HBox>
							<HBox width="90%" class="sapUiTinyMarginBegin sapUiSizeCompact">
								<core:Icon src="{path:'oAttachmentList>fileExt',formatter:'com.jabil.surveyform.formatter.formatter.mediaTypeformatter'}"
									class="attachmentIcon sapUiTinyMarginBegin sapUiTinyMarginTop sapUiTinyMarginBottom" size="2.5rem" color="#48639d"/>
							<VBox>	<Text text="{oAttachmentList>name}" class="sapUiTinyMarginBegin sapUiTinyMarginTop sapUiTinyMarginBottom sapUiLargeMarginEnd"/>
							<Text text="{oAttachmentList>fileSize}" class="sapUiTinyMarginBegin sapUiTinyMarginBottom sapUiLargeMarginEnd"/>
                          </VBox>  </HBox>
							<VBox alignItems="Center" class="sapUiTinyMarginEnd sapUiTinyMarginTop sapUiTinyMarginBottom">
								<core:Icon src="sap-icon://decline" class="docIconStyle" press="fnOnCancelAttachment"/>
								<core:Icon src="sap-icon://download" class="docIconStyle" press="fnOnDownlAttachment"/>
							</VBox>
						</HBox>
					</g:GridListItem>
				</g:GridList>
			</HBox>
         </l:VerticalLayout>
    </core:FragmentDefinition>