<?xml version="1.0" encoding="UTF-8"?>
<core:FragmentDefinition xmlns="sap.m" xmlns:core="sap.ui.core">
	<Dialog title="{= ${oVisibilityModel>/isdefaultLan}?${oi18n_En>BPCSuccessMessage1}:${oi18n_En>BPCSuccessMessage1} + '/&#160;' + ${i18n>BPCSuccessMessage1}}" contentWidth="30%"  class="sapUiSizeCompact APW_DilogClass">
		<content>
        <VBox alignContent="Center" alignItems="Center" >
		  <core:Icon
			src="sap-icon://message-success"
			class="cl_SuccuessImageCl"
			color="#031E48" >
			<core:layoutData>
				<FlexItemData growFactor="1" />
			</core:layoutData>
		</core:Icon>
            <Label text="{JMMessageData>/Message}" wrapping="true" class="sapUiTinyMarginTop cl_SuccessMessageTxt" ></Label>
            </VBox>
			<OverflowToolbar class="barClass sapUiTinyMarginTop">
            	<ToolbarSpacer/>
				<Button class="cl_VRActnBtnClear" text="{i18n>BPCCancel}" visible="false"  press="fnCloseMessage" tooltip="{i18n>BPCCancel}"/>
                   <Button  class="cl_VRActnBtnApply" text="{= ${oVisibilityModel>/isdefaultLan}?${oi18n_En>done}:${oi18n_En>done} + '/&#160;' + ${i18n>done}}" press="fnDoneSubmit" tooltip="{i18n>done}"/>
				<!-- <Button  class="cl_VRActnBtnApply" text="{i18n>BPCDone}" press="fnDoneSubmit" tooltip="{i18n>BPCDone}"/> -->
			</OverflowToolbar>
		</content>
	</Dialog>
</core:FragmentDefinition>