<core:FragmentDefinition xmlns="sap.m" xmlns:f="sap.ui.layout.form" xmlns:core="sap.ui.core" xmlns:l="sap.ui.layout"
	xmlns:u="sap.ui.unified" xmlns:grid="sap.ui.layout.cssgrid" xmlns:g="sap.f" async="true">
	<Panel class="panelPadding">
		<VBox class="fontStyle sapUiTinyMarginBottom sapUiTinyMarginBegin">
			<Text text="{i18n>ownershipInfoText}" visible="{oVisibilityModel>/isdefaultLan}" class="fontStyle"/>
            <Text text="{oi18n_En>ownershipInfoText}&#10;{i18n>ownershipInfoText}" visible= "{=!${oVisibilityModel>/isdefaultLan}}"  class="fontStyle"/>
		</VBox>
	</Panel>
	<l:VerticalLayout width="100%" class="fontStyle sapUiTinyMarginTop sapUiSizeCompact">
		<l:Grid containerQuery="true" defaultSpan="XL3 L3 M3 S12" class="fontStyle gridMargin gridSpacing sapUiSizeCompact sapUiTinyMarginTop">
			<VBox class="fontStyle sapUiSizeCompact">
				<Label required="true" labelFor="ownSite" class="sapUiTinyMarginBegin" text="{= ${oVisibilityModel>/isdefaultLan}?${oi18n_En>hasOwnSite}:${oi18n_En>hasOwnSite} +'&#10;' +${i18n>hasOwnSite}}" wrapping="true"/>
				<RadioButtonGroup id="ownSite" columns="2" selectedIndex="{=${oDataModel>/ownerShipInfoDto/doesOtherEntityOwnSite} === true? 0 :(${oDataModel>/ownerShipInfoDto/doesOtherEntityOwnSite}=== false ?1: -1)}" class="inputStyle sapUiNoMarginBegin sapUiTinyMarginEnd" enabled="{oEnableMdl>/doesOtherEntityOwnSiteEnb}" valueState="{oErrorModel>/doesOtherEntityOwnSiteE}" select="fnClearValueState">
					<RadioButton text="{= ${oVisibilityModel>/isdefaultLan}?${oi18n_En>yes}:${oi18n_En>yes} +'/&#160;' +${i18n>yes}}" selected="{oDataModel>/ownerShipInfoDto/doesOtherEntityOwnSite}"></RadioButton>
					<RadioButton text="{= ${oVisibilityModel>/isdefaultLan}?${oi18n_En>no}:${oi18n_En>no} +'/&#160;' +${i18n>no}}" select="fnSelectionChange"></RadioButton>
				</RadioButtonGroup>
                <layoutData>
                <l:GridData spanM="4" spanL="4" visibleM="{=!${oDataModel>/bpInfoDto/dunsRegistrationNum}}" visibleL="{=!${oDataModel>/bpInfoDto/dunsRegistrationNum}}" visibleS="{=!${oDataModel>/bpInfoDto/dunsRegistrationNum}}" visibleXL="{=!${oDataModel>/bpInfoDto/dunsRegistrationNum}}"></l:GridData></layoutData>
            </VBox>
           
			<VBox class="sapUiTinyMarginBegin fontStyle" visible="{=${oDataModel>/ownerShipInfoDto/doesOtherEntityOwnSite} === true}">
				<HBox fitContainer="true" width="100%" justifyContent="SpaceBetween" class="fontStyle">
					<Label text="{i18n>companyName}" required="true" visible="{oVisibilityModel>/isdefaultLan}" class="sapUiSizeCompact"/>
                    <Label wrapping="true" text="{oi18n_En>companyName}&#10;{i18n>companyName}" visible= "{=!${oVisibilityModel>/isdefaultLan}}" class="sapUiSizeCompact"/>
                    <HBox class="sapUiMediumMarginEnd">
					<Text text="{i18n>highLevel}" visible="{oVisibilityModel>/isdefaultLan}" wrapping="false" class="infoBtnColor"/>
                    <Text text="{oi18n_En>highLevel}&#10;{i18n>highLevel}" visible= "{=!${oVisibilityModel>/isdefaultLan}}" wrapping="true" class="infoBtnColor"/>
					<Button tooltip="companyNameInfo" icon="sap-icon://message-information" type="Transparent" class="infoBtn1" press="fnOnPressInfoIcon"/>
                   
                    </HBox>
				</HBox>
				<Input class="inputStyle" enabled="{oEnableMdl>/companyNameEnb}" valueState="{oErrorModel>/compNameE}" valueStateText="{oErrorModel>/compNameM}" value="{oDataModel>/ownerShipInfoDto/companyName}" liveChange="fnLiveInputValueChange"/>
				<layoutData>
					<l:GridData visibleM="{=!${oDataModel>/bpInfoDto/dunsRegistrationNum}}" visibleL="{=!${oDataModel>/bpInfoDto/dunsRegistrationNum}}" visibleS="{=!${oDataModel>/bpInfoDto/dunsRegistrationNum}}" visibleXL="{=!${oDataModel>/bpInfoDto/dunsRegistrationNum}}" spanM="3" spanL="3"></l:GridData>
				</layoutData>
			</VBox>
			
		</l:Grid>
        	<l:Grid containerQuery="true" defaultSpan="XL3 L3 M3 S12" class="fontStyle gridMargin gridSpacing sapUiSizeCompact sapUiTinyMarginTop">
        <VBox class="sapUiTinyMarginBegin fontStyle">
				<Label text="{i18n>ownerShipType}" required="true" visible= "{oVisibilityModel>/isdefaultLan}" class="sapUiSizeCompact"/>
                <Label wrapping="true" text="{oi18n_En>ownerShipType}&#10;{i18n>ownerShipType}" required="true" visible= "{=!${oVisibilityModel>/isdefaultLan}}"  class="sapUiSizeCompact"/>
				<ComboBox width="100%" placeholder="{i18n>select}" class="inputStyle" showSecondaryValues="true" valueState="{oErrorModel>/ownershipTypeE}" valueStateText="{oErrorModel>/ownershipTypeM}" value="{oDataModel>/ownerShipInfoDto/ownershipType}" enabled="{oEnableMdl>/ownershipTypeEnb}" change="fnLiveValueChange" items="{oLookUpModel>/ownerShipTypeData}" selectionChange="fnHandleOwnshpType">
                <core:ListItem key="{oLookUpModel>key}" text="{oLookUpModel>value}"/>
                </ComboBox>
				<!-- <layoutData>
					<l:GridData spanM="3" spanL="3"></l:GridData>
				</layoutData> -->
			</VBox>
            <VBox  visible="{=${oDataModel>/ownerShipInfoDto/ownershipType} === 'Other'? true : false}" class="sapUiTinyMarginBegin fontStyle">
				<Label text="{i18n>otherText}" visible= "{oVisibilityModel>/isdefaultLan}" class="sapUiSizeCompact"/>
                <Label text="{oi18n_En>otherText}&#10;{i18n>otherText}" wrapping="true" visible= "{=!${oVisibilityModel>/isdefaultLan}}"  class="sapUiSizeCompact"/>
			<Input maxLength="255" class="inputStyle" value="{oDataModel>/ownerShipInfoDto/ownershipTypeOtherValue}" enabled="{oEnableMdl>/ownershipTypeOtherValueEnb}"/>
				<layoutData>
					<l:GridData spanM="2" spanL="2"></l:GridData>
				</layoutData>
			</VBox>
        </l:Grid>
		<HBox class="sapUiTinyMarginTop fontStyle" fitContainer="true">
			<Label labelFor="isPublicTrade" required="true" text="{= ${oVisibilityModel>/isdefaultLan}?${oi18n_En>isOrgPubliclyTraded}:${oi18n_En>isOrgPubliclyTraded} +'&#10;' +${i18n>isOrgPubliclyTraded}}" wrapping="true" class="fontStyle sapUiSizeCompact sapUiTinyMarginBegin sapUiTinyMarginEnd"/>
			<!-- <Button tooltip="publiclyTradedInfo" icon="sap-icon://message-information" type="Transparent" class="sapUiSizeCompact infoBtn1" press="fnOnPressInfoIcon"/> -->
		<Text text="{= ${oVisibilityModel>/isdefaultLan}?${oi18n_En>hover}:${oi18n_En>hover} +'&#10;' +${i18n>hover}}" class="hOverInfo" tooltip="{oPopoverModel>/publiclyTradedInfo/info}"/>
        </HBox>
		<RadioButtonGroup id="isPublicTrade" columns="2" selectedIndex="{=${oDataModel>/ownerShipInfoDto/isEntityTradedCompany} === true? 0 :(${oDataModel>/ownerShipInfoDto/isEntityTradedCompany}=== false ?1: -1)}" class="inputStyle sapUiTinyMarginTop fontStyle" enabled="{oEnableMdl>/isEntityTradedCompanyEnb}" valueState="{oErrorModel>/isEntityTradedCompanyE}" select="fnClearValueState">
			<RadioButton text="{= ${oVisibilityModel>/isdefaultLan}?${oi18n_En>yes}:${oi18n_En>yes} +'/&#160;' +${i18n>yes}}" selected="{oDataModel>/ownerShipInfoDto/isEntityTradedCompany}"></RadioButton>
			<RadioButton text="{= ${oVisibilityModel>/isdefaultLan}?${oi18n_En>no}:${oi18n_En>no} +'/&#160;' +${i18n>no}}" select="fnSelectionChange"></RadioButton>
		</RadioButtonGroup>
        <!-- <VBox class="sapUiTinyMarginBegin sapUiTinyMarginTop fontStyle">
            <Label text="{= ${oVisibilityModel>/isdefaultLan}?${oi18n_En>publicTradeText}:${oi18n_En>publicTradeText} +'/&#160;' +${i18n>publicTradeText}}" class="fontStyle fontStyleItalic sapUiSizeCompact"/></VBox> -->
		
        <Label visible="{oUserModel>/isNew}" text="{= ${oVisibilityModel>/isdefaultLan}?${oi18n_En>ownedVerbiage}:${oi18n_En>ownedVerbiage} +'&#10;' +${i18n>ownedVerbiage}}" wrapping="true" class="fontBold fontStyleItalic sapUiTinyMarginTop sapUiTinyMarginBegin" />
		<HBox visible="{oUserModel>/isNew}" wrap="Wrap" class="sapUiSizeCompact">
		<Label visible="{oUserModel>/isNew}" labelFor="ownbyUS" required="true" text="{= ${oVisibilityModel>/isdefaultLan}?${oi18n_En>isOwnedbyIndividual}:${oi18n_En>isOwnedbyIndividual} +'&#10;' +${i18n>isOwnedbyIndividual}}" wrapping="true" class="fontStyle sapUiTinyMarginTop sapUiTinyMarginBegin"/>
          <Link visible="{oUserModel>/isNew}" text="{= ${oVisibilityModel>/isdefaultLan}?${oi18n_En>readMore}:${oi18n_En>readMore} +'/&#160;' +${i18n>readMore}}" target="_blank" href="https://www.treasury.gov/resource-center/sanctions/sdn-list/pages/default.aspx" wrapping="true" class="sapUiTinyMarginBegin"/>
	</HBox>
    	<RadioButtonGroup visible="{oUserModel>/isNew}" id="ownbyUS" columns="2" selectedIndex="{=${oDataModel>/ownerShipInfoDto/isEntitySDNList} === true? 0 :(${oDataModel>/ownerShipInfoDto/isEntitySDNList}=== false ?1: -1)}" class="inputStyle" enabled="{oEnableMdl>/isEntitySDNListEnb}" valueState="{oErrorModel>/isEntitySDNListE}" select="fnClearValueState">
			<RadioButton text="{= ${oVisibilityModel>/isdefaultLan}?${oi18n_En>yes}:${oi18n_En>yes} +'/&#160;' +${i18n>yes}}" selected="{oDataModel>/ownerShipInfoDto/isEntitySDNList}"></RadioButton>
			<RadioButton text="{= ${oVisibilityModel>/isdefaultLan}?${oi18n_En>no}:${oi18n_En>no} +'/&#160;' +${i18n>no}}" select="fnSelectionChange"></RadioButton>
		</RadioButtonGroup>
	</l:VerticalLayout>
	<Panel id="idOwnerShipInfo1" visible="{=${oDataModel>/ownerShipInfoDto/isEntitySDNList} === true &amp;&amp; ${oUserModel>/isNew}}" class="panelPadding panelBottom sapUiTinyMarginBegin">
	<VBox fitContainer="true" visible="{oUserModel>/isNew}" class="fontStyle">
    	<Label text="{i18n>legalEntityText}" visible= "{oVisibilityModel>/isdefaultLan}" class="sapUiSizeCompact sapUiTinyMarginBottom"/>
                <Label text="{oi18n_En>legalEntityText}&#10;{i18n>legalEntityText}" wrapping="true" visible= "{=!${oVisibilityModel>/isdefaultLan}}"  class="sapUiSizeCompact sapUiTinyMarginBottom"/>
   <Table items="{oDataModel>/ownerShipInfoDto/sdnlistContact}" id="sdnLC" class="entityContactTbl sapUiSizeCompact">
               <columns>
                <Column width="19rem"  minScreenWidth="Desktop"
				demandPopin="true" class="sapUiSizeCompact"></Column>
                  <Column width="19rem"  minScreenWidth="Desktop"
				demandPopin="true" class="sapUiSizeCompact"></Column>
                    <Column  minScreenWidth="Desktop"
				demandPopin="true" class="sapUiSizeCompact"></Column>
                </columns>
               
            <ColumnListItem class="sapUiSizeCompact">
            <cells >
             <VBox  class="fontStyle sapUiSizeCompact sapUiSmallMarginEnd">
					<Label text="{i18n>firstNameG}" required="true" visible= "{oVisibilityModel>/isdefaultLan}" class="sapUiTinylMarginEnd"/>
                    <Label text="{oi18n_En>firstNameG}&#10;{i18n>firstNameG}" required="true" wrapping="true" visible= "{=!${oVisibilityModel>/isdefaultLan}}" class="sapUiTinylMarginEnd"/>
					<Input value="{oDataModel>firstName}" maxLength="41" liveChange="fnLiveInputValueChange"  class="sapUiSmallMarginEnd inputStyle" enabled="{oEnableMdl>/sdnlistContactfirstNameEnb}"/>
                    </VBox>
                    <VBox  class="fontStyle sapUiSizeCompact sapUiSmallMarginEnd">
					<Label text="{i18n>lastNameG}" required="true" visible= "{oVisibilityModel>/isdefaultLan}" class="sapUiTinylMarginEnd"/>
                    <Label text="{oi18n_En>lastNameG}&#10;{i18n>lastNameG}" required="true" wrapping="true" visible= "{=!${oVisibilityModel>/isdefaultLan}}" class="sapUiTinylMarginEnd"/>
					<Input value="{oDataModel>lastName}" maxLength="41" liveChange="fnLiveInputValueChange"  class="sapUiSmallMarginEnd inputStyle" enabled="{oEnableMdl>/sdnlistContactlastNameEnb}"/>
					
                    </VBox>
                    <VBox class="sapUiSizeCompact sapUiSmallMarginEnd">
					<Label/>
					<Button icon="sap-icon://add" visible="{path:'i18n>oDataModel', formatter:'com.jabil.surveyform.formatter.formatter.fnCheckFirstItem'}" enabled="{oEnableMdl>/addOwnbyInd1BtnEnb}" text="{= ${oVisibilityModel>/isdefaultLan}?${oi18n_En>addAdditional}:${oi18n_En>addAdditional} +'/&#160;' +${i18n>addAdditional}}" type="Transparent" iconFirst="true" press="addOwnbyInd1" class="addMoreBtn"/>
                    <Button icon="sap-icon://delete" visible="{path:'i18n>oDataModel', formatter:'com.jabil.surveyform.formatter.formatter.fnCheckOtherItem'}"  enabled="{oEnableMdl>/DeleteOwnByInd1Enb}" type="Transparent" press="fnDeleteOwnByInd1" class="addMoreBtn"/>
                    </VBox>
             </cells>
             </ColumnListItem>
     </Table>
    <layoutData>
					<FlexItemData growFactor="1" baseSize="0%"></FlexItemData>
				</layoutData>
                </VBox>
    	<!-- <FlexBox wrap="Wrap" alignItems="Center" justifyContent="Start" direction="Row">
			 <items>
				<VBox class="fontStyle sapUiSizeCompact sapUiSmallMarginEnd">
					<Label text="{i18n>firstName}" class="sapUiTinylMarginEnd"/>
					<Input value="{modelCISNKList>/0/firstName}" maxLength="34" class="sapUiSmallMarginEnd inputStyle"/>
                    <layoutData>
					<FlexItemData
						growFactor="1"
						 />
				</layoutData>
				</VBox>
				<VBox class="fontStyle sapUiSizeCompact sapUiSmallMarginEnd">
					<Label text="{i18n>lastName}" class="sapUiTinylMarginEnd"/>
					<Input value="{modelCISNKList>/0/lastName}" maxLength="34" class="sapUiSmallMarginEnd inputStyle"/>
                    <layoutData>
					<FlexItemData
						growFactor="1"
						/>
				</layoutData>
				</VBox>
				<VBox class="sapUiSizeCompact sapUiSmallMarginEnd">
					<Label/>
					<Button icon="sap-icon://add" text="{i18n>addAdditional}" type="Transparent" iconFirst="true" press="addOwnbyInd1" class="addMoreBtn"/>
				<layoutData>
					<FlexItemData
						growFactor="4" />
				</layoutData>
                </VBox>
		 </items>
		</FlexBox> -->
	</Panel>
	<l:VerticalLayout visible="{oUserModel>/isNew}" class="sapUiSizeCompact">
		<Label labelFor="ownbyOtherCountry" required="true" text="{= ${oVisibilityModel>/isdefaultLan}?${oi18n_En>isOwnedbyOtherCountry}:${oi18n_En>isOwnedbyOtherCountry} +'&#10;' +${i18n>isOwnedbyOtherCountry}}" wrapping="true"
			class="fontStyle sapUiTinyMarginTop sapUiTinyMarginBegin"/>
		<RadioButtonGroup id="ownbyOtherCountry" columns="2" selectedIndex="{=${oDataModel>/ownerShipInfoDto/isEntityRegInCISNK} === true? 0 :(${oDataModel>/ownerShipInfoDto/isEntityRegInCISNK}=== false ?1: -1)}" class="inputStyle" enabled="{oEnableMdl>/isEntityRegInCISNKE}" valueState="{oErrorModel>/isEntityRegInCISNKE}" select="fnClearValueState" >
			<RadioButton text="{= ${oVisibilityModel>/isdefaultLan}?${oi18n_En>yes}:${oi18n_En>yes} +'/&#160;' +${i18n>yes}}" selected="{oDataModel>/ownerShipInfoDto/isEntityRegInCISNK}"></RadioButton>
			<RadioButton text="{= ${oVisibilityModel>/isdefaultLan}?${oi18n_En>no}:${oi18n_En>no} +'/&#160;' +${i18n>no}}" select="fnSelectionChange"></RadioButton>
		</RadioButtonGroup>
	</l:VerticalLayout>
	<Panel id="idOwnerShipInfo2" visible="{=${oDataModel>/ownerShipInfoDto/isEntityRegInCISNK} === true &amp;&amp; ${oUserModel>/isNew}}" class="panelPadding panelBottom sapUiTinyMarginBegin">
	<VBox fitContainer="true" class="fontStyle">
    	<Label text="{i18n>legalEntityText}" visible= "{oVisibilityModel>/isdefaultLan}" class="sapUiSizeCompact sapUiTinyMarginBottom"/>
                <Label text="{oi18n_En>legalEntityText}&#10;{i18n>legalEntityText}" wrapping="true" visible= "{=!${oVisibilityModel>/isdefaultLan}}"  class="sapUiSizeCompact sapUiTinyMarginBottom"/>
     <Table items="{oDataModel>/ownerShipInfoDto/regInCISNKContact}" id="cisnkLC" class="entityContactTbl sapUiSizeCompact">
               <columns>
                <Column width="19rem"  minScreenWidth="Desktop"
				demandPopin="true" class="sapUiSizeCompact"></Column>
                  <Column width="19rem"  minScreenWidth="Desktop"
				demandPopin="true" class="sapUiSizeCompact"></Column>
                    <Column  minScreenWidth="Desktop"
				demandPopin="true" class="sapUiSizeCompact"></Column>
                </columns>
               
            <ColumnListItem class="sapUiSizeCompact">
            <cells >
             <VBox  class="fontStyle sapUiSizeCompact sapUiSmallMarginEnd">
					<Label text="{i18n>firstNameG}" required="true" visible= "{oVisibilityModel>/isdefaultLan}"  class="sapUiTinylMarginEnd"/>
                    <Label text="{oi18n_En>firstNameG}&#10;{i18n>firstNameG}" required="true" wrapping="true" visible= "{=!${oVisibilityModel>/isdefaultLan}}" class="sapUiTinylMarginEnd"/>
					<Input value="{oDataModel>firstName}" maxLength="41"  enabled="{oEnableMdl>/regInCISNKContactfirstNameEnb}" liveChange="fnLiveInputValueChange"  class="sapUiSmallMarginEnd inputStyle"/>
                    </VBox>
                    <VBox  class="fontStyle sapUiSizeCompact sapUiSmallMarginEnd">
					<Label text="{i18n>lastNameG}" required="true" visible= "{oVisibilityModel>/isdefaultLan}" class="sapUiTinylMarginEnd"/>
                    	<Label text="{oi18n_En>lastNameG}&#10;{i18n>lastNameG}" required="true" wrapping="true" visible= "{=!${oVisibilityModel>/isdefaultLan}}" class="sapUiTinylMarginEnd"/>
					<Input value="{oDataModel>lastName}" maxLength="41" enabled="{oEnableMdl>/regInCISNKContactlastNameEnb}" liveChange="fnLiveInputValueChange" class="sapUiSmallMarginEnd inputStyle"/>
					
                    </VBox>
                    <VBox class="sapUiSizeCompact sapUiSmallMarginEnd">
					<Label/>
					<Button icon="sap-icon://add"  visible="{path:'i18n>oDataModel', formatter:'com.jabil.surveyform.formatter.formatter.fnCheckFirstItem'}" text="{= ${oVisibilityModel>/isdefaultLan}?${oi18n_En>addAdditional}:${oi18n_En>addAdditional} +'/&#160;' +${i18n>addAdditional}}" type="Transparent" iconFirst="true" enabled="{oEnableMdl>/addOwnbyInd2Enb}" press="addOwnbyInd2" class="addMoreBtn"/>
                     <Button icon="sap-icon://delete" visible="{path:'i18n>oDataModel', formatter:'com.jabil.surveyform.formatter.formatter.fnCheckOtherItem'}" type="Transparent" press="fnDeleteOwnByInd2" enabled="{oEnableMdl>/DeleteOwnByInd2Enb}" class="addMoreBtn"/>
                    </VBox>
             </cells>
             </ColumnListItem>
     </Table>
      <layoutData>
					<FlexItemData growFactor="1" baseSize="0%"></FlexItemData>
				</layoutData>
                </VBox>
    	<!-- <FlexBox wrap="Wrap" alignItems="Center" justifyContent="Start" direction="Row">
			<items>
				<VBox class="fontStyle sapUiSizeCompact sapUiSmallMarginEnd">
					<Label text="{i18n>firstName}" class="sapUiSmallMarginEnd"/>
					<Input value="{modelCISNKList>/0/firstName}" maxLength="34" class="sapUiSmallMarginEnd inputStyle"/>
                      <layoutData>
					<FlexItemData
						growFactor="1"
						 />
				</layoutData>
				</VBox>
				<VBox class="fontStyle sapUiSizeCompact sapUiSmallMarginEnd">
					<Label text="{i18n>lastName}" class="sapUiSmallMarginEnd"/>
					<Input value="{modelCISNKList>/0/lastName}" maxLength="34" class="sapUiSmallMarginEnd inputStyle"/>
                      <layoutData>
					<FlexItemData
						growFactor="1"
						 />
				</layoutData>
				</VBox>
				<VBox class="sapUiSizeCompact sapUiSmallMarginEnd">
					<Label/>
					<Button icon="sap-icon://add" text="{i18n>addAdditional}" type="Transparent" iconFirst="true" press="addOwnbyInd2" class="addMoreBtn"/>
			  <layoutData>
					<FlexItemData
						growFactor="4"
						 />
				</layoutData>
            	</VBox>
			</items>
		</FlexBox> -->
	</Panel>
	<l:VerticalLayout visible="{oUserModel>/isNew}" width="100%" class="sapUiSizeCompact">
		<Text text="{i18n>isManagedBy}" visible= "{oVisibilityModel>/isdefaultLan}" wrapping="true" class="fontStyle sapUiTinyMarginTop sapUiTinyMarginBegin"/>
        <Text text="{oi18n_En>isManagedBy}&#10;{i18n>isManagedBy}" visible= "{=!${oVisibilityModel>/isdefaultLan}}" class="fontStyle sapUiTinyMarginTop sapUiTinyMarginBegin"/>
		<HBox><Label labelFor="govtOfficial1" required="true" text="{= ${oVisibilityModel>/isdefaultLan}?${oi18n_En>govtOfficial}:${oi18n_En>govtOfficial} +'&#10;' +${i18n>govtOfficial}}" wrapping="true"
			class="fontStyle sapUiTinyMarginTop sapUiTinyMarginBegin sapUiTinyMarginEnd"/>
			<!-- <Button tooltip="govtOfficialInfo" icon="sap-icon://message-information" type="Transparent" press="fnOnPressInfoIcon" class="sapUiTinyMarginTop sapUiSizeCompact infoBtn1"/> -->
	<Text text="{= ${oVisibilityModel>/isdefaultLan}?${oi18n_En>hover}:${oi18n_En>hover} +'&#10;' +${i18n>hover}}" class="hOverInfo sapUiTinyMarginTop" tooltip="{oPopoverModel>/govtOfficialInfo/info}"/>
    	</HBox>
		<RadioButtonGroup id="govtOfficial1" columns="2" selectedIndex="{=${oDataModel>/ownerShipInfoDto/isEntityManagedByGovt} === true? 0 :(${oDataModel>/ownerShipInfoDto/isEntityManagedByGovt}=== false ?1: -1)}" class="inputStyle" enabled="{oEnableMdl>/isEntityManagedByGovtEnb}" valueState="{oErrorModel>/isEntityManagedByGovtE}" select="fnClearValueState">
			<RadioButton text="{= ${oVisibilityModel>/isdefaultLan}?${oi18n_En>yes}:${oi18n_En>yes} +'/&#160;' +${i18n>yes}}" selected="{oDataModel>/ownerShipInfoDto/isEntityManagedByGovt}"></RadioButton>
			<RadioButton text="{= ${oVisibilityModel>/isdefaultLan}?${oi18n_En>no}:${oi18n_En>no} +'/&#160;' +${i18n>no}}" select="fnSelectionChange"></RadioButton>
		</RadioButtonGroup>
		<l:Grid  visible="{=${oDataModel>/ownerShipInfoDto/isEntityManagedByGovt}=== true}" containerQuery="true" defaultSpan="XL3 L3 M4 S12" class="gridSpacing sapUiSizeCompact sapUiTinyMarginTop">
			<VBox class="fontStyle">
				<Label required="true"  text="{i18n>govtEntityName}" visible= "{oVisibilityModel>/isdefaultLan}" ></Label>
                <Label required="true"  text="{oi18n_En>govtEntityName}&#10;{i18n>govtEntityName}" wrapping="true" visible= "{=!${oVisibilityModel>/isdefaultLan}}"></Label>
				<Input maxLength="41" value="{oDataModel>/ownerShipInfoDto/managedByGovtContact/entityName}" valueState="{oErrorModel>/govtEntityNameE}" valueStateText="{oErrorModel>/govtEntityNameM}" enabled="{oEnableMdl>/managedByGovtContactentityNameEnb}" liveChange="fnLiveInputValueChange" class="inputStyle"></Input>
			</VBox>
			<VBox class="fontStyle">
				<Label required="true"  text="{i18n>firstNameG}" visible= "{oVisibilityModel>/isdefaultLan}"></Label>
                <Label required="true"  text="{oi18n_En>firstNameG}&#10;{i18n>firstNameG}" wrapping="true" visible= "{=!${oVisibilityModel>/isdefaultLan}}"></Label>
				<Input  maxLength="41" value="{oDataModel>/ownerShipInfoDto/managedByGovtContact/firstName}" valueState="{oErrorModel>/govtEntityFNameE}" valueStateText="{oErrorModel>/govtEntityFNameM}" enabled="{oEnableMdl>/managedByGovtContactfirstNameEnb}"   liveChange="fnLiveInputAlphaValueChange"  class="inputStyle"></Input>
			</VBox>
			<VBox class="fontStyle">
				<Label required="true"  text="{i18n>lastNameG}" visible= "{oVisibilityModel>/isdefaultLan}"></Label>
                <Label required="true"  text="{oi18n_En>lastNameG}&#10;{i18n>lastNameG}" wrapping="true" visible= "{=!${oVisibilityModel>/isdefaultLan}}"></Label>
				<Input maxLength="41" value="{oDataModel>/ownerShipInfoDto/managedByGovtContact/lastName}" valueState="{oErrorModel>/govtEntityLNameE}" valueStateText="{oErrorModel>/govtEntityLNameM}" liveChange="fnLiveInputValueChange" enabled="{oEnableMdl>/managedByGovtContactlastNameEnb}" class="inputStyle"></Input>
				
			</VBox>
			<VBox class="fontStyle">
				<Label required="true"  text="{i18n>eMail}" visible= "{oVisibilityModel>/isdefaultLan}"></Label>
                <Label required="true"  text="{oi18n_En>eMail}&#10;{i18n>eMail}" wrapping="true" visible= "{=!${oVisibilityModel>/isdefaultLan}}"></Label>
				<Input maxLength="242" value="{oDataModel>/ownerShipInfoDto/managedByGovtContact/email}" valueState="{oErrorModel>/govtEntityEmailE}" valueStateText="{oErrorModel>/govtEntityEmailM}" enabled="{oEnableMdl>/managedByGovtContactemailEnb}" liveChange="fnLiveEmailNotJValid" class="inputStyle"></Input>
			</VBox>
			<VBox class="fontStyle">
				<Label  text="{i18n>countryCode}" required="true" visible= "{oVisibilityModel>/isdefaultLan}"></Label>
                <Label  text="{oi18n_En>countryCode}&#10;{i18n>countryCode}" required="true" wrapping="true" visible= "{=!${oVisibilityModel>/isdefaultLan}}"></Label>
				<VBox>
					<ComboBox width="100%" showSecondaryValues="true" filterSecondaryValues="true" items="{oLookUpModel>/countryContactCode}" value="{oDataModel>/ownerShipInfoDto/managedByGovtContact/countryContactCode}" valueState="{oErrorModel>/govtEntityCountryCodeE}" valueStateText="{oErrorModel>/govtEntityCountryCodeM}" class="inputStyle" enabled="{oEnableMdl>/managedByGovtContactCountrycontactEnb}" change="fnLiveValueChange">
                        <core:ListItem key="{oLookUpModel>code}" text="{oLookUpModel>code}" additionalText="{oLookUpModel>description}"/>
                    </ComboBox>
				</VBox>
				<layoutData>
					<l:GridData spanM="1" spanL="1" spanXL="1"></l:GridData>
				</layoutData>
			</VBox>
			<VBox class="fontStyle">
			<Label required="true"  text="{i18n>phoneNum}" visible= "{oVisibilityModel>/isdefaultLan}"></Label>
            <Label required="true"  text="{oi18n_En>phoneNum}&#10;{i18n>phoneNum}" wrapping="true" visible= "{=!${oVisibilityModel>/isdefaultLan}}"></Label>
				<Input maxLength="31" class="inputStyle" value="{oDataModel>/ownerShipInfoDto/managedByGovtContact/contact}" valueState="{oErrorModel>/govtEntityContE}" valueStateText="{oErrorModel>/govtEntityContM}" enabled="{oEnableMdl>/managedByGovtContactcontactEnb}" liveChange="fnLiveInputNumericValueChange"></Input>
            <Text text="{= ${oVisibilityModel>/isdefaultLan}?${oi18n_En>phoneNumHelpText}:${oi18n_En>phoneNumHelpText}+ '&#10;' +${i18n>phoneNumHelpText}}" textAlign="End" class="disabledFontClr"/>
				<layoutData>
					<l:GridData spanM="2" spanL="2" spanXL="2"></l:GridData>
				</layoutData>
			</VBox>
			<VBox class="fontStyle">
				<Label text="{i18n>extension}" visible= "{oVisibilityModel>/isdefaultLan}"></Label>
                	<Label text="{oi18n_En>extension}&#10;{i18n>extension}" wrapping="true" visible= "{=!${oVisibilityModel>/isdefaultLan}}"></Label>
				<Input maxLength="11" value="{oDataModel>/ownerShipInfoDto/managedByGovtContact/extension}" enabled="{oEnableMdl>/managedByGovtContactextensionEnb}" liveChange="fnLiveInputValueChange" class="inputStyle"></Input>
			</VBox>
			<VBox class="fontStyle">
				<Label required="true" text="{i18n>jobTitle}" visible= "{oVisibilityModel>/isdefaultLan}"></Label>
                <Label required="true" text="{oi18n_En>jobTitle}&#10;{i18n>jobTitle}" wrapping="true" visible= "{=!${oVisibilityModel>/isdefaultLan}}"></Label>
				<Input value="{oDataModel>/ownerShipInfoDto/managedByGovtContact/jobTitle}" valueState="{oErrorModel>/govtEntityJobTitleE}" valueStateText="{oErrorModel>/govtEntityJobTitleM}" change="fnValueChange" enabled="{oEnableMdl>/managedByGovtContactjobTitleEnb}" class="inputStyle"></Input>
			</VBox>
		</l:Grid>
	</l:VerticalLayout>
	<l:VerticalLayout width="100%" visible="{oUserModel>/isNew}" class="sapUiSizeCompact">
		<HBox class="fontStyle">
			<Label labelFor="govtOfficial2" required="true" text="{= ${oVisibilityModel>/isdefaultLan}?${oi18n_En>closememberofgovtOfficial}:${oi18n_En>closememberofgovtOfficial} +'&#10;' +${i18n>closememberofgovtOfficial}}" wrapping="true"
				class="fontStyle sapUiTinyMarginTop sapUiTinyMarginBegin sapUiTinyMarginEnd"/>
			<!-- <Button tooltip="familyMemberInfo" icon="sap-icon://message-information" type="Transparent"  press="fnOnPressInfoIcon" class="sapUiSizeCompact sapUiTinyMarginTop infoBtn1"/> -->
	<Text text="{= ${oVisibilityModel>/isdefaultLan}?${oi18n_En>hover}:${oi18n_En>hover} +'&#10;' +${i18n>hover}}" class="hOverInfo sapUiTinyMarginTop" tooltip="{oPopoverModel>/familyMemberInfo/info}"/>
    	</HBox>
		<RadioButtonGroup id="govtOfficial2" columns="2" selectedIndex="{=${oDataModel>/ownerShipInfoDto/isEntityManagedByGovtFamily} === true? 0 :(${oDataModel>/ownerShipInfoDto/isEntityManagedByGovtFamily}=== false ?1: -1)}" enabled="{oEnableMdl>/isEntityManagedByGovtFamilyEnb}" valueState="{oErrorModel>/isEntityManagedByGovtFamilyE}" select="fnClearValueState" class="inputStyle">
			<RadioButton text="{= ${oVisibilityModel>/isdefaultLan}?${oi18n_En>yes}:${oi18n_En>yes} +'/&#160;' +${i18n>yes}}" selected="{oDataModel>/ownerShipInfoDto/isEntityManagedByGovtFamily}"></RadioButton>
			<RadioButton text="{= ${oVisibilityModel>/isdefaultLan}?${oi18n_En>no}:${oi18n_En>no} +'/&#160;' +${i18n>no}}" select="fnSelectionChange"></RadioButton>
		</RadioButtonGroup>
		<l:Grid visible="{=${oDataModel>/ownerShipInfoDto/isEntityManagedByGovtFamily}=== true}" containerQuery="true" defaultSpan="XL3 L3 M4 S12" class="gridSpacing sapUiSizeCompact sapUiTinyMarginTop">
			<VBox class="fontStyle">
				<Label required="true"  text="{i18n>govtEntityName}" visible= "{oVisibilityModel>/isdefaultLan}"></Label>
                <Label required="true" text="{oi18n_En>govtEntityName}&#10;{i18n>govtEntityName}" wrapping="true" visible= "{=!${oVisibilityModel>/isdefaultLan}}"></Label>
				<Input maxLength="41" value="{oDataModel>/ownerShipInfoDto/managedByGovtFamilyContact/entityName}" valueState="{oErrorModel>/closegovtEntityNameE}" valueStateText="{oErrorModel>/closegovtEntityNameM}" enabled="{oEnableMdl>/managedByGovtFamilyentityNameEnb}" liveChange="fnLiveInputValueChange"  class="inputStyle"></Input>
			</VBox>
			<VBox class="fontStyle">
				<Label required="true" text="{i18n>firstNameG}" visible= "{oVisibilityModel>/isdefaultLan}"></Label>
                <Label required="true" text="{oi18n_En>firstNameG}&#10;{i18n>firstNameG}" wrapping="true" visible= "{=!${oVisibilityModel>/isdefaultLan}}"></Label>
				<Input maxLength="41" value="{oDataModel>/ownerShipInfoDto/managedByGovtFamilyContact/firstName}" valueState="{oErrorModel>/closegovtEntityFNameE}" valueStateText="{oErrorModel>/closegovtEntityFNameM}"  enabled="{oEnableMdl>/managedByGovtFamilyfirstNameEnb}"  liveChange="fnLiveInputAlphaValueChange"  class="inputStyle"></Input>
			</VBox>
			<VBox class="fontStyle">
				<Label required="true" text="{i18n>lastNameG}"  visible= "{oVisibilityModel>/isdefaultLan}"></Label>
                	<Label required="true" text="{oi18n_En>lastNameG}&#10;{i18n>lastNameG}" wrapping="true" visible= "{=!${oVisibilityModel>/isdefaultLan}}"></Label>
				<Input maxLength="41" value="{oDataModel>/ownerShipInfoDto/managedByGovtFamilyContact/lastName}" valueState="{oErrorModel>/closegovtEntityLNameE}" valueStateText="{oErrorModel>/closegovtEntityLNameM}" liveChange="fnLiveInputValueChange" enabled="{oEnableMdl>/managedByGovtFamilylastNameEnb}" class="inputStyle"></Input>
				
			</VBox>
			<VBox class="fontStyle">
				<Label required="true" text="{i18n>eMail}"  visible= "{oVisibilityModel>/isdefaultLan}"></Label>
                <Label required="true" text="{oi18n_En>eMail}&#10;{i18n>eMail}" wrapping="true" visible= "{=!${oVisibilityModel>/isdefaultLan}}"></Label>
				<Input maxLength="242" value="{oDataModel>/ownerShipInfoDto/managedByGovtFamilyContact/email}" valueState="{oErrorModel>/closegovtEntityEmailE}" valueStateText="{oErrorModel>/closegovtEntityEmailM}" enabled="{oEnableMdl>/managedByGovtFamilyemailEnb}" liveChange="fnLiveEmailNotJValid" class="inputStyle"></Input>
			</VBox>
			<VBox class="fontStyle">
				<Label  text="{i18n>countryCode}" required="true" visible= "{oVisibilityModel>/isdefaultLan}"></Label>
                <Label  text="{oi18n_En>countryCode}&#10;{i18n>countryCode}" required="true" wrapping="true" visible= "{=!${oVisibilityModel>/isdefaultLan}}"></Label>
				<VBox>
					<ComboBox width="100%" showSecondaryValues="true" filterSecondaryValues="true" items="{oLookUpModel>/countryContactCode}" value="{oDataModel>/ownerShipInfoDto/managedByGovtFamilyContact/countryContactCode}"  valueState="{oErrorModel>/closegovtEntityCountryCodeE}" valueStateText="{oErrorModel>/closegovtEntityCountryCodeM}" change="fnLiveValueChange" enabled="{oEnableMdl>/managedByGovtFamilyCountrycontactEnb}" class="inputStyle">
                        <core:ListItem key="{oLookUpModel>code}" text="{oLookUpModel>code}" additionalText="{oLookUpModel>description}"/>
                    </ComboBox>
				</VBox>
				<layoutData>
					<l:GridData spanM="1" spanL="1" spanXL="1"></l:GridData>
				</layoutData>
			</VBox>
			<VBox class="fontStyle">
			<Label required="true" text="{i18n>phoneNum}" visible= "{oVisibilityModel>/isdefaultLan}"></Label>
            <Label required="true" text="{oi18n_En>phoneNum}&#10;{i18n>phoneNum}" wrapping="true" visible= "{=!${oVisibilityModel>/isdefaultLan}}"></Label>
				<Input maxLength="31" class="inputStyle" value="{oDataModel>/ownerShipInfoDto/managedByGovtFamilyContact/contact}" valueState="{oErrorModel>/closegovtEntityContE}" valueStateText="{oErrorModel>/closegovtEntityContM}" enabled="{oEnableMdl>/managedByGovtFamilycontactEnb}"  liveChange="fnLiveInputNumericValueChange"></Input>
                <Text text="{= ${oVisibilityModel>/isdefaultLan}?${oi18n_En>phoneNumHelpText}:${oi18n_En>phoneNumHelpText}+ '&#10;' +${i18n>phoneNumHelpText}}" textAlign="End" class="disabledFontClr"/>
				<layoutData>
					<l:GridData spanM="2" spanL="2" spanXL="2"></l:GridData>
				</layoutData>
			</VBox>
			<VBox class="fontStyle">
				<Label text="{i18n>extension}" visible= "{oVisibilityModel>/isdefaultLan}"></Label>
                <Label text="{oi18n_En>extension}&#10;{i18n>extension}" wrapping="true" visible= "{=!${oVisibilityModel>/isdefaultLan}}"></Label>
				<Input maxLength="11" value="{oDataModel>/ownerShipInfoDto/managedByGovtFamilyContact/extension}" enabled="{oEnableMdl>/managedByGovtFamilyextensionEnb}" liveChange="fnLiveInputValueChange" class="inputStyle"></Input>
			</VBox>
			<VBox class="fontStyle">
				<Label required="true" text="{i18n>jobTitle}" visible= "{oVisibilityModel>/isdefaultLan}"></Label>
                <Label required="true" text="{oi18n_En>jobTitle}&#10;{i18n>jobTitle}" wrapping="true" visible= "{=!${oVisibilityModel>/isdefaultLan}}"></Label>
				<Input value="{oDataModel>/ownerShipInfoDto/managedByGovtFamilyContact/jobTitle}" valueState="{oErrorModel>/closegovtEntityJobTitleE}" valueStateText="{oErrorModel>/closegovtEntityJobTitleM}" change="fnValueChange" enabled="{oEnableMdl>/managedByGovtFamilyjobTitleEnb}" class="inputStyle"></Input>
			</VBox>
		</l:Grid>
	</l:VerticalLayout>
	<!-- <VBox>
	
		<Text text="{i18n>Attachments}" visible= "{oVisibilityModel>/isdefaultLan}" class="sapUiTinyMarginBegin sapUiSmallMarginTop fontBold"/>
        <Text text="{oi18n_En>Attachments}/&#160;{i18n>Attachments}" visible= "{=!${oVisibilityModel>/isdefaultLan}}" class="sapUiTinyMarginBegin sapUiSmallMarginTop fontBold"/>
			<HBox wrap="Wrap">
				<u:FileUploader id="fileUploader_OW" buttonOnly="true" buttonText="{= ${oVisibilityModel>/isdefaultLan}?${oi18n_En>addAttachment}:${oi18n_En>addAttachment} + '/&#160;' +${i18n>addAttachment}}" iconFirst="true" icon="sap-icon://add" multiple="true"
					useMultipart="true" change="fnOnFileUpload" sameFilenameAllowed="true" uploadComplete="fnOnUploadComplete" enabled="{oEnableMdl>/ownershipInfoAttachmentEnb}"
					class="sapUiSizeCompact sapUiTinyMarginTop sapUiTinyMarginBegin"></u:FileUploader>
				<g:GridList width="auto" items="{oAttachmentList>/0/ownerDArray}" growing="true" class="attachmentList1 sapUiSizeCompact addMoreBtn attachmentMargin sapUiMediumMarginBegin">
					<g:customLayout>
						<grid:GridResponsiveLayout>
							<grid:layoutS>
								<grid:GridSettings gridTemplateColumns="1fr" gridGap="1rem"/>
							</grid:layoutS>
							<grid:layoutM>
								<grid:GridSettings gridTemplateColumns="1fr 1fr" gridGap="1rem"/>
							</grid:layoutM>
							<grid:layoutL>
								<grid:GridSettings gridTemplateColumns="1fr 1fr 1fr" gridGap="1rem"/>
							</grid:layoutL>
							<grid:layoutXL>
								<grid:GridSettings gridTemplateColumns="1fr 1fr 1fr" gridGap="1rem"/>
							</grid:layoutXL>
						</grid:GridResponsiveLayout>
					</g:customLayout>
					<g:GridListItem>
						<HBox>
							<HBox width="90%" class="sapUiTinyMarginBegin sapUiSizeCompact">
								<core:Icon src="{path:'oAttachmentList>fileExt',formatter:'com.jabil.surveyform.formatter.formatter.mediaTypeformatter'}"
									class="attachmentIcon sapUiTinyMarginBegin sapUiTinyMarginTop sapUiTinyMarginBottom" size="2.5rem" color="#48639d"/>
							<VBox>	<Text text="{oAttachmentList>name}" class="sapUiTinyMarginBegin sapUiTinyMarginTop sapUiTinyMarginBottom sapUiLargeMarginEnd"/>
						<Text text="{oAttachmentList>fileSize}" class="sapUiTinyMarginBegin sapUiTinyMarginBottom sapUiLargeMarginEnd"/>
                       </VBox> 	</HBox>
							<VBox alignItems="Center" class="sapUiTinyMarginEnd sapUiTinyMarginTop sapUiTinyMarginBottom">
								<core:Icon src="sap-icon://decline" class="docIconStyle" press="fnOnCancelAttachment"/>
								<core:Icon src="sap-icon://download" class="docIconStyle" press="fnOnDownlAttachment"/>
							</VBox>
						</HBox>
					</g:GridListItem>
				</g:GridList>
			</HBox>
    </VBox> -->
</core:FragmentDefinition>