<?xml version="1.0" encoding="UTF-8"?>
<core:FragmentDefinition xmlns="sap.m" xmlns:core="sap.ui.core">
	<Dialog title="{= ${oVisibilityModel>/isdefaultLan}?${oi18n_En>selDocType}:${oi18n_En>selDocType} + '/&#160;' +${i18n>selDocType}}" contentWidth="40%"  class="sapUiSizeCompact">
		<content>
        <HBox alignContent="Center" alignItems="Center" >
        <VBox class="sapUiTinyMarginTop sapUiSmallMarginBegin sapUiSmallMarginEnd">
        <Label text="{= ${oVisibilityModel>/isdefaultLan}?${oi18n_En>docType}:${oi18n_En>docType} + '/&#160;' +${i18n>docType}}" required="true"/>
            	<ComboBox width="100%" selectedKey="w8" class="inputStyle">
								<core:Item key="w8" text="W8"/>
								<core:Item key="w9" text="W9"/>
                                <core:Item key="other" text="Other"/>
                  </ComboBox>
            </VBox>
            </HBox>
			<OverflowToolbar class="barClass sapUiTinyMarginTop">
            	<ToolbarSpacer/>
				<Button class="cl_VRActnBtnClear" text="{= ${oVisibilityModel>/isdefaultLan}?${oi18n_En>cancel}:${oi18n_En>cancel} + '/&#160;' +${i18n>cancel}}" press="fnClose" tooltip="{i18n>cancel}"/>
				<Button  class="cl_VRActnBtnApply" text="{= ${oVisibilityModel>/isdefaultLan}?${oi18n_En>done}:${oi18n_En>done} + '/&#160;' +${i18n>done}}" press="fnClose" tooltip="{i18n>done}"/>
			</OverflowToolbar>
		</content>
	</Dialog>
</core:FragmentDefinition>