<?xml version="1.0" encoding="UTF-8"?>
<core:FragmentDefinition xmlns="sap.m" xmlns:core="sap.ui.core" xmlns:u="sap.ui.unified">
	<Dialog title="{= ${oVisibilityModel>/isdefaultLan}?${oi18n_En>selDocName}:${oi18n_En>selDocName} + '/&#160;' +${i18n>selDocName}}" contentWidth="25%"  class="sapUiSizeCompact">
		<content>
        <HBox>
        <VBox class="sapUiTinyMarginTop sapUiSmallMarginBegin">
        <Label text="{= ${oVisibilityModel>/isdefaultLan}?${oi18n_En>docName}:${oi18n_En>docName} + '/&#160;' +${i18n>docName}}" required="true"/>
            	<ComboBox width="50%" items="{oLookUpModel>/docTypeArray}" selectedKey="w8" class="inputStyle" change="fnDocNameChange">
								<core:Item key="{oLookUpModel>docName}" text="{oLookUpModel>docName}"/>
                  </ComboBox>
            </VBox>
            </HBox>
			<OverflowToolbar class="barClass sapUiTinyMarginTop">
            	<ToolbarSpacer/>
				<Button class="cl_VRActnBtnClear" text="{= ${oVisibilityModel>/isdefaultLan}?${oi18n_En>cancel}:${oi18n_En>cancel} + '/&#160;' +${i18n>cancel}}" press="fnClose" tooltip="{i18n>cancel}"/>
			<u:FileUploader id="fileUploader_CC" buttonOnly="true" fileType="doc,xls,pdf,jpeg,png,gif,docx,xlsx" typeMissmatch="fnHandleTypeMissmatch" buttonText="{= ${oVisibilityModel>/isdefaultLan}?${oi18n_En>done}:${oi18n_En>done} + '/&#160;' +${i18n>done}}" multiple="true"
					useMultipart="true" change="fnOnFileUploadBP" sameFilenameAllowed="true" enabled="{oEnableMdl>/companyCmplianceAttachmentEnb}"
					class="cl_VRActnBtnApply">
                    </u:FileUploader>
            </OverflowToolbar>
		</content>
	</Dialog>
</core:FragmentDefinition>