<core:FragmentDefinition xmlns="sap.m" xmlns:f="sap.ui.layout.form" xmlns:core="sap.ui.core" xmlns:l="sap.ui.layout"
	xmlns:u="sap.ui.unified" xmlns:grid="sap.ui.layout.cssgrid" xmlns:g="sap.f" async="true">
    <Panel width="100%" class="sapUiTinyMarginTop panelPadding">
    <content>
   <l:Grid containerQuery="true" visible="{=!${oUserModel>/isNew}}" defaultSpan="XL3 L3 M3 S12" class="gridSpacing sapUiSizeCompact sapUiNoContentPadding ">
				<VBox  class="fontStyle">
					<Label text="{i18n>incoterm}" visible= "{oVisibilityModel>/isdefaultLan}" required="true"></Label>
                    <Label text="{oi18n_En>incoterm}&#10;{i18n>incoterm}" wrapping="true" visible= "{=!${oVisibilityModel>/isdefaultLan}}" required="true"></Label>
                    <Label class="fontStyleBold" text="{parts:['oLookUpModel>/Incoterm','oDataModel>/shippingInfoDto/incoterm'], formatter: 'com.jabil.surveyform.formatter.formatter.fnFetchDescription'}"/>
				</VBox>
				<VBox class="fontStyle">
					<Label text="{i18n>incotermNamedPlace}" required="true" visible= "{oVisibilityModel>/isdefaultLan}"></Label>
                    <Label text="{oi18n_En>incotermNamedPlace}&#10;{i18n>incotermNamedPlace}" wrapping="true" visible= "{=!${oVisibilityModel>/isdefaultLan}}" required="true"></Label>
						<Label  class="fontStyleBold" text="{oDataModel>/shippingInfoDto/incotermNamedPlace}"/>
				</VBox>
			</l:Grid>
             <Label visible="{=!${oUserModel>/isNew}}" class="sapUiTinyMarginTop fontStyleBold sapUiTinyMarginBegin" wrapping="true" text="{i18n>incotermNewTerms}"></Label>
    <l:Grid containerQuery="true" visible="{oUserModel>/isNew}" defaultSpan="XL3 L3 M3 S12" class="gridSpacing sapUiSizeCompact sapUiNoContentPadding ">
				<VBox class="fontStyle" >
					<Label text="{i18n>vendorName}" visible= "{oVisibilityModel>/isdefaultLan}" required="true"></Label>
                    <Label text="{oi18n_En>vendorName}&#10;{i18n>vendorName}" wrapping="true" visible= "{=!${oVisibilityModel>/isdefaultLan}}" required="true"></Label>
					<Input maxLength="31" class="inputStyle" value="{oDataModel>/shippingInfoDto/vendor}" enabled="{oEnableMdl>/vendorEnb}" valueState="{oErrorModel>/vendorE}" valueStateText="{oErrorModel>/vendorM}" liveChange="fnLiveInputValueChange"/>
				</VBox>
				<VBox  class="fontStyle">
					<Label text="{i18n>incoterm}" visible= "{oVisibilityModel>/isdefaultLan}" required="true"></Label>
                    <Label text="{oi18n_En>incoterm}&#10;{i18n>incoterm}" wrapping="true" visible= "{=!${oVisibilityModel>/isdefaultLan}}" required="true"></Label>
					<ComboBox width="100%" items="{oLookUpModel>/Incoterm}" showSecondaryValues="true" filterSecondaryValues="true"  placeholder="{i18n>select}" selectedKey="{oDataModel>/shippingInfoDto/incoterm}" enabled="{oEnableMdl>/incotermEnb}" valueState="{oErrorModel>/incotermE}" valueStateText="{oErrorModel>/incotermM}" selectionChange="fnLiveValueChange" class="inputStyle">
                     <core:ListItem key="{oLookUpModel>code}" text="{oLookUpModel>description}" additionalText="{oLookUpModel>code}"/>
                     </ComboBox>
				</VBox>
				<VBox class="fontStyle">
					<Label text="{i18n>incotermNamedPlace}" required="true" visible= "{oVisibilityModel>/isdefaultLan}"></Label>
                    <Label text="{oi18n_En>incotermNamedPlace}&#10;{i18n>incotermNamedPlace}" wrapping="true" visible= "{=!${oVisibilityModel>/isdefaultLan}}" required="true"></Label>
						<Input class="inputStyle" value="{oDataModel>/shippingInfoDto/incotermNamedPlace}" enabled="{oEnableMdl>/incotermNamedPlaceEnb}" valueState="{oErrorModel>/incotermNPE}" valueStateText="{oErrorModel>/incotermNPM}" liveChange="fnLiveInputValueChange"/>
				</VBox>
			</l:Grid>
            <l:Grid containerQuery="true" visible="{=!${oUserModel>/isNew}}" defaultSpan="XL3 L3 M3 S12" class="sapUiTinyMarginTop gridSpacing sapUiSizeCompact sapUiNoContentPadding ">
				<VBox class="fontStyle" >
					<Label text="{i18n>vendorName}" visible= "{oVisibilityModel>/isdefaultLan}" required="true"></Label>
                    <Label text="{oi18n_En>vendorName}&#10;{i18n>vendorName}" wrapping="true" visible= "{=!${oVisibilityModel>/isdefaultLan}}" required="true"></Label>
					<Input maxLength="31" class="inputStyle" value="{oDataModel>/shippingInfoDto/vendor}" enabled="{oEnableMdl>/vendorEnb}" valueState="{oErrorModel>/vendorE}" valueStateText="{oErrorModel>/vendorM}" liveChange="fnLiveInputValueChange"/>
				</VBox>
				<VBox  class="fontStyle">
					<Label text="{i18n>newincoterm}" visible= "{oVisibilityModel>/isdefaultLan}"></Label>
                    <Label text="{oi18n_En>newincoterm}&#10;{i18n>newincoterm}" wrapping="true" visible= "{=!${oVisibilityModel>/isdefaultLan}}"></Label>
					<ComboBox width="100%" items="{oLookUpModel>/Incoterm}" showSecondaryValues="true" filterSecondaryValues="true"  placeholder="{i18n>select}" selectedKey="{oDataModel>/shippingInfoDto/newincoterm}" enabled="{oEnableMdl>/incotermEnb}" valueState="{oErrorModel>/incotermE}" valueStateText="{oErrorModel>/incotermM}" selectionChange="fnLiveValueChange" class="inputStyle">
                     <core:ListItem key="{oLookUpModel>code}" text="{oLookUpModel>description}" additionalText="{oLookUpModel>code}"/>
                     </ComboBox>
				</VBox>
				<VBox class="fontStyle">
					<Label text="{i18n>newincotermNamedPlace}" visible= "{oVisibilityModel>/isdefaultLan}"></Label>
                    <Label text="{oi18n_En>newincotermNamedPlace}&#10;{i18n>newincotermNamedPlace}" wrapping="true" visible= "{=!${oVisibilityModel>/isdefaultLan}}"></Label>
						<Input class="inputStyle" value="{oDataModel>/shippingInfoDto/newincotermNamedPlace}" enabled="{oEnableMdl>/incotermNamedPlaceEnb}" valueState="{oErrorModel>/incotermNPE}" valueStateText="{oErrorModel>/incotermNPM}" liveChange="fnLiveInputValueChange"/>
				</VBox>
			</l:Grid>
             <l:Grid containerQuery="true" defaultSpan="XL3 L3 M3 S12" class="fontStyle gridSpacing sapUiSizeCompact sapUiNoContentPadding ">
            <VBox class="fontStyle">
										<Label text="{i18n>deliveryLoc}"  required="false"  visible= "{oVisibilityModel>/isdefaultLan}" ></Label>
					<Label text="{oi18n_En>deliveryLoc}&#10;{i18n>deliveryLoc}"  required="false" wrapping="true" visible= "{=!${oVisibilityModel>/isdefaultLan}}" ></Label>
                    <Input value="{oDataModel>/shippingInfoDto/deliveryLocation}" maxLength="21" enabled="{oEnableMdl>/deliveryLocationEnb}" liveChange="fnLiveInputValueChange" class="inputStyle"/>
                    </VBox>
                    </l:Grid>
            <VBox class="fontStyle sapUiSizeCompact">
					<Label required="true" labelFor="shippingRep" text="{i18n>shippingRep}" wrapping="true"  visible= "{oVisibilityModel>/isdefaultLan}" class="sapUiSizeCompact sapUiTinyMarginBegin"></Label>
                    <Label required="true" labelFor="shippingRep" text="{oi18n_En>shippingRep}&#10;{i18n>shippingRep}" wrapping="true" visible= "{=!${oVisibilityModel>/isdefaultLan}}" class="sapUiSizeCompact sapUiTinyMarginBegin"></Label>
					<RadioButtonGroup id="shippingRep" class="inputStyle" columns="2" selectedIndex="{=${oDataModel>/shippingInfoDto/isDeliver} === true? 0 :(${oDataModel>/shippingInfoDto/isDeliver}=== false ?1: -1)}"  valueState="{oErrorModel>/isDeliverE}" select="fnClearValueState" enabled="{oEnableMdl>/isDeliverEnb}">
						<RadioButton text="{= ${oVisibilityModel>/isdefaultLan}?${oi18n_En>yes}:${oi18n_En>yes} +'/&#160;' +${i18n>yes}}" selected="{oDataModel>/shippingInfoDto/isDeliver}"></RadioButton>
						<RadioButton text="{= ${oVisibilityModel>/isdefaultLan}?${oi18n_En>no}:${oi18n_En>no} +'/&#160;' +${i18n>yes}}" select="fnSelectionChange"></RadioButton>
					</RadioButtonGroup>
				</VBox>
                 <l:Grid visible="{=${oDataModel>/shippingInfoDto/isDeliver}=== true}" containerQuery="true" defaultSpan="XL3 L3 M3 S12" class="fontStyle gridSpacing sapUiSizeCompact sapUiNoContentPadding ">
				<VBox class="fontStyle" >
					<Label text="{i18n>companyNameM}" required="true" visible= "{oVisibilityModel>/isdefaultLan}"></Label>
                    <Label text="{oi18n_En>companyNameM}&#10;{i18n>companyNameM}" wrapping="true" visible= "{=!${oVisibilityModel>/isdefaultLan}}" required="true" ></Label>
					<Input maxLength="41" value="{oDataModel>/shippingInfoDto/deliverRepName}" enabled="{oEnableMdl>/deliverRepNameEnb}" valueState="{oErrorModel>/dRespNameE}" valueStateText="{oErrorModel>/dRespNameM}" liveChange="fnLiveInputValueChange" class="inputStyle"/>
				</VBox>
				<!-- <VBox  class="fontStyle"> 
					<Label text="{i18n>address}"  required="false"  visible= "{oVisibilityModel>/isdefaultLan}"></Label>
                    <Label text="{oi18n_En>address}&#10;{i18n>address}"  required="true"  wrapping="true" visible= "{=!${oVisibilityModel>/isdefaultLan}}" ></Label>
						<Input value="{oDataModel>/shippingInfoDto/deliverRepAddress}" enabled="{oEnableMdl>/deliverRepAddressEnb}"  valueState="{oErrorModel>/dRespAddrE}" valueStateText="{oErrorModel>/dRespAddrM}" liveChange="fnLiveInputValueChange"  class="inputStyle"/>
				</VBox> -->
				<!-- <VBox class="fontStyle">
					<Label text="{i18n>deliveryLoc}"  required="true"  visible= "{oVisibilityModel>/isdefaultLan}" ></Label>
					<Label text="{oi18n_En>deliveryLoc}&#10;{i18n>deliveryLoc}"  required="true" wrapping="true" visible= "{=!${oVisibilityModel>/isdefaultLan}}" ></Label>
                        <ComboBox width="100%" placeholder="{i18n>select}" selectedKey="{oDataModel>/shippingInfoDto/deliveryLocation}" valueState="{oErrorModel>/dRespDLocE}" valueStateText="{oErrorModel>/dRespDLocM}" change="fnLiveValueChange"  class="inputStyle">
                        <core:ListItem key="D1" text="Delivery Location1" additionalText=""/>
                        <core:ListItem key="D2" text="Delivery Location2" additionalText=""/>
                        <core:ListItem key="D3" text="Delivery Location3" additionalText=""/>
                        <core:ListItem key="D4" text="Delivery Location4" additionalText=""/>
                        </ComboBox>
				</VBox> -->
                <VBox class="fontStyle">
					<Label text="{i18n>supplierLogis1}" required ="true"  visible= "{oVisibilityModel>/isdefaultLan}" ></Label>
                    <Label text="{oi18n_En>supplierLogis1}&#10;{i18n>supplierLogis1}" wrapping="true" visible= "{=!${oVisibilityModel>/isdefaultLan}}" required ="true"></Label>
						<Input maxLength="41" value="{oDataModel>/shippingInfoDto/supplierContactInLogistics}" valueState="{oErrorModel>/dRespLogistE}" valueStateText="{oErrorModel>/dRespLogistM}" liveChange="fnLiveInputValueChange" enabled="{oEnableMdl>/supplierContactInLogisticsEnb}" class="inputStyle"/>
				</VBox>
                <VBox class="fontStyle">
					<Label text="{i18n>eMail}"  required="true" visible= "{oVisibilityModel>/isdefaultLan}" ></Label>
                    <Label text="{oi18n_En>eMail}&#10;{i18n>eMail}"  required="true" wrapping="true" visible= "{=!${oVisibilityModel>/isdefaultLan}}"></Label>
						<Input maxLength="242" value="{oDataModel>/shippingInfoDto/deliverRepEmail}" enabled="{oEnableMdl>/deliverRepEmailEnb}" valueState="{oErrorModel>/dRespEmailE}" valueStateText="{oErrorModel>/dRespEmailM}" liveChange="fnLiveEmailNotJValid"  class="inputStyle"/>
				</VBox>
                <VBox>
									<Label text="{i18n>countryCode}" required="true" visible= "{oVisibilityModel>/isdefaultLan}" class="fontStyle"></Label>
                                    <Label text="{oi18n_En>countryCode}&#10;{i18n>countryCode}" required="true"  wrapping="true" visible= "{=!${oVisibilityModel>/isdefaultLan}}" class="fontStyle"></Label>
									 <VBox>
											<ComboBox width="100%" showSecondaryValues="true" filterSecondaryValues="true" items="{oLookUpModel>/countryContactCode}" value="{oDataModel>/shippingInfoDto/deliverRepCountryContactCode}" class="inputStyle" valueState="{oErrorModel>/dRespCountryContactCodeE}" valueStateText="{oErrorModel>/dRespCountryContactCodeM}" change="fnLiveValueChange" enabled="{oEnableMdl>/deliverRepCountryContactEnb}" >
                                                    <core:ListItem key="{oLookUpModel>code}" text="{oLookUpModel>code}" additionalText="{oLookUpModel>description}"/>
                                                </ComboBox>
                                            </VBox>
                                  <layoutData>
                                  <l:GridData spanM="1" spanL="1" spanXL="1"></l:GridData></layoutData>
                                       </VBox>
								<VBox>
                                <Label text="{i18n>phoneNum}" visible= "{oVisibilityModel>/isdefaultLan}" required ="true" class="fontStyle"></Label>
                                <Label text="{oi18n_En>phoneNum}&#10;{i18n>phoneNum}" wrapping="true" visible= "{=!${oVisibilityModel>/isdefaultLan}}" required ="true"></Label>
											<Input maxLength="31" valueState="{oErrorModel>/dRespContactE}" valueStateText="{oErrorModel>/dRespContactM}" liveChange="fnLiveInputValueChange" value="{oDataModel>/shippingInfoDto/deliverRepContact}" enabled="{oEnableMdl>/deliverRepContactEnb}" class="inputStyle"></Input>
                                <Text text="{= ${oVisibilityModel>/isdefaultLan}?${oi18n_En>phoneNumHelpText}:${oi18n_En>phoneNumHelpText}+ '&#10;' +${i18n>phoneNumHelpText}}" textAlign="End" class="disabledFontClr"/>
                                <layoutData>
                                  <l:GridData spanM="2" spanL="2" spanXL="1"></l:GridData></layoutData>
                                        </VBox> 			
                <!-- <VBox class="fontStyle">
					<Label text="{i18n>phoneNum}" required ="true" visible= "{oVisibilityModel>/isdefaultLan}"></Label>
                    <Label text="{oi18n_En>phoneNum}&#10;{i18n>phoneNum}" wrapping="true" visible= "{=!${oVisibilityModel>/isdefaultLan}}" ></Label> -->
						 <!-- <VBox class="fontStyle">
											<ComboBox width="100%" placeholder="{i18n>select}" items="" selectedKey="001" class="inputStyle">
												<core:ListItem key="001" text="001"/>
											</ComboBox>
                                            </VBox>
                                  <layoutData>
                                  <l:GridData spanM="1" spanL="1" spanXL="1"></l:GridData></layoutData>
                                       </VBox>
								<VBox>
                                <Label/> -->
											<!-- <Input maxLength="30" valueState="{oErrorModel>/dRespContactE}" valueStateText="{oErrorModel>/dRespContactM}" liveChange="fnLiveInputValueChange" value="{oDataModel>/shippingInfoDto/deliverRepContact}" enabled="{oEnableMdl>/deliverRepContactEnb}" class="inputStyle"></Input> -->
                                 <!-- <layoutData>
                                  <l:GridData spanM="2" spanL="2" spanXL="2"></l:GridData></layoutData> -->
                                        <!-- </VBox> -->
                <!-- <VBox  class="fontStyle"> 
					<Label text="{i18n>fax}"  visible= "{oVisibilityModel>/isdefaultLan}" ></Label>
                    <Label text="{oi18n_En>fax}&#10;{i18n>fax}" wrapping="true" visible= "{=!${oVisibilityModel>/isdefaultLan}}" ></Label>
						<Input class="inputStyle" value="{oDataModel>/shippingInfoDto/deliverRepFax}" enabled="{oEnableMdl>/deliverRepFaxEnb}" />
				</VBox> -->
			</l:Grid>
    </content>
    </Panel>
<!-- <Panel width="100%" class="sapUiTinyMarginTop panelPadding">
		<content>
			<Text text="{i18n>paymentTermsL}" visible= "{oVisibilityModel>/isdefaultLan}" class="fontBold sapUiTinyMarginBegin sapUiTinyMarginBottom"/>
            <Text text="{oi18n_En>paymentTermsL}/&#160;{i18n>paymentTermsL}" visible= "{=!${oVisibilityModel>/isdefaultLan}}" class="fontBold sapUiTinyMarginBegin sapUiTinyMarginBottom"/>
			<l:Grid containerQuery="true"  defaultSpan="XL3 L4 M4 S12" class="gridSpacing sapUiSizeCompact sapUiNoContentPadding ">
				<VBox  class="fontStyle">
					<Label text="{i18n>PaymentTermsEOM}"  visible= "{oVisibilityModel>/isdefaultLan}"  required="true"></Label>
                    <Label text="{oi18n_En>PaymentTermsEOM}&#10;{i18n>PaymentTermsEOM}" wrapping="true" visible= "{=!${oVisibilityModel>/isdefaultLan}}" required="true"></Label>
					<ComboBox width="100%" items="{oLookUpModel>/PaymentTerm}" showSecondaryValues="true" filterSecondaryValues="true"  selectedKey="{oDataModel>/shippingInfoDto/paymentTerms}" enabled="{oEnableMdl>/paymentTermsEnb}"  valueState="{oErrorModel>/paymentTermE}" valueStateText="{oErrorModel>/paymentTermM}" change="fnLiveValueChange" placeholder="{i18n>select}" class="inputStyle">
                     <core:ListItem key="{oLookUpModel>code}" text="{oLookUpModel>description}" additionalText="{oLookUpModel>code}"/></ComboBox>
                     <layoutData>
                                  <l:GridData spanM="3" spanL="3" spanXL="3"></l:GridData></layoutData>
                     
				</VBox>
				<VBox class="fontStyle">
					<Label text="{i18n>paymentMethod}" visible= "{oVisibilityModel>/isdefaultLan}"  required="true"></Label>
                    <Label text="{oi18n_En>paymentMethod}&#10;{i18n>paymentMethod}" wrapping="true" visible= "{=!${oVisibilityModel>/isdefaultLan}}" required="true"></Label>
					<ComboBox width="100%" items="{oLookUpModel>/PaymentMethod}" showSecondaryValues="true" filterSecondaryValues="true" selectedKey="{oDataModel>/shippingInfoDto/paymentMethod}" enabled="{oEnableMdl>/paymentMethodEnb}" valueState="{oErrorModel>/paymentTermMethdE}" valueStateText="{oErrorModel>/paymentTermMethdM}" change="fnLiveValueChange" placeholder="{i18n>select}" class="inputStyle">
                      <core:ListItem key="{oLookUpModel>code}" text="{oLookUpModel>description}" additionalText="{oLookUpModel>code}"/></ComboBox>
                     <layoutData>
                                  <l:GridData spanM="3" spanL="3" spanXL="3"></l:GridData></layoutData>
                     
				</VBox>
				<VBox class="fontStyle">
					<Label text="{i18n>paymentCurr}" visible= "{oVisibilityModel>/isdefaultLan}"></Label>
                    <Label text="{oi18n_En>paymentCurr}&#10;{i18n>paymentCurr}" wrapping="true" visible= "{=!${oVisibilityModel>/isdefaultLan}}"></Label>
					<ComboBox width="100%" items="{oLookUpModel>/Currency}" showSecondaryValues="true" filterSecondaryValues="true" change="fnLiveValueChange" selectedKey="{oDataModel>/shippingInfoDto/paymentCurrency}" enabled="{oEnableMdl>/paymentCurrencyEnb}" placeholder="{i18n>select}" class="inputStyle">
                     <core:ListItem key="{oLookUpModel>code}" text="{oLookUpModel>description}" additionalText="{oLookUpModel>code}"/></ComboBox>
                    <layoutData>
                                  <l:GridData spanM="3" spanL="3" spanXL="3"></l:GridData></layoutData>
				</VBox>
				
                 
			</l:Grid>
		</content>
		<layoutData>
			<FlexItemData minWidth="100%"/>
		</layoutData>
	</Panel> -->
	<!-- <VBox class="sapUiMediumMarginTop">
		<Text text="{i18n>Attachments}"  visible= "{oVisibilityModel>/isdefaultLan}" class="fontBold sapUiTinyMarginBegin"/>
		<Text text="{oi18n_En>Attachments}/&#160;{i18n>Attachments}" visible= "{=!${oVisibilityModel>/isdefaultLan}}" class="fontBold sapUiTinyMarginBegin"/>
			<HBox wrap="Wrap">
				<u:FileUploader id="fileUploader_SH" buttonOnly="true" buttonText="{= ${oVisibilityModel>/isdefaultLan}?${oi18n_En>addAttachment}:${oi18n_En>addAttachment} + '/&#160;' +${i18n>addAttachment}}" iconFirst="true" icon="sap-icon://add" multiple="true"
					useMultipart="true" change="fnOnFileUpload" sameFilenameAllowed="true" uploadComplete="fnOnUploadComplete" enabled="{oEnableMdl>/shippingInfoAttachmentEnb}"
					class="sapUiSizeCompact sapUiTinyMarginTop sapUiTinyMarginBegin"></u:FileUploader>
				<g:GridList width="auto" items="{oAttachmentList>/0/shippingDArray}" growing="true" class="attachmentList1 sapUiSizeCompact addMoreBtn attachmentMargin sapUiMediumMarginBegin">
					<g:customLayout>
						<grid:GridResponsiveLayout>
							<grid:layoutS>
								<grid:GridSettings gridTemplateColumns="1fr" gridGap="1rem"/>
							</grid:layoutS>
							<grid:layoutM>
								<grid:GridSettings gridTemplateColumns="1fr 1fr" gridGap="1rem"/>
							</grid:layoutM>
							<grid:layoutL>
								<grid:GridSettings gridTemplateColumns="1fr 1fr 1fr" gridGap="1rem"/>
							</grid:layoutL>
							<grid:layoutXL>
								<grid:GridSettings gridTemplateColumns="1fr 1fr 1fr" gridGap="1rem"/>
							</grid:layoutXL>
						</grid:GridResponsiveLayout>
					</g:customLayout>
					<g:GridListItem>
						<HBox>
							<HBox width="90%" class="sapUiTinyMarginBegin sapUiSizeCompact">
								<core:Icon src="{path:'oAttachmentList>fileExt',formatter:'com.jabil.surveyform.formatter.formatter.mediaTypeformatter'}"
									class="attachmentIcon sapUiTinyMarginBegin sapUiTinyMarginTop sapUiTinyMarginBottom" size="2.5rem" color="#48639d"/>
							<VBox>	<Text text="{oAttachmentList>name}" class="sapUiTinyMarginBegin sapUiTinyMarginTop sapUiTinyMarginBottom sapUiLargeMarginEnd"/>
						<Text text="{oAttachmentList>fileSize}" class="sapUiTinyMarginBegin sapUiTinyMarginBottom sapUiLargeMarginEnd"/>
                        </VBox>
                        	</HBox>
							<VBox alignItems="Center" class="sapUiTinyMarginEnd sapUiTinyMarginTop sapUiTinyMarginBottom">
								<core:Icon src="sap-icon://decline" class="docIconStyle" press="fnOnCancelAttachment"/>
								<core:Icon src="sap-icon://download" class="docIconStyle" press="fnOnDownlAttachment"/>
							</VBox>
						</HBox>
					</g:GridListItem>
				</g:GridList>
			</HBox>
	</VBox> -->

    </core:FragmentDefinition>