<?xml version="1.0" encoding="UTF-8"?>
<core:FragmentDefinition xmlns="sap.m" xmlns:core="sap.ui.core">
	<Dialog contentWidth="30%"  class="sapUiSizeCompact dialogH">
		<content>
        <VBox alignContent="Center" alignItems="Center" >
        <core:Icon
            src="sap-icon://message-success"
            class="cl_SuccuessImageCl"
            color="#031E48" >
            <core:layoutData>
                <FlexItemData growFactor="1" />
            </core:layoutData>
        </core:Icon>
		    <Label class="sapUiSmallMarginTop"></Label>
            <Label id="dialogMsg" class="sapUiTinyMarginTop cl_SuccessMessageTxt"  wrapping="true"></Label>
             <Label visible="false"></Label>
            </VBox>
			<OverflowToolbar class="barClass sapUiTinyMarginTop">
            	<ToolbarSpacer/>
				<Button class="cl_VRActnBtnClear" text="{= ${oVisibilityModel>/isdefaultLan}?${oi18n_En>cancel}:${oi18n_En>cancel} + '/&#160;' + ${i18n>cancel}}" visible="false"  press="fnCloseDialog" tooltip="{i18n>cancel}"/>
				<Button  class="cl_VRActnBtnApply" text="{= ${oVisibilityModel>/isdefaultLan}?${oi18n_En>done}:${oi18n_En>done} + '/&#160;' + ${i18n>done}}" press="fnCloseDialog" tooltip="{i18n>done}"/>
			</OverflowToolbar>
		</content>
	</Dialog>
</core:FragmentDefinition>