{
  "fragment/Sorter.fragment.xml": 1635141123000,
  "Component.js": 1632822280000,
  "util/formatter.js": 1635141055000,
  "model/models.js": 1632822280000,
  "controller/Reports.controller.js": 1637141196000,
  "controller/PreviewForm.controller.js": 1641970530000,
  "controller/Home.controller.js": 1642659643000,
  "controller/BaseController.js": 1635246611000,
  "controller/App.controller.js": 1636441383000,
  "controlExtension/ExtVbox.js": 1632822280000,
  "controlExtension/ExtComboBox.js": 1639377252000,
  "manifest.json": 1646377640073,
  "manifest-bundle.zip": 1646377628455,
  "Component-preload.js": 1646377635577,
  "Component-dbg.js": 1632822280000,
  "model/models-dbg.js": 1632822280000,
  "controller/Reports-dbg.controller.js": 1637141196000,
  "controller/PreviewForm-dbg.controller.js": 1641970530000,
  "controller/Home-dbg.controller.js": 1642659643000,
  "controller/BaseController-dbg.js": 1635246611000,
  "controller/App-dbg.controller.js": 1636441383000,
  "controlExtension/ExtVbox-dbg.js": 1632822280000,
  "controlExtension/ExtComboBox-dbg.js": 1639377252000,
  "util/formatter-dbg.js": 1635141055000,
  "view/Reports.view.xml": 1635246666000,
  "view/PreviewForm.view.xml": 1644240550000,
  "view/Home.view.xml": 1642659168000,
  "view/App.view.xml": 1635244093000,
  "fragment/UserWorkItemGraph.fragment.xml": 1632822280000,
  "fragment/TaskSummaryGraph.fragment.xml": 1632822280000,
  "fragment/TaskCompletionGraph.fragment.xml": 1632822280000,
  "i18n/i18n.properties": 1642659680000,
  "fragment/ActiveTaskGraph.fragment.xml": 1632822280000,
  "css/style.css": 1641970364000,
  "css/font-opensans.css": 1632822280000,
  "css/font-awesome.css": 1632822280000,
  "index.html": 1632822280000
}