<core:FragmentDefinition
	xmlns="sap.m"
	xmlns:core="sap.ui.core">
	<ViewSettingsDialog
		confirm="handleSortDialogConfirm"
        class="sapUiSizeCompact">
		<sortItems>
			<ViewSettingsItem text="{i18n>VRRequestIDTb}" key="caseId" selected="true" />
			<ViewSettingsItem text="{i18n>VROrganizationName1}" key="organizationName" />
            	<ViewSettingsItem text="{i18n>VRCompanyCode1}" key="companyCode" />
                   	<ViewSettingsItem text="{i18n>VRPOOrg}" key="purchasingOrg" />
			<ViewSettingsItem text="{i18n>VRStatusTb}" key="status" />
            <ViewSettingsItem text="{i18n>VRCreationDateTb}" key="dateCreated" />

		</sortItems>
	</ViewSettingsDialog>
</core:FragmentDefinition>