<core:FragmentDefinition xmlns:core="sap.ui.core" xmlns="sap.m">
	<Dialog class="sapUiSizeCompact" contentWidth="50%">
		<customHeader>
			<Bar>
				<contentLeft>
					<Title text="{i18n>ADD_TEXT} {i18n>ATTRIBUTE_TEXT}"/>
				</contentLeft>
				<contentRight>
					<core:Icon src="sap-icon://decline" press="onCloseAddAttributeFragment" class="wbDialogCloseIcon" tooltip="{i18n>CLOSE_TEXT}"/>
				</contentRight>
			</Bar>
		</customHeader>
		<VBox renderType="Bare" alignItems="Center" class="wbTLCFileUploader">
			<VBox renderType="Bare" alignItems="Center" class="wbCustomContentWrapperStyle sapUiSmallMarginTop" width="98%">
				<HBox width="98%" renderType="Bare" alignItems="Center" class="wbCustomHeaderClass" justifyContent="Start">
					<CheckBox select="checkAttributeListFn" selected="{oDefaultDataModel>/attributeCheckBox}"/>
					<Text text="{i18n>LABEL_TEXT}" width="27%" class="wbTransformToUpperCase"/>
					<Text text="{i18n>DESCRIPTION_TEXT}" width="25%" class="wbTransformToUpperCase"/>
					<Text text="{i18n>ORIGIN_TEXT}" class="wbTransformToUpperCase" width="25%"/>
					<Text text="{i18n>TASK_NAME_TEXT}" width="25%"/>
				</HBox>
				<VBox class="sapUiSizeCompact" width="98%" renderType="Bare" alignItems="Center">
					<List id="ID_ADD_ATTRIBUTE_LIST" items="{oDefaultDataModel>/existingCustomAttributes}" class="sapUiSizeCompact wbInboxCardList"
						mode="MultiSelect" selectionChange="checkListSelectionFn">
						<CustomListItem class="wbCardViewList">
							<HBox renderType="Bare" alignItems="Center">
								<Text text="{oDefaultDataModel>label}" width="25%"/>
								<Text text="{oDefaultDataModel>description}" width="25%"/>
								<Text text="{= ${oDefaultDataModel>taskName} ? 'Task' : 'Process'}" width="25%"/>
								<Text text="{= ${oDefaultDataModel>taskName} ? ${oDefaultDataModel>taskName} : '-'}" width="25%"/>
							</HBox>
						</CustomListItem>
					</List>
				</VBox>
			</VBox>
			<HBox renderType="Bare" alignItems="Center" width="98%" justifyContent="End" class="sapUiTinyMarginTop sapUiTinyMarginBottom">
				<Button text="{i18n>ADD_TEXT}" class="wbDefaultButtonClass" press="addExistingAttributestoTask"/>
			</HBox>
		</VBox>
	</Dialog>
</core:FragmentDefinition>