<core:FragmentDefinition xmlns:core="sap.ui.core" xmlns="sap.m">
    <HBox justifyContent="Start" renderType="Bare" alignItems="Center" class=" sapUiSizeCompact ">
        <Button icon="sap-icon://arrow-left" text="{i18n>BACK_TEXT}" class="wbCustomButtonClass wbTextBoldClass sapUiTinyMarginTop" press="backToSubsScreen"/>
    </HBox>
    <HBox justifyContent="SpaceBetween" width="100%">
        <VBox class="sapUiTinyMarginBegin">
            <Label text="{i18n>SUBSTITUTEE_TEXT}" class="sapUiSmallMarginTop wbSubsUserName"/>
            <Label text="{i18n>VALIDITY_PERIOD_TEXT}" class="sapUiSmallMarginTop wbSubsUserName"/>
        </VBox>
        <VBox class="sapUiTinyMarginTop">
            <Input class="wbDefaultCustomInputWrapper sapUiTinyMarginBottom" placeholder="{i18n>ENTER_NAME}"
                value="{oUserSettingsModel>/addSubstituteDto/substitutingUserName}" suggest="handleSubstitutionSuggests($event,'substitutedUser')"
                showSuggestion="true" filterSuggests="true" suggestionItems="{path:'oConstantsModel>/allUsers', templateShareable:true}"
                suggestionItemSelected="substitutionSuggestionItemSelect">
                <suggestionItems>
                    <core:Item key="{oConstantsModel>userId}" text="{oConstantsModel>userFirstName} {oConstantsModel>userLastName}"/>
                </suggestionItems>
            </Input>
            <HBox justifyContent="SpaceBetween" renderType="Bare">
                <DatePicker placeholder="dd MMM yyyy" change="handleFirstDateChange" value="{oUserSettingsModel>/addSubstituteDto/startDate}"
                    class="wbDefaultCustomInputWrapper sapUiTinyMarginEnd"/>
                <DatePicker placeholder="dd MMM yyyy" change="handleSecondDateChange" value="{oUserSettingsModel>/addSubstituteDto/endDate}"
                    class="wbDefaultCustomInputWrapper sapUiTinyMarginBegin"/>
            </HBox>
        </VBox>
    </HBox>
    <HBox alignItems="End" justifyContent="End" renderType="Bare" visible="{oUserSettingsModel>/addNewSub}" width="100%">
			<Button text="{i18n>SAVE_TEXT}" class=" sapUiTinyMarginBottom sapUiSizeCompact wbDefaultButtonClass" press="saveSubstitution()"/>
	</HBox>
</core:FragmentDefinition>