<core:FragmentDefinition xmlns:core="sap.ui.core" xmlns="sap.m">
	<Dialog class="sapUiSizeCompact" contentWidth="32%">
		<customHeader>
			<Bar>
				<contentLeft>
					<Title text="{i18n>ADD_TEXT} {i18n>TASK_TEMPLATE_TEXT}"/>
				</contentLeft>
				<contentRight>
					<core:Icon src="sap-icon://decline" press="onCloseAddTaskFragment" class="wbDialogCloseIcon" tooltip="{i18n>CLOSE_TEXT}"/>
				</contentRight>
			</Bar>
		</customHeader>
		<VBox class="wbInboxTableClass sapUiSizeCompact" width="100%" renderType="Bare" alignItems="Center">
			<HBox renderType="Bare" alignItems="Center" width="98%">
				<Label text="{i18n>TASK_NAME_TEXT}" width="55%" class="wbTransformToUpperCase" required="true"/>
				<Input value="{oDefaultDataModel>/addTaskObjectSet/eventName}" maxLength="100" class="wbDefaultCustomInputWrapper"></Input>
			</HBox>
			<HBox renderType="Bare" alignItems="Center" width="98%">
				<Label text="{i18n>SUBJECT_TEXT}" width="55%" class="wbTransformToUpperCase"/>
				<Input value="{oDefaultDataModel>/addTaskObjectSet/subject}" maxLength="200" class="wbDefaultCustomInputWrapper"/>
			</HBox>
			<HBox renderType="Bare" alignItems="Center" width="98%">
				<Label text="{i18n>DESCRIPTION_TEXT}" width="55%" class="wbTransformToUpperCase"/>
				<Input value="{oDefaultDataModel>/addTaskObjectSet/description}" class="wbDefaultCustomInputWrapper" maxLength="200"/>
			</HBox>
			<HBox renderType="Bare" alignItems="Center" width="98%"
				visible="{= ${oAppModel>/currentViewPage} === 'advancedWorkFlow' || ${oAppModel>/currentViewPage} === 'createAdvancedWorkFlow'}">
				<Label text="{i18n>SOURCE_TEXT}" width="55%" class="wbTransformToUpperCase"/>
				<MultiComboBox selectedKeys="{oDefaultDataModel>/addTaskObjectSet/sourceId}" class="wbDefaultCustomInputWrapper"
					items="{oDefaultDataModel>/advancedWfSourceItems}">
					<core:Item text="{oDefaultDataModel>text}" key="{oDefaultDataModel>key}"
					enabled="{= ${oDefaultDataModel>key}!== 'endTask' ? true : false}"/>
				</MultiComboBox>
			</HBox>
			<HBox renderType="Bare" alignItems="Center" width="98%"
				visible="{= ${oAppModel>/currentViewPage} === 'advancedWorkFlow' || ${oAppModel>/currentViewPage} === 'createAdvancedWorkFlow'}">
				<Label text="{i18n>DESTINATION_TEXT}" width="55%" class="wbTransformToUpperCase"/>
				<MultiComboBox selectedKeys="{oDefaultDataModel>/addTaskObjectSet/targetId}" class="wbDefaultCustomInputWrapper"
					items="{oDefaultDataModel>/advancedWfSourceItems}">
					<core:Item text="{oDefaultDataModel>text}" key="{oDefaultDataModel>key}"/>
				</MultiComboBox>
			</HBox>
			<HBox renderType="Bare" alignItems="Center" width="98%" justifyContent="End" class="sapUiTinyMarginTop">
				<Button text="{i18n>ADD_TEXT}" class="wbDefaultButtonClass sapUiTinyMarginEnd" press="addTaskTemplateFn"/>
				<Button type="Reject" text="{i18n>DISCARD_TEXT}" class="wbAdminMGroupsRemoveBulkBtn" press="onCloseAddTaskFragment"/>
			</HBox>
		</VBox>
	</Dialog>
</core:FragmentDefinition>