<core:FragmentDefinition xmlns:core="sap.ui.core" xmlns:l="sap.ui.layout" xmlns="sap.m"
	xmlns:custom="oneapp.incture.workbox.controlExtension">
	<ResponsivePopover showHeader="false" showArrow="false" placement="Bottom" modal="true" afterClose="afterCloseAdvFilter"
		contentWidth="38.4rem" offsetY="-3px" class="wbAdvSearchFilterPopover">
		<VBox class="wbAdvSearchMainFragmentPadding sapUiSizeCompact" busy="{oAdvanceFilterModel>/busy}" busyIndicatorDelay="0">
			<VBox renderType="Bare" class=" sapUiSizeCompact " visible="{= ${oAdvanceFilterModel>/showAdvancedFilter}=== true}">
				<!-- <HBox justifyContent="End" renderType="Bare" class="wbAdvSearchFragmentPadding"
					visible="{= ${oAppModel>/currentView} !== 'dashBoard' &amp;&amp; ${oAppModel>/currentViewPage} !== 'manageDashboardTiles' ? true:false}">
					<Button text="{i18n>SHOW_ADVANCED_FILTER}" class="wbCustomButtonClass wbTextBoldClass" press="toggleShowAdvancedFilter"/>
				</HBox> -->
				<VBox id="ID_BASIC_FILTER_CONTAINER" height="100%" renderType="Bare" class="wbAdvFilterScrollCont sapUiTinyMarginTop wbOverflowVertical"></VBox>
			</VBox>
			<VBox renderType="Bare" class=" sapUiSizeCompact " visible="{= ${oAdvanceFilterModel>/showAdvancedFilter}=== false}">
				<HBox justifyContent="End" class="wbAdvSearchFragmentPadding"
					visible="{= ${oAppModel>/currentView} !== 'dashBoard' &amp;&amp; ${oAppModel>/currentViewPage} !== 'manageDashboardTiles' ? true:false}">
					<Button text="{i18n>SHOW_BASIC_FILTER}" class="wbCustomButtonClass wbTextBoldClass" press="toggleShowAdvancedFilter"/>
				</HBox>
				<VBox id="ID_ADV_FILTER_CONTAINER" renderType="Bare" class="wbAdvFilterScrollCont wbOverflowVertical"></VBox>
			</VBox>
			<VBox renderType="Bare" class="sapUiSizeCompact wbAdvSearchFragmentFooterVBox">
				<ObjectStatus text="{oAdvanceFilterModel>/queryText}"
					icon="{= ${oAdvanceFilterModel>/queryText}.includes('Empty row') ? 'sap-icon://message-error':''}"
					state="{= ${oAdvanceFilterModel>/queryText}.includes('Empty row') ? 'Error':'Success'}"
					visible="{= ${oAdvanceFilterModel>/showAdvancedFilter}=== false}"/>
				<Button text="{i18n>ADD_ROW_TEXT}" type="Transparent" press="addRowSearchFilter"
					enabled="{= ${oAdvanceFilterModel>/enableAddRow} &amp;&amp; ${oAdvanceFilterModel>/selectedFilterNames}.includes('')===false}"
					class="wbTransparentButtonStyleClass wbAdvSearchFragmentAddRowButton" visible="{= ${oAdvanceFilterModel>/showAdvancedFilter}=== false}"/>
				<HBox renderType="Bare" justifyContent="SpaceBetween">
					<!--MANAGE_FILTERS_TEXT-->
					<!-- <Button text="{= ${oAppModel>/currentView} === 'dashBoard' ? ${i18n>MANAGE_FILTERS_TEXT}: ${i18n>MANAGE_FILTERS_TEXT}}"
						class="wbCustomButtonClass wbTextBoldClass" press="openManageFilter"
						visible="{= ${oAppModel>/currentViewPage} === 'manageDashboardTiles' ? false:true}"/> -->
					<HBox renderType="Bare" justifyContent="End" width="100%">
						<Button text="{i18n>CLEAR_TEXT}" type="Transparent" press="clearFilterFn" class="wbTransparentButtonStyleClass sapUiTinyMarginEnd"/>
						<Button text="{i18n>SAVE_TEXT}"
							visible="false"
							type="Transparent" press="openSaveFilter" class="wbTransparentButtonStyleClass">
							<customData>
								<core:CustomData key="FILTER"/>
							</customData>
						</Button>
						<Button text="{i18n>APPLY_TEXT}"
							visible="{= (${oAppModel>/currentView} !== 'dashBoard' &amp;&amp; ${oAppModel>/currentViewPage} !== 'manageDashboardTiles' &amp;&amp; ${oAppModel>/WB_TASK_BOARD_VIEW}===false)? true:false}"
							type="Emphasized" press="applyFilter" class="wbEmphasizedButtonStyleClass sapUiTinyMarginBegin"/>
						<!--TILES IN DASHBOARD-->
						<!-- <Button text="{i18n>SAVE_TEXT}"
							visible="{= ${oAppModel>/currentView} === 'dashBoard' || ${oAppModel>/currentViewPage} === 'manageDashboardTiles' || ${oAppModel>/WB_TASK_BOARD_VIEW}===true ? true:false}"
							type="Emphasized" press="openSaveFilter" class="wbEmphasizedButtonStyleClass ">
							<customData>
								<core:CustomData key="{= ${oAppModel>/WB_TASK_BOARD_VIEW} === 'WB_TASK_BOARD_VIEW' ? 'FILTER':'TILE'}"/>
							</customData>
						</Button> -->
					</HBox>
				</HBox>
			</VBox>
		</VBox>
	</ResponsivePopover>
</core:FragmentDefinition>