<core:FragmentDefinition xmlns:core="sap.ui.core" xmlns:table="sap.ui.table" xmlns="sap.m">
	
	<VBox renderType="Bare" alignItems="Center" class="sapUiSizeCompact">
		<HBox width="97.5%" renderType="Bare" alignItems="Center" justifyContent="End">
			<SearchField class="wbAdminMGroupsSearch sapUiSmallMarginTop" width="25%" liveChange=".searchAuditLogsACFn"/>
		</HBox>
		<table:Table id="WB_AUDIT_LOGS_AC" selectionMode="None" width="97.5%" class="wbUiTableStyles sapUiTinyMarginTop"
			rows="{oDefaultDataModel>/auditLogsData}" visibleRowCount="12">
			<table:columns>
				<table:Column sortProperty="requestId" filterProperty="requestId">
					<Label text="{i18n>REQUEST_ID_TEXT}" class="wbTransformToUpperCase"/>
					<table:template>
						<Text text="{oDefaultDataModel>requestId}"/>
					</table:template>
				</table:Column>
				<table:Column sortProperty="platform" filterProperty="platform">
					<Label text="{i18n>PLATFORM_TEXT}" class="wbTransformToUpperCase"/>
					<table:template>
						<Text text="{oDefaultDataModel>platform}"/>
					</table:template>
				</table:Column>
				<table:Column sortProperty="signatureVerified" filterProperty="signatureVerified">
					<Label text="{i18n>SIGNATURE_VERIFIED_TEXT}" class="wbTransformToUpperCase"/>
					<table:template>
						<Text text="{oDefaultDataModel>signatureVerified}"/>
					</table:template>
				</table:Column>
				<table:Column sortProperty="userId" filterProperty="userId">
					<Label text="{i18n>ID_TEXT}" class="wbTransformToUpperCase"/>
					<table:template>
						<Text text="{oDefaultDataModel>userId}"/>
					</table:template>
				</table:Column>
				<table:Column sortProperty="userName" filterProperty="userName">
					<Label text="{i18n>USERNAME_TEXT}" class="wbTransformToUpperCase"/>
					<table:template>
						<Text text="{oDefaultDataModel>userName}"/>
					</table:template>
				</table:Column>
				<table:Column sortProperty="action" filterProperty="action">
					<Label text="{i18n>ACTION_TEXT}" class="wbTransformToUpperCase"/>
					<table:template>
						<Text text="{oDefaultDataModel>action}"/>
					</table:template>
				</table:Column>
				<table:Column sortProperty="updatedAtString" filterProperty="updatedAtString">
					<Label text="{i18n>UPDATED_AT}" class="wbTransformToUpperCase"/>
					<table:template>
						<Text text="{oDefaultDataModel>updatedAtString}"/>
					</table:template>
				</table:Column>
				<table:Column sortProperty="completedAtString" filterProperty="completedAtString">
					<Label text="{i18n>COMPLETED_AT}" class="wbTransformToUpperCase"/>
					<table:template>
						<Text text="{oDefaultDataModel>completedAtString}"/>
					</table:template>
				</table:Column>
				<table:Column sortProperty="comment" filterProperty="comment">
					<Label text="{i18n>COMMENTS_TEXT}" class="wbTransformToUpperCase"/>
					<table:template>
						<Text text="{oDefaultDataModel>comment}"/>
					</table:template>
				</table:Column>
			</table:columns>
		</table:Table>
	</VBox>
</core:FragmentDefinition>