<core:FragmentDefinition xmlns:core="sap.ui.core" xmlns:table="sap.ui.table" xmlns="sap.m">
	<VBox renderType="Bare" alignItems="Center" class="sapUiSizeCompact">
		<HBox width="97.5%" renderType="Bare" alignItems="Center" justifyContent="End">
			<SearchField class="wbAdminMGroupsSearch sapUiSmallMarginTop" width="25%" liveChange=".searchCFAApproverDataFn"/>
		</HBox>
		<table:Table id="WB_CFA_APPROVER_LIST" selectionMode="None" width="97.5%" class="wbUiTableStyles sapUiTinyMarginTop"
			rows="{oDefaultDataModel>/CFAApproverMatrixData}" visibleRowCount="7">
			<table:columns>
				<table:Column sortProperty="documentType" filterProperty="documentType">
					<Label text="{i18n>DOCUMENT_TYPE_TEXT}" class="wbTransformToUpperCase"/>
					<table:template>
						<Text text="{oDefaultDataModel>documentType}"/>
					</table:template>
				</table:Column>
				<table:Column sortProperty="costCenter" filterProperty="costCenter">
					<Label text="{i18n>COST_CENTER_TEXT}" class="wbTransformToUpperCase"/>
					<table:template>
						<Text text="{oDefaultDataModel>costCenter}"/>
					</table:template>
				</table:Column>
				<table:Column sortProperty="vf" filterProperty="vf">
					<Label text="{i18n>VERTICAL_TEXT} {i18n>FUNCTION_TEXT}" class="wbTransformToUpperCase"/>
					<table:template>
						<Text text="{oDefaultDataModel>vf}"/>
					</table:template>
				</table:Column>
				<table:Column sortProperty="gre" filterProperty="gre">
					<Label text="GRE" class="wbTransformToUpperCase"/>
					<table:template>
						<Text text="{oDefaultDataModel>gre}"/>
					</table:template>
				</table:Column>
				<table:Column sortProperty="pt" filterProperty="pt">
					<Label text="{i18n>PAYMENT_TYPE_TEXT}" class="wbTransformToUpperCase"/>
					<table:template>
						<Text text="{oDefaultDataModel>pt}"/>
					</table:template>
				</table:Column>
				<table:Column sortProperty="threshold" filterProperty="threshold">
					<Label text="{i18n>THRESHOLD_TEXT}" class="wbTransformToUpperCase"/>
					<table:template>
						<Text text="{oDefaultDataModel>threshold}"/>
					</table:template>
				</table:Column>
				<table:Column sortProperty="function" filterProperty="function">
					<Label text="{i18n>FUNCTION_TEXT}" class="wbTransformToUpperCase"/>
					<table:template>
						<Text text="{oDefaultDataModel>function}"/>
					</table:template>
				</table:Column>
				<table:Column sortProperty="approver" filterProperty="approver">
					<Label text="{i18n>APPROVER_TEXT}" class="wbTransformToUpperCase"/>
					<table:template>
						<Text text="{oDefaultDataModel>approver}"/>
					</table:template>
				</table:Column>
			</table:columns>
		</table:Table>
	</VBox>
</core:FragmentDefinition>