<core:FragmentDefinition xmlns:core="sap.ui.core" xmlns="sap.m" xmlns:u="sap.ui.unified">
	<Dialog class="sapUiSizeCompact" contentWidth="25%">
		<customHeader>
			<Bar>
				<contentLeft>
					<Title text="{i18n>CONFIGURE_PROCESS_TEXT}"/>
				</contentLeft>
				<contentRight>
					<core:Icon src="sap-icon://decline" press="onCloseConfigProcessFragment" class="wbDialogCloseIcon" tooltip="{i18n>CLOSE_TEXT}"/>
				</contentRight>
			</Bar>
		</customHeader>
		<VBox class="wbInboxTableClass sapUiSizeCompact" width="100%" renderType="Bare">
			<VBox renderType="Bare" width="100%" class="sapUiTinyMarginTop sapUiTinyMarginBottom">
				<Label text="{i18n>UPLOAD_JSON_TEXT}" class="wbTransformToUpperCase" required="true"/>
				<HBox renderType="Bare" alignItems="Center" justifyContent="SpaceBetween">
					<u:FileUploader class="wbEmphasizedButtonStyleClass wbUploadButtonPosition sapUiTinyMarginEnd" name="myFileUpload" uploadUrl="upload/"
						tooltip="{i18n>UPLOAD_FILE_TEXT}" change="prepareJsonPayload" typeMissmatch="handleTypeMissmatch" style="Emphasized" fileType="json"
						buttonText="{i18n>BROWSE_TEXT}"/>
					<core:Icon src="sap-icon://sys-help" class="wbTaskDetailHeaderIconClass" press="openHelpProcessJson" tooltip="{i18n>GET_PROCESS_JSON_TEXT}"/>
				</HBox>
				<Text text="{oDefaultDataModel>/configuredProcessName}" class="wbAdminNoteTextClass wbRightTextAlignClass"/>
			</VBox>
			<VBox renderType="Bare" width="100%" class="sapUiTinyMarginBottom">
				<Label text="{i18n>PROCESS_DISPLAY_NAME_TEXT}" class="wbTransformToUpperCase" required="true"/>
				<Input value="{oDefaultDataModel>/configureProcessData/processDisplayName}" maxLength="100" class="wbDefaultCustomInputWrapper"/>
			</VBox>
			<VBox renderType="Bare" width="100%" class="sapUiTinyMarginBottom">
				<Label text="{i18n>ORIGIN_TEXT}" class="wbTransformToUpperCase" required="true"/>
				<ComboBox items="{oDefaultDataModel>/originList}" selectedKey="{oDefaultDataModel>/configureProcessData/origin}"
					class="wbDefaultCustomInputWrapper">
					<core:Item text="{oDefaultDataModel>value}" key="{oDefaultDataModel>key}" enabled="{= ${oDefaultDataModel>key} === 'Ad-hoc' ? false : true}"/>
				</ComboBox>
			</VBox>
			<VBox renderType="Bare" width="100%" class="sapUiTinyMarginBottom">
				<HBox renderType="Bare" alignItems="Center">
					<Label text="{i18n>SLA_TEXT_IMAGE}" class="wbTransformToUpperCase" required="true" width="50%"/>
					<Label text="{i18n>CRITICAL_LEGEND_TEXT}" class="wbTransformToUpperCase" required="true" width="50%"/>
				</HBox>
				<HBox renderType="Bare" alignItems="Center" justifyContent="SpaceBetween">
					<StepInput class="wbDefaultCustomInputWrapper" width="49%" min="0" max="20" step="1" value="{oDefaultDataModel>/configureProcessData/sla}"/>
					<StepInput class="wbDefaultCustomInputWrapper" width="49%" min="0" max="20" step="1"
						value="{oDefaultDataModel>/configureProcessData/critical}"/>
				</HBox>
			</VBox>
		</VBox>
		<HBox renderType="Bare" alignItems="Center" justifyContent="End" class="wbDialogActionFooterClass">
			<Button text="{i18n>SUBMIT_TEXT}" class="wbDefaultButtonClass sapUiTinyMarginEnd" press="uploadProcessJsonFn"/>
			<Button type="Reject" text="{i18n>DISCARD_TEXT}" class="wbAdminMGroupsRemoveBulkBtn" press="onCloseConfigProcessFragment"/>
		</HBox>
	</Dialog>
</core:FragmentDefinition>