<core:FragmentDefinition xmlns:core="sap.ui.core" xmlns="sap.m">
	<Dialog class="sapUiSizeCompact" contentWidth="32%">
		<customHeader>
			<Bar>
				<contentLeft>
					<Title text="{i18n>ADD_TEXT} {i18n>TASK_TEMPLATE_TEXT}"/>
				</contentLeft>
				<contentRight>
					<core:Icon src="sap-icon://decline" press="closeCopyLayoutFragFn" class="wbDialogCloseIcon" tooltip="{i18n>CLOSE_TEXT}"/>
				</contentRight>
			</Bar>
		</customHeader>
		<VBox class="wbInboxTableClass sapUiSizeCompact" width="100%" renderType="Bare" alignItems="Center">
			<VBox renderType="Bare" alignItems="Center" class="wbCustomContentWrapperStyle sapUiTinyMarginTopBottom" width="98%">
				<HBox width="98%" renderType="Bare" alignItems="Center" class="wbCustomHeaderClass" justifyContent="Start">
					<Text text="{i18n>TASK_NAME_TEXT}" class="sapUiTinyMarginBegin"/>
				</HBox>
				<VBox class="sapUiSizeCompact" width="98%" renderType="Bare" alignItems="Center">
					<List id="WB_COPY_LAYOUT_LIST_ID" items="{oDefaultDataModel>/configuredProcessDetails/tasks}" class="sapUiSizeCompact wbInboxCardList"
						mode="SingleSelect">
						<CustomListItem class="wbCardViewList">
							<Text text="{oDefaultDataModel>taskName}" class="sapUiSmallMarginBegin"/>
						</CustomListItem>
					</List>
				</VBox>
			</VBox>
			<HBox renderType="Bare" alignItems="Center" width="98%" justifyContent="End" class="sapUiTinyMarginTop">
				<Button text="{i18n>ADD_TEXT}" class="wbDefaultButtonClass sapUiTinyMarginEnd" press="copyLayoutFn"/>
				<Button type="Reject" text="{i18n>DISCARD_TEXT}" class="wbAdminMGroupsRemoveBulkBtn" press="closeCopyLayoutFragFn"/>
			</HBox>
		</VBox>
	</Dialog>
</core:FragmentDefinition>