<core:FragmentDefinition xmlns:core="sap.ui.core" xmlns="sap.m">
	<Dialog class="sapUiSizeCompact" contentWidth="25%">
		<customHeader>
			<Bar>
				<contentLeft>
					<Title text="{i18n>ADD_TEXT} {i18n>LAYOUT_TEXT}" visible="{= ${oDefaultDataModel>/editLayout} ? false : true}"/>
					<Title text="{i18n>EDIT_TEXT} {i18n>LAYOUT_TEXT}" visible="{= ${oDefaultDataModel>/editLayout} ? true : false}"/>
				</contentLeft>
				<contentRight>
					<core:Icon src="sap-icon://decline" press="onCloseCreateLayoutFragment" class="wbDialogCloseIcon" tooltip="{i18n>CLOSE_TEXT}"/>
				</contentRight>
			</Bar>
		</customHeader>
		<VBox class="wbInboxTableClass sapUiSizeCompact" width="100%" renderType="Bare">
			<VBox renderType="Bare" class="sapUiTinyMarginTop sapUiTinyMarginBottom">
				<Label text="{i18n>LABEL_TEXT}" class="wbTransformToUpperCase" required="true"/>
				<Input value="{oDefaultDataModel>/createLayoutData/label}" maxLength="100" class="wbDefaultCustomInputWrapper"></Input>
			</VBox>
			<VBox renderType="Bare" class="sapUiTinyMarginBottom">
				<Label text="{i18n>LAYOUT_TEXT} {i18n>NAME_TEXT}" class="wbTransformToUpperCase" required="true"/>
				<Input value="{oDefaultDataModel>/createLayoutData/layoutName}" maxLength="100" class="wbDefaultCustomInputWrapper"/>
			</VBox>
			<VBox renderType="Bare" class="sapUiTinyMarginBottom">
				<Label text="{i18n>LAYOUT_TEXT} {i18n>TYPE_TEXT}" class="wbTransformToUpperCase" required="true"/>
				<ComboBox selectedKey="{oDefaultDataModel>/createLayoutData/layoutType}" class="wbDefaultCustomInputWrapper">
					<core:Item text="{i18n>GRID_TEXT}" key="Grid"/>
					<core:Item text="{i18n>TABLE_TEXT}" key="Table"/>
					<core:Item text="{i18n>ICON_TAB_BAR_TEXT}" key="IconTabBar"/>
				</ComboBox>
			</VBox>
			<VBox renderType="Bare" class="sapUiTinyMarginBottom"
				visible="{= ${oDefaultDataModel>/createLayoutData/layoutType} === 'Grid' ? true : false}">
				<Label text="{i18n>LAYOUT_TEXT} {i18n>SPAN_TEXT}" class="wbTransformToUpperCase" required="true"/>
				<Input placeholder="XL3 L3 M6 S12" value="{oDefaultDataModel>/createLayoutData/layoutSize}" class="wbDefaultCustomInputWrapper"/>
			</VBox>
		</VBox>
		<HBox renderType="Bare" alignItems="Center" justifyContent="End" class="wbDialogActionFooterClass">
			<Button text="{i18n>SAVE_TEXT}" class="wbDefaultButtonClass sapUiTinyMarginEnd" press="addLayoutFn"
				visible="{= ${oDefaultDataModel>/editLayout} ? true : false}"/>
			<Button text="{i18n>ADD_TEXT}" class="wbDefaultButtonClass sapUiTinyMarginEnd" press="addLayoutFn"
				visible="{= ${oDefaultDataModel>/editLayout} ? false : true}"/>
			<Button type="Reject" text="{i18n>DISCARD_TEXT}" class="wbAdminMGroupsRemoveBulkBtn" press="onCloseCreateLayoutFragment"/>
		</HBox>
	</Dialog>
</core:FragmentDefinition>