<core:FragmentDefinition xmlns:core="sap.ui.core" xmlns="sap.m" xmlns:grid="sap.ui.layout.cssgrid" xmlns:f="sap.f"
	xmlns:dnd="sap.ui.core.dnd" xmlns:dnd-grid="sap.f.dnd">
	<VBox renderType="Bare" alignItems="Start" class="sapUiSizeCompact wbCustomDialogBackground">
		<HBox renderType="Bare" alignItems="Center" justifyContent="SpaceBetween" class="sapUiSmallMargin wbCustomContentWrapperStyle"
			width="{= ${oAppModel>/currentViewPage} === 'tableConfiguration' ? '97.5%' : '96.5%'}" items="{oDefaultDataModel>/standardTemplateDetails}">
			<VBox renderType="Bare" alignItems="Start" class="sapUiSmallMargin" width="20%">
				<Label text="{path : 'oDefaultDataModel>key' ,formatter: 'oneapp.incture.workbox.util.formatter.wbAdminStdAttrText'}"/>
				<Input class="wbDefaultCustomInputWrapper" value="{oDefaultDataModel>label}" liveChange="addStandardAttributes"/>
			</VBox>
		</HBox>
		<Text text="{i18n>CUSTOM_ATTRIBUTE_TEXT}" class="sapUiSmallMarginBegin"/>
		<HBox renderType="Bare" alignItems="Start" justifyContent="SpaceBetween" class="sapUiSmallMargin">
			<VBox renderType="Bare" alignItems="Center" class="wbCustomContentWrapperStyle">
				<ScrollContainer horizontal="false" vertical="true"
					height="{path : 'oAppModel>/currentViewPage' ,formatter: 'oneapp.incture.workbox.util.formatter.wbCustomAttributeProcessScrollHeight'}">
					<SelectList selectionChange="getCustomAttributes" selectedKey="{oConstantsModel>/selectedProcess}"
						items="{oConstantsModel>/processNamesList}" class="wbAdminSelectListClass">
						<core:Item text="{oConstantsModel>processDisplayName}" key="{oConstantsModel>processName}"/>
					</SelectList>
				</ScrollContainer>
			</VBox>
			<VBox renderType="Bare" visible="{= ${oAppModel>/currentViewPage} === 'tableConfiguration' ? false : true}"
				class="wbCustomContentWrapperStyle sapUiTinyMarginBegin"
				width="{path : 'oAppModel>/currentViewPage' ,formatter: 'oneapp.incture.workbox.util.formatter.wbCustomAttributeContainerWidth'}">
				<HBox renderType="Bare" alignItems="Center" class="wbCustomHeaderClass" justifyContent="Start">
					<Text text="{i18n>SEQUENCE_TEXT}" width="18%" class="sapUiSmallMarginBegin"/>
					<Text text="{i18n>COLUMN_NAME_TEXT}" width="30%"/>
					<Text text="{i18n>NEW_COLUMN_NAME_TEXT}" width="30%"/>
				</HBox>
				<ScrollContainer
					height="{path : 'oAppModel>/currentViewPage' ,formatter: 'oneapp.incture.workbox.util.formatter.wbCustomAttributeScrollHeight'}"
					horizontal="false" vertical="true">
					<f:GridList class="wbAdminGridClass sapUiSmallMarginBegin" gridTemplateColumns="1fr" gridGap="0.25rem"
						items="{oDefaultDataModel>/customAttributeDetails}" busy="{oDefaultDataModel>/enableBusyIndicators}" busyIndicatorDelay="0">
						<f:dragDropConfig>
							<dnd:DragInfo sourceAggregation="items"/>
							<dnd-grid:GridDropInfo targetAggregation="items" dropPosition="Between" dropLayout="Horizontal" drop="onDropListItem"/>
						</f:dragDropConfig>
						<f:GridListItem class="wbAdminGridClass">
							<HBox renderType="Bare" alignItems="Center" justifyContent="Start">
								<HBox width="18%">
									<Image src="images/DragIcon.png"/>
									<Text text="{oDefaultDataModel>sequenceNo}" class="sapUiTinyMarginBegin"/>
								</HBox>
								<Text text="{oDefaultDataModel>label}" width="30%"/>
								<HBox width="30%" renderType="Bare">
									<Input value="{oDefaultDataModel>newLabel}" width="90%" class="wbDefaultCustomInputWrapper"/>
								</HBox>
								<HBox width="18%" renderType="Bare" alignItems="Center" justifyContent="End">
									<Text text="{i18n>ACTIVE_TEXT}" class="wbAdminCustActiveText" visible="{= ${oDefaultDataModel>isActive} === false ? true : false}"/>
									<Text text="{i18n>ACTIVATED_TEXT}" class="wbAdminCustActivatedText" visible="{oDefaultDataModel>isActive}"/>
								</HBox>
							</HBox>
						</f:GridListItem>
					</f:GridList>
				</ScrollContainer>
			</VBox>
			<VBox renderType="Bare" class="sapUiTinyMarginBegin">
				<VBox renderType="Bare" class="wbCustomContentWrapperStyle"
					visible="{= ${oAppModel>/currentViewPage} === 'tableConfiguration' ? true : false}"
					width="{path : 'oAppModel>/currentViewPage' ,formatter: 'oneapp.incture.workbox.util.formatter.wbCustomAttributeContainerWidth'}">
					<HBox renderType="Bare" alignItems="Center" class="wbCustomHeaderClass" justifyContent="Start">
						<Text text="{i18n>VALUE_TEXT}" width="20%" class="wbTransformToUpperCase"/>
						<Text text="{i18n>LABEL_NAME_TEXT}" width="30%" class="wbTransformToUpperCase"/>
						<Text text="{i18n>DESCRIPTION_TEXT}" width="30%" class="wbTransformToUpperCase"/>
					</HBox>
					<ScrollContainer class="sapUiTinyMargin" horizontal="false" vertical="true"
						height="{path : 'oAppModel>/currentViewPage' ,formatter: 'oneapp.incture.workbox.util.formatter.wbCustomAttributeScrollHeight'}">
						<VBox items="{oDefaultDataModel>/customAttributeDetails/customAttributeTemplates}" busy="{oDefaultDataModel>/enableBusyIndicators}"
							busyIndicatorDelay="0">
							<HBox renderType="Bare" alignItems="Center" justifyContent="Start">
								<Text text="{oDefaultDataModel>key}" width="20%"/>
								<HBox width="30%" renderType="Bare" alignItems="Center">
									<Input value="{oDefaultDataModel>label}" width="95%" class="wbDefaultCustomInputWrapper"/>
								</HBox>
								<HBox width="30%" renderType="Bare" alignItems="Center">
									<Input value="{oDefaultDataModel>description}" width="95%" class="wbDefaultCustomInputWrapper"/>
								</HBox>
								<HBox renderType="Bare" alignItems="Center" justifyContent="End" width="15%">
									<Button text="{i18n>ACTIVE_TEXT}" visible="{= ${oDefaultDataModel>isActive} === false ? true : false}" press="onActivateCustom"
										class="wbTransparentButtonStyleClass" type="Emphasized"/>
									<Button text="{i18n>ACTIVATED_TEXT}" width="70%" visible="{oDefaultDataModel>isActive}" press="onActivateCustom" type="Emphasized"
										class="wbEmphasizedButtonStyleClass"/>
								</HBox>
							</HBox>
						</VBox>
					</ScrollContainer>
					<HBox width="100%" renderType="Bare" alignItems="Center" justifyContent="End" class="wbAdminActionSecClass">
						<Button text="{i18n>APPLY_TEXT}" icon="sap-icon://customfont/SaveIcon" class="sapUiTinyMarginEnd wbCustomButtonClass" type="Emphasized"
							press="onClickApply"/>
						<Button text="{i18n>RESET_TEXT}" icon="sap-icon://customfont/ResetIcon" class="sapUiTinyMarginEnd wbCustomButtonClass" type="Emphasized"
							press="onClickReset"/>
					</HBox>
				</VBox>
				<Text text="{i18n>NOTE_RECOMMENDED_TO_ACTIVATE} {oDefaultDataModel>/maxCustomAttrCount} {i18n>COLUMN_TEXT}"
					class="wbAdminNoteTextClass sapUiTinyMarginBegin sapUiTinyMarginTop"
					visible="{= ${oAppModel>/currentViewPage} === 'tableConfiguration' ? true : false}"/>
			</VBox>
		</HBox>
		<HBox renderType="Bare" alignItems="Center" width="99%" justifyContent="SpaceBetween"
			visible="{= ${oAppModel>/currentViewPage} === 'tableConfiguration' ? false : true}">
			<Text text="{i18n>NOTE_DRAG_DROP}" class="wbAdminNoteTextClass sapUiSmallMarginBegin sapUiSmallMarginBottom"/>
			<Button text="Save" press="onSaveTableConfigFn" class="sapUiTinyMarginEnd wbDefaultButtonClass sapUiSmallMarginBottom"/>
		</HBox>
	</VBox>
</core:FragmentDefinition>