<core:FragmentDefinition xmlns:core="sap.ui.core" xmlns="sap.m">
	<Dialog class="sapUiSizeCompact" contentWidth="25%">
		<customHeader>
			<Bar>
				<contentLeft>
					<Title text="{i18n>EDIT_TEXT} {i18n>ATTRIBUTE_TEXT}"/>
				</contentLeft>
				<contentRight>
					<core:Icon src="sap-icon://decline" press="closeEditAttributeFragFn" class="wbDialogCloseIcon" tooltip="{i18n>CLOSE_TEXT}"/>
				</contentRight>
			</Bar>
		</customHeader>
		<VBox class="wbInboxTableClass sapUiSizeCompact" width="100%" renderType="Bare">
			<VBox renderType="Bare" class="sapUiTinyMarginTop sapUiTinyMarginBottom">
				<Label text="{i18n>LABEL_TEXT}" class="wbTransformToUpperCase" required="true"/>
				<Input value="{oDefaultDataModel>/editObjectDetails/keyLabel}" maxLength="100" class="wbDefaultCustomInputWrapper"></Input>
			</VBox>
			<VBox renderType="Bare" class="sapUiTinyMarginBottom">
				<Label text="{i18n>KEY_TEXT}" class="wbTransformToUpperCase" required="true"/>
				<Text text="{oDefaultDataModel>/editObjectDetails/key}"/>
			</VBox>
			<VBox renderType="Bare" class="sapUiTinyMarginBottom">
				<Label text="{i18n>DATA_TYPE_TEXT}" class="wbTransformToUpperCase" required="true"/>
				<ComboBox selectedKey="{oDefaultDataModel>/editObjectDetails/keyType}" class="wbDefaultCustomInputWrapper"
					items="{oDefaultDataModel>/dataType/dto}">
					<core:Item key="{oDefaultDataModel>value}" text="{oDefaultDataModel>value}"
						enabled="{= ${oDefaultDataModel>value} === 'TABLE' || ${oDefaultDataModel>value} === 'ATTACHMENT' || ${oDefaultDataModel>value} === 'DROPDOWN' ? false : true}"/>
				</ComboBox>
			</VBox>
			<VBox renderType="Bare" class="sapUiTinyMarginBottom">
				<Label text="{i18n>VISIBILITY_TEXT}" class="wbTransformToUpperCase"/>
				<CheckBox selected="{oDefaultDataModel>/editObjectDetails/isVisible}"/>
			</VBox>
			<VBox renderType="Bare" class="sapUiTinyMarginBottom">
				<Label text="{i18n>EDITABLE_TEXT}" class="wbTransformToUpperCase"/>
				<CheckBox selected="{oDefaultDataModel>/editObjectDetails/isEditable}"/>
			</VBox>
			<VBox renderType="Bare" class="sapUiTinyMarginBottom">
				<Label text="{i18n>MANDATORY_TEXT}" class="wbTransformToUpperCase"/>
				<CheckBox selected="{oDefaultDataModel>/editObjectDetails/isMandatory}"/>
			</VBox>
		</VBox>
		<HBox renderType="Bare" alignItems="Center" justifyContent="End" class="wbDialogActionFooterClass">
			<Button text="{i18n>SAVE_TEXT}" class="wbDefaultButtonClass sapUiTinyMarginEnd" press="editAttributeSubfn"/>
			<Button type="Reject" text="{i18n>DISCARD_TEXT}" class="wbAdminMGroupsRemoveBulkBtn" press="closeEditAttributeFragFn"/>
		</HBox>
	</Dialog>
</core:FragmentDefinition>