<core:FragmentDefinition xmlns="sap.m" xmlns:core="sap.ui.core" xmlns:l="sap.ui.layout">
	<Dialog showHeader="false" contentWidth="25%" xmlns:layout="sap.ui.layout" class="dialogClass">
		<customHeader>
			<Bar>
				<contentMiddle>
					<Title text="{i18n>FORWARD_TASK_TO_TEXT}" class="wbDialogTitle"/>
				</contentMiddle>
				<contentRight>
					<core:Icon src="sap-icon://decline" press="onForwardPopupClose" class="wbDialogCloseIcon"/>
				</contentRight>
			</Bar>
		</customHeader>
		<Toolbar class="sapUiSizeCompact">
			<SearchField placeholder="{i18n>SELECT_USER_TEXT}" liveChange="delegateUserSearch"
				class="wbAdminMGroupsSearch wbChatScreenSerchStyles sapUiSizeCompact" value="{oConstantsModel>/fwdSearchValue}"></SearchField>
		</Toolbar>
		<List id="idDelegateList" items='{oConstantsModel>/allUsers}' busyIndicatorDelay="0" mode="SingleSelectMaster" selectionChange='onUserSelect'
			class="sapUiSizeCompact">
			<!--showNoData='false'-->
			<items>
				<CustomListItem type='Active' class="delegateListClass">
					<!--<HBox width='4.5rem' displayInline='true'> </HBox>-->
					<HBox class="sapUiTinyMarginTop">
						<VBox>
							<Text text="{oConstantsModel>userId}" class="sapUiSmallMarginBegin sapUiTinyMarginBottom tableHeaderLblStyle"></Text>
						</VBox>
						<VBox>
							<Text text=" - {oConstantsModel>userFirstName} {oConstantsModel>userLastName}" class="taskOwnerDisplayClass sapUiTinyMarginBottom"/>
						</VBox>
					</HBox>
				</CustomListItem>
			</items>
		</List>
	</Dialog>
</core:FragmentDefinition>