<core:FragmentDefinition xmlns:core="sap.ui.core" xmlns="sap.m" xmlns:f="sap.f" xmlns:dnd="sap.ui.core.dnd" xmlns:dnd-grid="sap.f.dnd">
	<IconTabBar class="wbAdminMGroupsIconTabBackground sapUiSizeCompact" select="onGraphConfigViewSelect" id="ID_GRAPH_LIST_BAR"
		expandable="false">
		<items>
			<IconTabFilter key="manageGraphs" text="{i18n>MANAGE_GRAPHS_TEXT}">
				<VBox class="sapUiSmallMargin" renderType="Bare" width="97.5%" alignItems="Center">
					<VBox class="wbCustomContentWrapperStyle" width="100%" renderType="Bare" alignItems="Center">
						<HBox renderType="Bare" alignItems="Center" width="99%" class="wbCustomHeaderClass" justifyContent="Start">
							<Label width="10.8%" text="{i18n>SEQUENCE_TEXT}" class="wbTransformToUpperCase"/>
							<Label width="26%" text="{i18n>GRAPH_NAME_TEXT}" class="wbTransformToUpperCase"/>
							<Label width="26%" text="{i18n>GRAPH_TYPE_TEXT}" class="wbTransformToUpperCase"/>
							<Label text="{i18n>ACTIVE_TEXT}" width="26%" class="wbTransformToUpperCase"/>
						</HBox>
						<ScrollContainer class="wbAdminMGroupsScroll" width="100%"
							height="{path : 'oDefaultDataModel>/graphListItems' ,formatter: 'oneapp.incture.workbox.util.formatter.wbGraphListHeight'}"
							horizontal="false" vertical="true" focusable="true">
							<List busy="{oDefaultDataModel>/enableBusyIndicators}" busyIndicatorDelay="0" width="98%" selectionChange="onGraphListItemSelect"
								mode="SingleSelectMaster" items="{oDefaultDataModel>/graphListItems}" visible="{= ${oAppModel>/currentView} === 'dashBoard' ? true : false}">
								<CustomListItem visible="{= ${oDefaultDataModel>userId} === 'Admin' ? true : false}">
									<HBox class="wbAdminMGroupsListItemHeight" width="100%" renderType="Bare" alignItems="Center" justifyContent="Start">
										<HBox renderType="Bare" width="9.9%" class="sapUiTinyMarginBegin">
											<Text text="{oDefaultDataModel>sequence}" class="sapUiSmallMarginBegin"/>
										</HBox>
										<Text width="26%" text="{oDefaultDataModel>graphName}" class="sapUiTinyMarginBegin"/>
										<HBox renderType="Bare" width="26%">
											<core:Icon src="{path : 'oDefaultDataModel>chartType' ,formatter: 'oneapp.incture.workbox.util.formatter.wbGraphChartIcon'}"
												class="wbTaskDetailHeaderIconClass wbAdminManageGraphIconSizeClass sapUiMediumMarginEnd"/>
										</HBox>
										<HBox renderType="Bare" width="26%">
											<Switch class="wbCustomSwitch" change="activeGraphfn"
												enabled="{= ${oDefaultDataModel>userId} === 'Admin' &amp;&amp; ${oAppModel>/currentView} === 'dashBoard' ? false : true}"
												state="{oDefaultDataModel>isActive}"></Switch>
										</HBox>
										<HBox width="11%" renderType="Bare" alignItems="Center" justifyContent="End">
											<Button text="{i18n>REMOVE_TEXT}" type="Reject" class="wbAdminMGroupsRemoveBtn" press="deleteGraphConfigfn"
												enabled="{= ${oDefaultDataModel>userId} === 'Admin' &amp;&amp; ${oAppModel>/currentView} === 'dashBoard' ? false : true}"/>
										</HBox>
									</HBox>
								</CustomListItem>
							</List>
							<HBox renderType="Bare" alignItems="Center" visible="{= ${oAppModel>/currentView} === 'dashBoard' ? true : false}">
								<Text text="{i18n>USER_CONFIGURED_GRAPH_TEXT}" class="wbManageFilterNoDataText"/>
							</HBox>
							<f:GridList busy="{oDefaultDataModel>/enableBusyIndicators}" width="98%" class="wbAdminGraphGridClass sapUiTinyMarginBegin wbInboxCardList"
								items="{oDefaultDataModel>/graphListItems}" includeItemInSelection="true" selectionChange="onGraphListItemSelect" mode="SingleSelectMaster"
								busyIndicatorDelay="0">
								<f:dragDropConfig >
									<dnd:DragDropInfo sourceAggregation="items"/>
									<dnd-grid:GridDropInfo targetAggregation="items" dropPosition="Between" dropLayout="Horizontal" drop="onDropGraphListItem"/>
								</f:dragDropConfig>
								<f:GridListItem class="wbAdminGraphGridClass" width="100%"
									visible="{= ${oDefaultDataModel>userId} === 'Admin' &amp;&amp; ${oAppModel>/currentView} === 'dashBoard' ? false : true}">
									<HBox class="wbAdminMGroupsListItemHeight" width="100%" renderType="Bare" alignItems="Center" justifyContent="Start">
										<HBox renderType="Bare" width="10.9%">
											<Image src="images/DragIcon.png" height="0.8rem"/>
											<Text text="{oDefaultDataModel>sequence}" class="sapUiTinyMarginBegin"/>
										</HBox>
										<Text width="26%" text="{oDefaultDataModel>graphName}" class="sapUiTinyMarginBegin"/>
										<HBox renderType="Bare" width="26%">
											<core:Icon src="{path : 'oDefaultDataModel>chartType' ,formatter: 'oneapp.incture.workbox.util.formatter.wbGraphChartIcon'}"
												class="wbTaskDetailHeaderIconClass wbAdminManageGraphIconSizeClass sapUiMediumMarginEnd"/>
										</HBox>
										<HBox renderType="Bare" width="26%">
											<Switch class="wbCustomSwitch" change="activeGraphfn"
												enabled="{= ${oDefaultDataModel>userId} === 'Admin' &amp;&amp; ${oAppModel>/currentView} === 'dashBoard' ? false : true}"
												state="{oDefaultDataModel>isActive}"></Switch>
										</HBox>
										<HBox width="11%" renderType="Bare" alignItems="Center" justifyContent="End">
											<Button text="{i18n>REMOVE_TEXT}" type="Reject" class="wbAdminMGroupsRemoveBtn" press="deleteGraphConfigfn"
												enabled="{= ${oDefaultDataModel>userId} === 'Admin' &amp;&amp; ${oAppModel>/currentView} === 'dashBoard' ? false : true}"/>
										</HBox>
									</HBox>
								</f:GridListItem>
							</f:GridList>
						</ScrollContainer>
					</VBox>
				</VBox>
				<HBox renderType="Bare" alignItems="Center" width="99%" justifyContent="End">
					<Button text="{i18n>APPLY_TEXT}" press="onSaveGraphListSequence" enabled="{oDefaultDataModel>/sequenceApplyButton}"
						class="wbDefaultButtonClass sapUiSmallMarginBottom"/>
				</HBox>
			</IconTabFilter>
			<IconTabFilter key="createGraphs" text="{i18n>CREATE_GRAPHS}">
				<ScrollContainer width="100%"
					height="{path : 'oDefaultDataModel>/graphListItems' ,formatter: 'oneapp.incture.workbox.util.formatter.wbCreateGraphHeight'}"
					horizontal="false" vertical="true" focusable="true">
					<VBox renderType="Bare" class="sapUiSizeCompact sapUiSmallMargin">
						<HBox renderType="Bare" alignItems="Center" justifyContent="SpaceBetween">
							<Label text="{i18n>GENERAL_SETTINGS_TEXT}" class="sapUiTinyMarginBottom wbAdminCustLabelProcess"/>
							<Text visible="{= ${oDefaultDataModel>/graphConfigData/graphConfigId}.length > 1 ? false : true}" text="{i18n>NOTE_SEQUENCE_ORDER}"
								class="wbAdminNoteTextClass sapUiSmallMarginBegin sapUiSmallMarginBottom"/>
						</HBox>
						<VBox renderType="Bare">
							<HBox renderType="Bare" alignItems="Center">
								<Label required="true" width="15%" text="{i18n>GRAPH_LABEL_TEXT}"/>
								<Input class="wbTaskDetailInputWrapper" change="checkInputValue($event,'specialCharacter')"
									value="{oDefaultDataModel>/graphConfigData/graphName}" maxLength="200" width="25%"/></HBox>
							<HBox renderType="Bare" alignItems="Center" class="sapUiTinyMarginTopBottom">
								<Label required="true" width="15%" text="{i18n>CHART_TYPE_TEXT}"/>
								<HBox renderType="Bare" alignItems="Center">
									<core:Icon src="sap-icon://bar-chart" alt="column" tooltip="{i18n>VERTICAL_BAR_CHART_TEXT}"
										class="wbTaskDetailHeaderIconClass wbAdminGraphIconSizeClass sapUiMediumMarginEnd" press="setChartTypeFn"
										visible="{path : 'oDefaultDataModel>/graphConfigData/chartType' ,formatter: 'oneapp.incture.workbox.util.formatter.wbGraphChartIconStyle'}"/>
									<core:Icon src="sap-icon://vertical-stacked-chart" alt="stacked_column" tooltip="{i18n>COLUMN_STACKED_CHART_TEXT}"
										class="wbTaskDetailHeaderIconClass wbAdminGraphIconSizeClass sapUiMediumMarginEnd" press="setChartTypeFn"
										visible="{path : 'oDefaultDataModel>/graphConfigData/chartType' ,formatter: 'oneapp.incture.workbox.util.formatter.wbGraphChartIconStyle'}"/>
									<core:Icon src="sap-icon://horizontal-bar-chart" alt="bar" tooltip="{i18n>HORIZONTAL_BAR_CHART_TEXT}"
										class="wbTaskDetailHeaderIconClass wbAdminGraphIconSizeClass sapUiMediumMarginEnd" press="setChartTypeFn"
										visible="{path : 'oDefaultDataModel>/graphConfigData/chartType' ,formatter: 'oneapp.incture.workbox.util.formatter.wbGraphChartIconStyle'}"/>
									<core:Icon src="sap-icon://horizontal-stacked-chart" alt="stacked_bar" tooltip="{i18n>HORIZONTAL_STACKED_CHART_TEXT}"
										class="wbTaskDetailHeaderIconClass wbAdminGraphIconSizeClass sapUiMediumMarginEnd" press="setChartTypeFn"
										visible="{path : 'oDefaultDataModel>/graphConfigData/chartType' ,formatter: 'oneapp.incture.workbox.util.formatter.wbGraphChartIconStyle'}"/>
									<core:Icon src="sap-icon://donut-chart" alt="donut" tooltip="{i18n>DONUT_CHART_TEXT}"
										class="wbTaskDetailHeaderIconClass wbAdminGraphIconSizeClass sapUiMediumMarginEnd" press="setChartTypeFn"
										visible="{path : 'oDefaultDataModel>/graphConfigData/chartType' ,formatter: 'oneapp.incture.workbox.util.formatter.wbGraphChartIconStyle'}"/>
									<core:Icon src="sap-icon://line-chart" alt="line" tooltip="{i18n>LINE_CHART_TEXT}"
										class="wbTaskDetailHeaderIconClass wbAdminGraphIconSizeClass sapUiMediumMarginEnd" press="setChartTypeFn"
										visible="{path : 'oDefaultDataModel>/graphConfigData/chartType' ,formatter: 'oneapp.incture.workbox.util.formatter.wbGraphChartIconStyle'}"/>
									<core:Icon src="sap-icon://pie-chart" alt="pie" tooltip="{i18n>PIE_CHART_TEXT}"
										class="wbTaskDetailHeaderIconClass wbAdminGraphIconSizeClass" press="setChartTypeFn"
										visible="{path : 'oDefaultDataModel>/graphConfigData/chartType' ,formatter: 'oneapp.incture.workbox.util.formatter.wbGraphChartIconStyle'}"/>
								</HBox>
							</HBox>
							<HBox renderType="Bare" alignItems="Center">
								<Text width="14.35%" text="{i18n>SHOW_GRID_TEXT}"/>
								<Switch class="wbCustomSwitch" state="{oDefaultDataModel>/graphConfigData/gridView}"/>
							</HBox>
							<HBox renderType="Bare" alignItems="Center">
								<Text width="14.35%" text="{i18n>SHOW_LEGEND_TEXT}"/>
								<Switch class="wbCustomSwitch" change="setChangePropertyFn" state="{oDefaultDataModel>/graphConfigData/showLegends}"/>
							</HBox>
						</VBox>
						<Label text="{i18n>COORDINATE_SETTINGS_TEXT}" class="sapUiTinyMarginBottom wbAdminCustLabelProcess sapUiSmallMarginTop"/>
						<HBox renderType="Bare" alignItems="Center" width="100%">
							<VBox renderType="Bare" width="50%">
								<Label text="{i18n>X_AXIS_SETTINGS_TEXT}" class="sapUiTinyMarginBottom wbAdminGraphAxisLabel sapUiTinyMarginTop"/>
								<VBox width="100%" renderType="Bare">
									<HBox renderType="Bare" alignItems="Center">
										<Text width="29.5%" text="{i18n>NAME_TEXT}"/>
										<Input class="wbTaskDetailInputWrapper" change="checkInputValue($event,'specialCharacter')" maxLength="200" width="50%"
											value="{oDefaultDataModel>/graphConfigData/xLabel}"/>
									</HBox>
									<HBox renderType="Bare" alignItems="Center">
										<Label required="true" width="29.5%" text="{i18n>CO-ORDINATE_VALUES}"/>
										<ComboBox class="wbTaskDetailInputWrapper" width="50%" selectionChange="changeParameterFn($event,'xAxis')"
											selectedKey="{oDefaultDataModel>/graphConfigData/xParameter}" items="{oDefaultDataModel>/graphParameter}">
											<core:Item text="{oDefaultDataModel>name}" key="{oDefaultDataModel>value}"
												enabled="{= ((${oDefaultDataModel>/graphConfigData/yParameter} !== 'taskCount' || ${oDefaultDataModel>/graphConfigData/yParameter} === null) &amp;&amp; ${oDefaultDataModel>value} === 'taskCount') || ((${oDefaultDataModel>/graphConfigData/yParameter} === 'taskCount' || ${oDefaultDataModel>/graphConfigData/yParameter} === null) &amp;&amp; ${oDefaultDataModel>value} !== 'taskCount') ? true : false}"/>
										</ComboBox>
									</HBox>
									<HBox renderType="Bare" alignItems="Center" visible="{= ${oDefaultDataModel>/graphConfigData/xParameter} === 'taskCount' ? true : false}">
										<Text width="29.5%" text="{i18n>CATEGORY_TEXT}"/>
										<ComboBox class="wbTaskDetailInputWrapper" width="50%" selectionChange="changeFilterItemsFn"
											selectedKey="{oDefaultDataModel>/graphConfigData/xCategory}"
											editable="{= ${oDefaultDataModel>/graphConfigData/xParameter} === 'taskCount' ? true : false}" items="{oDefaultDataModel>/graphParameter}">
											<core:Item text=" {oDefaultDataModel>name}" key="{oDefaultDataModel>value}"
												enabled="{= ${oDefaultDataModel>value === 'taskCount'} || (${oDefaultDataModel>/graphConfigData/xParameter} === ${oDefaultDataModel>value}) || (${oDefaultDataModel>/graphConfigData/yParameter} === ${oDefaultDataModel>value}) ? false : true}"/>
										</ComboBox>
									</HBox>
									<HBox renderType="Bare" alignItems="Center" visible="{= ${oDefaultDataModel>/graphConfigData/xParameter} === 'taskCount' ? true : false}">
										<Label required="{= ${oDefaultDataModel>/graphConfigData/xCategory} ? true : false}" width="29.5%" text="{i18n>FILTER_TEXT}"/>
										<MultiComboBox class="wbTaskDetailInputWrapper" selectionChange="setChangePropertyFn" width="50%"
											selectedKeys="{oDefaultDataModel>/graphConfigData/xFilter}"
											editable="{= ${oDefaultDataModel>/graphConfigData/xParameter} === 'taskCount' ? true : false}"
											items="{oDefaultDataModel>/graphConfigFilterData}">
											<core:Item text="{oDefaultDataModel>key}" key="{oDefaultDataModel>value}"/>
										</MultiComboBox>
									</HBox>
									<HBox renderType="Bare" alignItems="Center">
										<Text width="29.5%" text="{i18n>MAX_VALUE_TEXT}"/>
										<StepInput width="5rem" editable="{= ${oDefaultDataModel>/graphConfigData/xParameter} !== 'taskCount' ? true : false}"
											class="wbTaskDetailInputWrapper" min="0" max="20" step="5" value="{oDefaultDataModel>/graphConfigData/xAxisTopValue}"
											change="checkInputValue($event,'numericOnly')"/>
									</HBox>
									<HBox renderType="Bare" alignItems="Center">
										<Text width="28.25%" text="{i18n>SHOW_SCROLLBAR_TEXT}"/>
										<Switch class="wbCustomSwitch" change="setSwitchPropertyFn" state="{oDefaultDataModel>/graphConfigData/xScrollbar}"/>
									</HBox>
								</VBox>
							</VBox>
							<VBox renderType="Bare" width="50%">
								<Label text="{i18n>Y_AXIS_SETTINGS_TEXT}" class="sapUiTinyMarginBottom wbAdminGraphAxisLabel sapUiTinyMarginTop"/>
								<VBox width="100%" renderType="Bare">
									<HBox renderType="Bare" alignItems="Center">
										<Text width="29.5%" text="{i18n>NAME_TEXT}"/>
										<Input class="wbTaskDetailInputWrapper" change="checkInputValue($event,'specialCharacter')" maxLength="200" width="50%"
											value="{oDefaultDataModel>/graphConfigData/yLabel}"/>
									</HBox>
									<HBox renderType="Bare" alignItems="Center">
										<Label required="true" width="29.5%" text="{i18n>CO-ORDINATE_VALUES}"/>
										<ComboBox class="wbTaskDetailInputWrapper" selectionChange="changeParameterFn($event,'yAxis')" width="50%"
											selectedKey="{oDefaultDataModel>/graphConfigData/yParameter}"
											editable="{= ${oDefaultDataModel>/graphConfigData/chartType} === 'donut' || ${oDefaultDataModel>/graphConfigData/chartType} === 'pie' ? false : true}"
											items="{oDefaultDataModel>/graphParameter}">
											<core:Item text="{oDefaultDataModel>name}" key="{oDefaultDataModel>value}"
												enabled="{= ((${oDefaultDataModel>/graphConfigData/xParameter} !== 'taskCount' || ${oDefaultDataModel>/graphConfigData/xParameter} === null) &amp;&amp; ${oDefaultDataModel>value} === 'taskCount') || ((${oDefaultDataModel>/graphConfigData/xParameter} === 'taskCount' || ${oDefaultDataModel>/graphConfigData/xParameter} === null) &amp;&amp; ${oDefaultDataModel>value} !== 'taskCount') ? true : false}"/>
										</ComboBox>
									</HBox>
									<HBox renderType="Bare" alignItems="Center"
										visible="{= ${oDefaultDataModel>/graphConfigData/yParameter} === 'taskCount' &amp;&amp; ${oDefaultDataModel>/graphConfigData/chartType} !== 'pie' &amp;&amp; ${oDefaultDataModel>/graphConfigData/chartType} !== 'donut' ? true : false}">
										<Text width="29.5%" text="{i18n>CATEGORY_TEXT}"/>
										<ComboBox class="wbTaskDetailInputWrapper" selectionChange="changeFilterItemsFn" width="50%"
											selectedKey="{oDefaultDataModel>/graphConfigData/yCategory}" items="{oDefaultDataModel>/graphParameter}"
											editable="{= ${oDefaultDataModel>/graphConfigData/yParameter} === 'taskCount' ? true : false}">
											<core:Item text="{oDefaultDataModel>name}" key="{oDefaultDataModel>value}"
												enabled="{= ${oDefaultDataModel>value === 'taskCount'} || (${oDefaultDataModel>/graphConfigData/yParameter} === ${oDefaultDataModel>value}) || (${oDefaultDataModel>/graphConfigData/xParameter} === ${oDefaultDataModel>value})? false : true}"/>
										</ComboBox>
									</HBox>
									<HBox renderType="Bare" alignItems="Center"
										visible="{= ${oDefaultDataModel>/graphConfigData/yParameter} === 'taskCount' &amp;&amp; ${oDefaultDataModel>/graphConfigData/chartType} !== 'pie' &amp;&amp; ${oDefaultDataModel>/graphConfigData/chartType} !== 'donut' ? true : false}">
										<Label required="{= ${oDefaultDataModel>/graphConfigData/yCategory} ? true : false}" width="29.5%" text="{i18n>FILTER_TEXT}"/>
										<MultiComboBox class="wbTaskDetailInputWrapper" selectionChange="setChangePropertyFn" width="50%"
											selectedKeys="{oDefaultDataModel>/graphConfigData/yFilter}"
											editable="{= ${oDefaultDataModel>/graphConfigData/yParameter} === 'taskCount' ? true : false}"
											items="{oDefaultDataModel>/graphConfigFilterData}">
											<core:Item text="{oDefaultDataModel>key}" key="{oDefaultDataModel>value}"/>
										</MultiComboBox>
									</HBox>
									<HBox renderType="Bare" alignItems="Center">
										<Text width="29.5%" text="{i18n>MAX_VALUE_TEXT}"/>
										<StepInput editable="{= ${oDefaultDataModel>/graphConfigData/yParameter} !== 'taskCount' ? true : false}" width="5rem"
											class="wbTaskDetailInputWrapper" min="0" max="20" step="5" value="{oDefaultDataModel>/graphConfigData/yAxisTopValue}"
											change="checkInputValue($event,'numericOnly')"/>
									</HBox>
									<HBox renderType="Bare" alignItems="Center">
										<Text width="28.25%" text="{i18n>SHOW_SCROLLBAR_TEXT}"/>
										<Switch class="wbCustomSwitch"
											enabled="{= ${oDefaultDataModel>/graphConfigData/chartType} === 'donut' || ${oDefaultDataModel>/graphConfigData/chartType} === 'pie' ? false : true}"
											change="setSwitchPropertyFn" state="{oDefaultDataModel>/graphConfigData/yScrollbar}"/>
									</HBox>
								</VBox>
							</VBox>
						</HBox>
						<!--<HBox renderType="Bare" alignItems="Center" class="sapUiTinyMarginBottom sapUiSmallMarginTop">
			<Label width="16.25%" text="{i18n>ADD_FILTER_TEXT}" class="wbAdminCustLabelProcess"/>
			<MultiComboBox width="24.75%" class="wbTaskDetailInputWrapper"/>
		</HBox>-->
					</VBox>
					<HBox width="100%" renderType="Bare" visible="{= ${oAppModel>/currentView} === 'dashBoard' ? true : false}" alignItems="Center"
						justifyContent="End" class="wbAdminActionSecClass">
						<Button text="{i18n>APPLY_TEXT}" class="sapUiTinyMarginEnd wbDefaultButtonClass sapUiTinyMarginTopBottom" press="graphConfigPostFn"/>
						<Button text="{i18n>RESET_TEXT}" class="sapUiTinyMarginEnd wbEmphasizedButtonStyleClass sapUiTinyMarginTopBottom" type="Emphasized"
							press="setGraphConfigData"/>
					</HBox>
				</ScrollContainer>
			</IconTabFilter>
		</items>
	</IconTabBar>
</core:FragmentDefinition>