<core:FragmentDefinition xmlns:core="sap.ui.core" xmlns="sap.m">
	<VBox class="sapUiSmallMargin" renderType="Bare" width="97.5%" alignItems="Center">
		<HBox class="sapUiSmallMarginBottom sapUiSizeCompact" width="99.75%" renderType="Bare" alignItems="Center" justifyContent="End">
			<SearchField class="wbAdminManageWF" width="25%" liveChange=".searchManageWF"/>
		</HBox>
		<VBox class="wbCustomContentWrapperStyle sapUiSizeCompact" width="100%" renderType="Bare" alignItems="Center">
			<HBox renderType="Bare" alignItems="Center" width="99%" class="wbCustomHeaderClass" justifyContent="Start">
				<!--width="21%"-->
				<Label width="18.75%" text="{i18n>ADMIN_FILTER_NAME}" class="sapUiLargeMarginBegin"/>
				<!--width="15%"-->
				<Label width="14%" text="{i18n>CREATION_TYPE_TEXT}"/>
				<!--width="15%"-->
				<Label text="{i18n>SLA_TEXT}" width="13.5%"/>
				<!--width="20%"-->
				<Label text="{i18n>CRITICAL_TEXT}" width="18.25%"/>
				<!--width="10%"-->
				<Label text="{i18n>PROCESS_TYPE_TEXT}" width="9%"/>
				<Label text="{i18n>SUBSTITUTION_TEXT} {i18n>APPROVAL_TEXT}"/>
			</HBox>
			<ScrollContainer class="wbAdminMGroupsScroll" width="100%"
				height="{path : 'oConstantsModel>/processNamesList' ,formatter: 'oneapp.incture.workbox.util.formatter.wbProcessNamesHeight'}"
				horizontal="false" vertical="true" focusable="true">
				<List width="98%" id="ID_MANAGE_PROCESS_LIST" class="sapUiTinyMarginBegin sapUiSizeCompact wbInboxCardList"
					items="{oConstantsModel>/processNamesList}" busy="{oConstantsModel>/enableBusyIndicators}" busyIndicatorDelay="0" mode="MultiSelect"
					selectionChange="checkProcessListFn">
					<items>
						<CustomListItem class="wbCardViewList" type="Active" press="onProcessListItemSelect">
							<HBox class="wbAdminMGroupsListItemHeight" renderType="Bare" alignItems="Center" justifyContent="Start">
								<Text width="21%" text="{oConstantsModel>processDisplayName}" class="sapUiTinyMarginBegin"/>
								<Text width="15%" text="{= ${oConstantsModel>processType} ? ${oConstantsModel>processType} : '-' }"/>
								<Text width="15%" text="{oConstantsModel>slaDays} days {oConstantsModel>slaHours} hrs"/>
								<Text width="20%" text="{oConstantsModel>criticalDateDays} days {oConstantsModel>criticalDateHours} hrs"/>
								<Text width="10%" text="{oConstantsModel>origin}"/>
								<Text text="{i18n>DISABLED_TEXT}" width="5.5%"/>
								<HBox width="18%" renderType="Bare" alignItems="Center" justifyContent="End">
									<Button text="{i18n>REMOVE_TEXT}" type="Reject" class="wbAdminMGroupsRemoveBtn" enabled="{= ${oConstantsModel>origin} === 'Ad-hoc'}"
										press="deleteProcessFn"/>
								</HBox>
							</HBox>
						</CustomListItem>
					</items>
				</List>
			</ScrollContainer>
		</VBox>
	</VBox>
</core:FragmentDefinition>