<core:FragmentDefinition xmlns:core="sap.ui.core" xmlns:table="sap.ui.table" xmlns="sap.m">
	<VBox renderType="Bare" alignItems="Center" class="sapUiSizeCompact">
		<HBox width="97.5%" renderType="Bare" alignItems="Center" justifyContent="End">
			<SearchField class="wbAdminMGroupsSearch sapUiSmallMarginTop" width="25%" liveChange=".searchBudgetListFn"/>
		</HBox>
		<table:Table id="WB_INDIVIDUAL_BUDGET_LIST" selectionMode="None" width="97.5%" class="wbUiTableStyles sapUiTinyMarginTop"
			rows="{oDefaultDataModel>/individualBudgetList}" visibleRowCount="{= ${oDefaultDataModel>/individualBudgetList}.length}">
			<table:columns>
				<table:Column sortProperty="userFirstName" filterProperty="userFirstName">
					<Label text="{i18n>USERNAME_TEXT}" class="wbTransformToUpperCase"/>
					<table:template>
						<Text text="{oDefaultDataModel>userFirstName} {oDefaultDataModel>userLastName}"/>
					</table:template>
				</table:Column>
				<table:Column sortProperty="userId" filterProperty="userId">
					<Label text="{i18n>ID_TEXT}" class="wbTransformToUpperCase"/>
					<table:template>
						<Text text="{oDefaultDataModel>userId}"/>
					</table:template>
				</table:Column>
				<table:Column sortProperty="userEmail" filterProperty="userEmail">
					<Label text="{i18n>MAIL_TEXT}" class="wbTransformToUpperCase"/>
					<table:template>
						<Text text="{oDefaultDataModel>userEmail}"/>
					</table:template>
				</table:Column>
				<table:Column sortProperty="budget" filterProperty="budget" filterType="sap.ui.model.type.Integer">
					<Label text="{i18n>BUDGET_TEXT}" class="wbTransformToUpperCase"/>
					<table:template>
						<Input value="{path: 'oDefaultDataModel>budget', type: 'sap.ui.model.type.Integer'}" class="wbDefaultCustomInputWrapper"/>
					</table:template>
				</table:Column>
				<table:Column>
					<table:template>
						<Button text="{i18n>SAVE_TEXT}" press="updateBudgetListFn" type="Emphasized" class="wbCustomButtonClass"/>
					</table:template>
				</table:Column>
			</table:columns>
		</table:Table>
	</VBox>
</core:FragmentDefinition>