<core:FragmentDefinition xmlns="sap.m" xmlns:core="sap.ui.core" xmlns:layout="sap.ui.layout">
	<IconTabBar class="wbNotificationIconTabBar" select="onChangeSubsTab">
		<items>
			<IconTabFilter text="{i18n>MANAGE_PROCESSES_TEXT}" key="manageProcess">
				<HBox justifyContent="Start" renderType="Bare" alignItems="Center" class="sapUiSizeCompact ">
					<Button text="{i18n>ADD_NEW_ROW_TEXT}" class="wbTextBoldClass wbEmphasizedButtonStyleClass sapUiTinyMarginBegin sapUiTinyMarginTop"
						press="addManageSub" enabled="{addNewModel>/buttonEnability}"/>
				</HBox>
				<ScrollContainer vertical="true" horizontal="false"
					height="{path : 'oSubstitutionModel>/manageSubs' ,formatter: 'oneapp.incture.workbox.util.formatter.wbManageSubstitutionHeight'}">
					<Table class="wbCustomTableClass sapUiTinyMarginTop sapUiTinyMarginBeginEnd sapUiSizeCompact" items="{oSubstitutionModel>/manageSubs}"
						width="98.5%" busy="{oSubstitutionModel>/manageProcessBusyIndicator}">
						<columns>
							<Column>
								<Text text="{i18n>PROCESS_TEXT}" class="wbSubsUserName"/>
							</Column>
							<Column>
								<Text text="{i18n>USER_GROUP_TEXT}" class="wbSubsUserName"/>
							</Column>
							<!--<Column>
								<Text text="{i18n>APPROVAL_REQUIRED_TEXT}" class="wbSubsUserName"/>
							</Column>-->
							<Column>
								<Text text="{i18n>APPROVER_TEXT}" class="wbSubsUserName"/>
							</Column>
							<Column>
								<!--<Text/>-->
							</Column>
							<Column>
								<!--<Text/>-->
							</Column>
						</columns>
						<items>
							<ColumnListItem>
								<cells>
									<HBox>
										<Text text="{oSubstitutionModel>processDisplayName}" visible="{= ${oSubstitutionModel>processEdit} === false ? true : false}"/>
										<!--Visible on update and add-->
										<Input class="wbDefaultCustomInputWrapper sapUiTinyMarginBottom" placeholder="{i18n>ENTER_PROCESS_NAME_TEXT}"
											suggest="handleSubstitutionSuggests($event,'substitutedUser')" showSuggestion="true" filterSuggests="true"
											suggestionItems="{path:'oConstantsModel>/processNames', templateShareable:true}" suggestionItemSelected="manageSubsProcessSelect"
											visible="{= ${oSubstitutionModel>processEdit} === true ? true : false}" value="{oSubstitutionModel>processDisplayName}"
											selectedKey="{oSubstitutionModel>process}">
											<suggestionItems>
												<core:Item key="{oConstantsModel>processName}" text="{oConstantsModel>processDisplayName}"/>
											</suggestionItems>
										</Input>
									</HBox>
									<Input class="wbDefaultCustomInputWrapper sapUiTinyMarginBottom" placeholder="{i18n>ENTER_NAME}" value="All Users"
										suggest="handleSubstitutionSuggests($event,'substitutedUser')" editable="false" showSuggestion="true" filterSuggests="true"
										suggestionItems="{path:'oConstantsModel>/allUsers', templateShareable:true}" suggestionItemSelected="manageSubUserGrpSelect">
										<suggestionItems>
											<core:Item key="{oConstantsModel>userId}" text="{oConstantsModel>userFirstName} {oConstantsModel>userLastName}"/>
										</suggestionItems>
									</Input>
									<!--<Switch state="{oSubstitutionModel>approvelRequired}" class="wbCustomSwitch sapUiSmallMarginEnd" change="onSwitchOrActivateClick($event, 'switch')"/>-->
									<Input class="wbDefaultCustomInputWrapper sapUiTinyMarginBottom" placeholder="{i18n>ENTER_NAME}"
										value="{oSubstitutionModel>approvingUserName}" suggest="handleSubstitutionSuggests($event,'substitutedUser')" showSuggestion="true"
										filterSuggests="true" suggestionItems="{path:'oConstantsModel>/allUsers', templateShareable:true}"
										suggestionItemSelected="manageSubApproverSelect" editable="{oSubstitutionModel>approverNameEditable}"
										selectedKey="{oSubstitutionModel>approvingUser}">
										<suggestionItems>
											<core:Item key="{oConstantsModel>userId}" text="{oConstantsModel>userFirstName} {oConstantsModel>userLastName}"/>
										</suggestionItems>
									</Input>
									<!--<Text text="{oSubstitutionModel>approvingUserName}"/>-->
									<HBox renderType="Bare" alignItems="Center" justifyContent="End">
										<Button text="{i18n>ACTIVE_TEXT}" visible="{= ${oSubstitutionModel>activated} === false ? true : false}" press="onActivateSubs"
											class="wbTransparentButtonStyleClass" type="Emphasized"/>
										<Button text="{i18n>ACTIVATED_TEXT}" width="70%" visible="{= ${oSubstitutionModel>activated} === true ? true : false}"
											press="onActivateSubs" type="Emphasized" class="wbEmphasizedButtonStyleClass"/>
									</HBox>
									<HBox renderType="Bare" alignItems="End" justifyContent="End">
										<Button tooltip="{i18n>EDIT_TEXT}" icon="sap-icon://edit" type="Transparent" class="wbTransparentButtonStyleClass sapUiTinyMarginEnd"
											press="updateManageSubs" visible="{= ${oSubstitutionModel>isTickVisible}===false ? true : false}"/>
										<!--Visible on update and add-->
										<Button text="✔" visible="{= ${oSubstitutionModel>isTickVisible}===true}" press="onUpdateOrAddOrDelete($event, 'tick')" type="Transparent"
											class="wbTransparentButtonStyleClass sapUiTinyMarginEnd" tooltip="{i18n>UPDATE_TEXT}"/>
										<Button tooltip="{i18n>DELETE_TEXT}" visible="{= ${oSubstitutionModel>isCrossVisible}===false ? true : false}" icon="sap-icon://delete"
											type="Reject" class="wbInboxRemoveBtnClass" press="onUpdateOrAddOrDelete($event, 'delete')"/>
										<!--Visible on update and add-->
										<Button text="✘" visible="{= ${oSubstitutionModel>isCrossVisible}===true}" type="Reject" class="wbInboxRemoveBtnClass"
											tooltip="{i18n>DISCARD_TEXT}" press="onDiscardSubsClick"/>
									</HBox>
								</cells>
							</ColumnListItem>
						</items>
					</Table>
				</ScrollContainer>
			</IconTabFilter>
			<IconTabFilter text="{i18n>SUBSTITUTION_LIST_TEXT}" key="substitutionList">
				<VBox visible="{= ${oSubstitutionModel>/addSubs} === true}" busy="{oSubstitutionModel>/manageProcessBusyIndicator}">
					<HBox justifyContent="Start" renderType="Bare" alignItems="Center" class=" sapUiSizeCompact"
						visible="{= ${oUserSettingsModel>/selectedSubstitution} !== 'ImSubstituting'? true : false}">
						<Button icon="sap-icon://add" text="{i18n>ADD_NEW_TEXT}" class="wbCustomButtonClass wbTextBoldClass sapUiTinyMarginTop"
							press="addSubstituteList"/>
					</HBox>
					<!--	<ScrollContainer vertical="true" horizontal="false" height="32rem">-->
					<VBox renderType="Bare" items="{oSubstitutionModel>/listData}" class="sapUiTintMargin">
						<CustomListItem class="sapUiTinyMarginBeginEnd sapUiTinyMarginTopBottom sapUiSizeCompact">
							<VBox>
								<HBox width="100%" height="1.5rem">
									<HBox>
										<!--<Switch state="{oSubstitutionModel>active}" class="wbCustomSwitch sapUiSmallMarginEnd" change="updateSubstitutionList($event, 'switch')"/>-->
										<Label text="{oSubstitutionModel>substitutingUserName} - {oSubstitutionModel>substitutedUserName}" class="wbSubsUserName" width="200px"/>
										<Label
											text="{path: 'oSubstitutionModel>startDate', formatter: 'oneapp.incture.workbox.util.formatter.wbTrimDate'} to {path: 'oSubstitutionModel>endDate', formatter: 'oneapp.incture.workbox.util.formatter.wbTrimDate'}"
											class="wbSubsFromToDateText sapUiLargeMarginBegin"/>
									</HBox>
									<HBox renderType="Bare" alignItems="End" justifyContent="End" width="100%"
										visible="{= ${oSubstitutionModel>/selectedSubstitution} !== 'ImSubstituting'? true : false}">
										<Switch state="{oSubstitutionModel>active}" class="wbCustomSwitch sapUiSmallMarginEnd" change="updateSubstitutionList($event, 'switch')"/>
										<Button tooltip="{i18n>EDIT_TEXT}" icon="sap-icon://edit" type="Transparent" class="wbTransparentButtonStyleClass sapUiTinyMarginEnd"
											press="updateSubstitutionList($event, 'edit')"/>
										<Button tooltip="{i18n>DELETE_TEXT}" icon="sap-icon://delete" type="Reject" class="wbInboxRemoveBtnClass" press="deleteSubstitutionList"/>
									</HBox>
								</HBox>
								<Carousel height="auto"
									width="{path: 'oSubstitutionModel>processStatus', formatter: 'oneapp.incture.workbox.util.formatter.wbSubsProcessCarouselWidth'}"
									pages="{oSubstitutionModel>processStatus}" showPageIndicator="false" class="wbSubsListCarouselStyle">
									<customLayout>
										<CarouselLayout
											visiblePagesCount="{path: 'oSubstitutionModel>processStatus', formatter: 'oneapp.incture.workbox.util.formatter.wbSubsProcessCarouselCount'}"/>
									</customLayout>
									<!--<HBox items="{oSubstitutionModel>processStatus}">-->
									<Button text="{oSubstitutionModel>labelName}" class="wbSubsitutionProcessBtnRight sapUiTinyMarginBottom" width="11rem"
										tooltip="{oSubstitutionModel>labelName}"
										visible='{parts:["oSubstitutionModel>status"], formatter:"oneapp.incture.workbox.util.formatter.wbsetSubstitutionClass"}'/>
									<!--</HBox>-->
								</Carousel>
							</VBox>
						</CustomListItem>
					</VBox>
					<!--	</ScrollContainer>-->
				</VBox>
				<VBox visible="{= ${oSubstitutionModel>/addSubs} === false ? true : false}">
					<HBox justifyContent="Start" renderType="Bare" alignItems="Center" class=" sapUiSizeCompact ">
						<Button icon="sap-icon://arrow-left" text="{i18n>BACK_TEXT}" class="wbCustomButtonClass wbTextBoldClass sapUiTinyMarginTop"
							press="backToSubsScreen"/>
					</HBox>
					<HBox justifyContent="SpaceBetween" width="75%">
						<VBox class="sapUiTinyMarginBegin">
							<Label text="{i18n>SUBSTITUTEE_TEXT}" class="sapUiSmallMarginTop wbSubsUserName"/>
							<Label text="{i18n>SUBSTITUTOR_TEXT}" class="sapUiMediumMarginTop wbSubsUserName"/>
							<Label text="{i18n>VALIDITY_PERIOD_TEXT}" class="sapUiMediumMarginTop wbSubsUserName"/>
							<Label text="{i18n>PROCESSES_TEXT}" class="sapUiMediumMarginTop wbSubsUserName"/>
							<Label text="{i18n>PERMISSIONS_TEXT}" class="sapUiMediumMarginTop wbSubsUserName"/>
						</VBox>
						<VBox class="sapUiTinyMarginTop">
							<Input class="wbDefaultCustomInputWrapper sapUiTinyMarginBottom" placeholder="{i18n>ENTER_NAME}"
								value="{oSubstitutionModel>/addSubstituteDto/substitutingUserName}" suggest="handleSubstitutionSuggests($event,'substitutedUser')"
								showSuggestion="true" filterSuggests="true" suggestionItems="{path:'oConstantsModel>/allUsers', templateShareable:true}"
								suggestionItemSelected="substitutionSuggestionItemSelect" selectedKey="{oSubstitutionModel>/addSubstituteDto/substitutingUser}">
								<suggestionItems>
									<core:Item key="{oConstantsModel>userId}" text="{oConstantsModel>userFirstName} {oConstantsModel>userLastName}"/>
								</suggestionItems>
							</Input>
							<Input class="wbDefaultCustomInputWrapper sapUiTinyMarginTop sapUiTinyMarginBottom" placeholder="{i18n>ENTER_NAME}"
								value="{oSubstitutionModel>/addSubstituteDto/substitutedUserName}" suggest="handleSubstitutionSuggests($event,'substitutedUser')"
								showSuggestion="true" filterSuggests="true" suggestionItems="{path:'oConstantsModel>/allUsers', templateShareable:true}"
								suggestionItemSelected="substitutionSuggestionItemSelect" selectedKey="{oSubstitutionModel>/addSubstituteDto/substitutedUser}">
								<suggestionItems>
									<core:Item key="{oConstantsModel>userId}" text="{oConstantsModel>userFirstName} {oConstantsModel>userLastName}"/>
								</suggestionItems>
							</Input>
							<HBox justifyContent="SpaceBetween" renderType="Bare" class="sapUiTinyMarginBottom sapUiTinyMarginTop">
								<DatePicker placeholder="dd MMM yyyy" change="handleFirstDateChange" value="{oSubstitutionModel>/addSubstituteDto/startDate}"
									class="wbDefaultCustomInputWrapper sapUiTinyMarginEnd"/>
								<DatePicker placeholder="dd MMM yyyy" change="handleSecondDateChange" value="{oSubstitutionModel>/addSubstituteDto/endDate}"
									class="wbDefaultCustomInputWrapper sapUiTinyMarginBegin"/>
							</HBox>
							<!--    <HBox renderType="Bare" justifyContent="Start" alignItems="Start">-->
							<MultiComboBox class="sapUiSizeCompact wbDefaultCustomInputWrapper wbSettingsSubsTokenizer sapUiSmall
							MarginTop sapUiTinyMarginBottom" showButton="true" editable="true" enabled="true"
								items="{oConstantsModel>/processNames}" selectedKeys="{oSubstitutionModel>/addSubstituteDto/processList}"
								selectionChange="subsProcessSelection">
								<core:Item key="{oConstantsModel>processName}" text="{oConstantsModel>processDisplayName}"/>
							</MultiComboBox>
							<!--    </HBox>-->
							<HBox justifyContent="SpaceBetween" class="sapUiSmallMarginTop">
								<Label text="{i18n>TASK_APPROVE_OR_REJECT_TEXT}"/>
								<Switch change="isSubsEdited($event,'IsActive')" class="wbCustomSwitch"/>
							</HBox>
							<HBox justifyContent="SpaceBetween">
								<Label text="{i18n>EMAIL_TEXT}"/>
								<Switch change="isSubsEdited($event,'IsActive')" class="wbCustomSwitch"/>
							</HBox>
							<HBox justifyContent="SpaceBetween">
								<Label text="{i18n>TASK_CHAT_TEXT}"/>
								<Switch change="isSubsEdited($event,'IsActive')" class="wbCustomSwitch"/>
							</HBox>
							<HBox justifyContent="SpaceBetween">
								<Label text="{i18n>TASK_FORWARD_TEXT}"/>
								<Switch change="isSubsEdited($event,'IsActive')" class="wbCustomSwitch"/>
							</HBox>
						</VBox>
					</HBox>
					<HBox alignItems="End" justifyContent="End" width="75%" visible="{oUserSettingsModel>/addNewSub}">
						<Button text="{i18n>SAVE_TEXT}" class=" sapUiTinyMarginBottom sapUiSizeCompact wbDefaultButtonClass" press="saveSubstitution"/>
					</HBox>
				</VBox>
			</IconTabFilter>
		</items>
	</IconTabBar>
</core:FragmentDefinition>