<core:FragmentDefinition xmlns:core="sap.ui.core" xmlns:l="sap.ui.layout" xmlns="sap.m"
	xmlns:custom="oneapp.incture.workbox.controlExtension">
	<VBox class="wbNotificationBanner" items="{oUserSettingsModel>/settings/notificationBannerDto}"
		busy="{oUserSettingsModel>/settings/notification/notificationBusy}" busyIndicatorDelay="0">
		<HBox renderType="Bare" class="wbNotificationBannerVBox">
			<Avatar initials="{path: 'oUserSettingsModel>userName',formatter: 'oneapp.incture.workbox.util.formatter.wbGetAvatarInitials'}"
				class="wbNotificationBannerAvatar"/>
			<VBox renderType="Bare" class="wbNotificationBannerInnerVb">
				<Label wrapping="true" class="wbNotificationBannerDesc wbTextBoldClass"
					text="{parts: ['oUserSettingsModel>description','oUserSettingsModel>notificationType','oUserSettingsModel>requestId','oUserSettingsModel>userName','oAppModel>/loggedInUserName'],formatter: 'oneapp.incture.workbox.util.formatter.wbNotificationDesc'}"></Label>
				<Text text="{oUserSettingsModel>title} - {oUserSettingsModel>description}" class="wbNotificationBannerTitle"></Text>
				<HBox renderType="Bare">
					<Text text="{oUserSettingsModel>eventName}" class="wbNotificationBannerEN "></Text>
					<Text text="{path: 'oUserSettingsModel>createdAt' ,formatter: 'oneapp.incture.workbox.util.formatter.wbSetNotificationTime'}"
						class="wbNotificationBannerTime"></Text>
				</HBox>
				<HBox renderType="Bare" justifyContent="SpaceBetween" class="sapUiTinyMarginTop">
					<Button text="{i18n>VIEW_TEXT}" type="Emphasized" press="showTaskDetails" class=" wbEmphasizedButtonStyleClass" width="47%"></Button>
					<!--<Button text="{i18n>CLOSE_TEXT}" type="Transparent" press="removeNotification('SINGLEBANNER',${oUserSettingsModel>notificationId})" class="wbTransparentButtonStyleClass sapUiTinyMarginEnd"-->
					<!--	width="47%">-->
							<Button text="{i18n>CLOSE_TEXT}" type="Transparent" press="discardNotificationBanner" class="wbTransparentButtonStyleClass sapUiTinyMarginEnd"
						width="47%">
					
					</Button>
				</HBox>
			</VBox>
		</HBox>
	</VBox>
</core:FragmentDefinition>