<core:FragmentDefinition xmlns:core="sap.ui.core" xmlns="sap.m" xmlns:layout="sap.ui.layout">
	<Dialog class="wbDialog" contentWidth="30%">
		<customHeader>
			<Bar>
				<contentLeft>
					<!--SAVE_TILE_AS_TEMPLATE_TEXT-->
					<Title
						text="{= ${oAppModel>/currentView} === 'dashBoard' || ${oAppModel>/currentViewPage} === 'manageDashboardTiles' ? ${i18n>SAVE_FILTER_TEXT} : ${i18n>SAVE_FILTER_TEXT}}"
						class="wbDialogTitle"/>
				</contentLeft>
				<contentRight>
					<core:Icon src="sap-icon://decline" press="closeSaveFilter" class="wbDialogCloseIcon" tooltip="{i18n>CLOSE_TEXT}"/>
				</contentRight>
			</Bar>
		</customHeader>
		<VBox class="wbCustomDialogBackground">
			<VBox class="sapUiSmallMargin " renderType="Bare" justifyContent="Start">
				<!--TILE_NAME_TEXT TILE_NAME_TEXT-->
				<Label required="true"
					text="{= ${oAppModel>/currentView} === 'dashBoard' || ${oAppModel>/currentViewPage} === 'manageDashboardTiles' ? ${i18n>FILTER_NAME_TEXT} : ${i18n>FILTER_NAME_TEXT}}"
					class="sapUiSmallMarginTop wbTextBoldClass"/>
				<Input value="{oAdvanceFilterModel>/filterName}" liveChange="validateFilterName" class="sapUiTinyMarginTop wbSaveFilterInputWrapper "/>
				<Label text="{i18n>DESCRIPTION_TEXT}"
					visible="{= ${oAppModel>/currentView} === 'dashBoard' || ${oAppModel>/currentViewPage} === 'manageDashboardTiles' ? true:false}"
					class="sapUiSmallMarginTop wbTextBoldClass"/>
				<TextArea value="{oAdvanceFilterModel>/description}"
					visible="{= ${oAppModel>/currentView} === 'dashBoard' || ${oAppModel>/currentViewPage} === 'manageDashboardTiles' ? true:false}"
					class="sapUiTinyMarginTop wbSaveFilterInputWrapper "/>
				<HBox class="sapUiSizeCompact" renderType="Bare" alignItems="Center" justifyContent="Start"
					visible="{= ${oAppModel>/currentView} !== 'dashBoard' &amp;&amp; ${oAppModel>/currentViewPage} !== 'manageDashboardTiles' ? true:false}">
					<Label text="{i18n>SAVE_AS_VIEW_TEXT}" class="wbTextBoldClass"/>
					<CheckBox text="{i18n>VIEW_TEXT}" selected="{oAdvanceFilterModel>/isView}" class=" sapUiSmallMarginBegin "/>
				</HBox>
				<HBox class="sapUiSizeCompact" renderType="Bare" alignItems="Center" justifyContent="Start"
					visible="{= ${oAppModel>/currentView} !== 'dashBoard' &amp;&amp; ${oAppModel>/currentViewPage} !== 'manageDashboardTiles' ? true:false}">
					<Label text="{i18n>SAVE_AS_TRAY_TEXT}" class="wbTextBoldClass wbAdvSaveTrayMargin"/>
					<CheckBox text="{i18n>TRAY_TEXT}" selected="{oAdvanceFilterModel>/isTray}" class=" sapUiSmallMarginBegin "/>
				</HBox>
				<HBox class="sapUiSizeCompact" renderType="Bare" alignItems="Center" justifyContent="Start"
					visible="{= ${oAppModel>/currentView} === 'dashBoard' || ${oAppModel>/currentViewPage} === 'manageDashboardTiles' ? true:false}">
					<Label text="{i18n>ACTIVATE_TILE_TEXT}" class="wbTextBoldClass"/>
					<CheckBox selected="{oAdvanceFilterModel>/isActive}" class=" sapUiSmallMarginBegin "/>
				</HBox>
				<HBox justifyContent="End" renderType="Bare">
					<Button text="{i18n>SAVE_TEXT}" enabled="{= ${oAdvanceFilterModel>/filterName} !== ''}" class="sapUiSizeCompact wbDefaultButtonClass "
						press="applySaveFilter('CreateFilter',$event)"
						visible="{= ${oAppModel>/currentView} !== 'dashBoard' &amp;&amp; ${oAppModel>/currentViewPage} !== 'manageDashboardTiles' ? true:false}"/>
					<Button text="{i18n>SAVE_TEXT}" enabled="{= ${oAdvanceFilterModel>/filterName} !== ''}" class="sapUiSizeCompact wbDefaultButtonClass "
						press="applySaveFilter('CreateTile',$event)"
						visible="{= ${oAppModel>/currentView} === 'dashBoard' || ${oAppModel>/currentViewPage} === 'manageDashboardTiles' ? true:false}"/>
				</HBox>
			</VBox>
		</VBox>
	</Dialog>
</core:FragmentDefinition>