<core:FragmentDefinition xmlns:core="sap.ui.core" xmlns="sap.m">
	<Dialog class="sapUiSizeCompact" contentWidth="32%">
		<customHeader>
			<Bar>
				<contentLeft>
					<Title text="{i18n>SIGN_IN_TEXT}"/>
				</contentLeft>
				<contentRight>
					<core:Icon src="sap-icon://decline" press="onCloseSignInFragment" class="wbDialogCloseIcon" tooltip="{i18n>CLOSE_TEXT}"/>
				</contentRight>
			</Bar>
		</customHeader>
		<VBox class="wbInboxTableClass sapUiSizeCompact" width="100%" renderType="Bare" alignItems="Center">
			<HBox renderType="Bare" alignItems="Center" width="98%">
				<Label text="{i18n>ID_TEXT}" width="55%" class="wbTransformToUpperCase" required="true"/>
				<Input value="{oAppModel>/loggedInUserId}" maxLength="100" editable="false" class="wbDefaultCustomInputWrapper"></Input>
			</HBox>
			<HBox renderType="Bare" alignItems="Center" width="98%">
				<Label text="{i18n>PASSWORD_TEXT}" width="55%" class="wbTransformToUpperCase" required="true"/>
				<Input type="Password" value="{oAppModel>/loggedInPassword}" maxLength="200" class="wbDefaultCustomInputWrapper"/>
			</HBox>
			<HBox renderType="Bare" alignItems="Center" width="98%" justifyContent="End" class="sapUiTinyMarginTop">
				<Button text="{i18n>SIGN_TEXT}" class="wbDefaultButtonClass sapUiTinyMarginEnd" press="checkSignInData"/>
				<Button type="Reject" text="{i18n>CANCEL_TEXT}" class="wbAdminMGroupsRemoveBulkBtn" press="onCloseSignInFragment"/>
			</HBox>
		</VBox>
	</Dialog>
</core:FragmentDefinition>