<core:FragmentDefinition xmlns:core="sap.ui.core" xmlns="sap.m" xmlns:ExtHbox="oneapp.incture.workbox.controlExtension">
	<VBox class="wbOverflowVertical " height="100%" width="100%">
		<VBox class="sapUiSmallMarginBeginEnd wbInboxContainerBorderClass">
			<!--selectionChange="onTaskCardSelect"-->
			<List id="WB_TASK_CARD_ITEM" items="{oTaskInboxModel>/workBoxDtos}" busy="{oTaskInboxModel>/enableBusyIndicators}" busyIndicatorDelay="0"
				class="sapUiSizeCompact wbInboxCardList wbInboxCardListDisplay" selectionChange="onTaskCheckboxSelect" updateFinished="onListUpdateFinished"
				mode="{oConfigMdl>/ListMode}">
				<CustomListItem class="wbCardViewList" type="{= ${oAppModel>/currentViewPage} === 'Draft' ? 'Inactive' : 'Active'}" press="fetchDetailsFn"
					visible='{parts:["oTaskInboxModel>taskSla", "oAppModel>/currentViewPage", "oTaskInboxModel>status"], formatter:"oneapp.incture.workbox.util.formatter.wbSetStatusColor"}'>
					<ExtHbox:ExtHbox renderType="Bare" alignItems="Center" rightPress="openActionFragmentFn">
						<HBox width="{= ${oAppModel>/isRightPaneVisible} === true ? '20%' : '21%'}"
							visible="{= ${oAppModel>/currentViewPage} === 'Draft' ? false : true}" renderType="Bare" alignItems="Center">
							<Text width="51%" class="wbTextBoldClass sapUiTinyMarginBegin" text="{oTaskInboxModel>startedByDisp}"  maxLines="2"/>
							<HBox justifyContent="End" renderType="Bare" width="{= ${oAppModel>/isRightPaneVisible} === true ? '57%' : 'auto'}" alignItems="Center"
								class="wbInboxActionContClass wbInboxActionBackgroundClass" visible="false">
								<Button icon="sap-icon://customfont/LineItemEyeIcon" tooltip="{i18n>VIEW_TEXT}" press="openProcessFlow"
									class="wbInboxCardActionButton wbCardHoverActionBtnStyle wbCustomButtonClass"/>
								<Button icon="sap-icon://customfont/PinIcon" press="pinTaskFn"
									visible="{= ${oAppModel>/currentViewPage} === 'CreatedTasks' || ${oAppModel>/currentViewPage} === 'RequestorCompletedTasks' || ${oAppModel>/currentViewPage} === 'CompletedTasks' || ${oTaskInboxModel>pinned} === true ? false : true}"
									tooltip="{i18n>PIN_TEXT}" class="wbInboxCardActionButton wbCardHoverActionBtnStyle wbCustomButtonClass"/>
								<Button icon="sap-icon://customfont/unpinIcon" press="pinTaskFn"
									visible="{= ${oAppModel>/currentViewPage} === 'CreatedTasks' || ${oAppModel>/currentViewPage} === 'RequestorCompletedTasks' || ${oAppModel>/currentViewPage} === 'CompletedTasks' || ${oTaskInboxModel>pinned} === false ? false : true}"
									tooltip="{i18n>UNPIN_TEXT}" class="wbInboxCardActionButton wbCardHoverActionBtnStyle wbCustomButtonClass"/>
								<Button icon="sap-icon://customfont/Forward"
									visible="{= ${oAppModel>/currentViewPage} === 'CreatedTasks' || ${oAppModel>/currentViewPage} === 'CompletedTasks' || ${oAppModel>/currentViewPage} === 'RequestorCompletedTasks' || ${oAppModel>/inboxTab} === 'PinnedTasks' ? false : true}"
									tooltip="{i18n>FORWARD_TEXT}" class="wbInboxCardActionButton wbCardHoverActionBtnStyle wbCustomButtonClass" press="forwardTaskIconPress"/>
								<Button icon="sap-icon://customfont/chatbubblesIcon" press="openChat" tooltip="{i18n>CHAT_TEXT}"
									class="wbInboxCardActionButton wbCardHoverActionBtnStyle wbCustomButtonClass"/>
							</HBox>
						</HBox>
						<Text width="25%" text="{oTaskInboxModel>processDisplayName}" visible="{= ${oAppModel>/currentViewPage} === 'Draft' ? true : false}"
							class="wbInboxTextCreatedByClass sapUiTinyMarginBegin" maxLines="2"/>
						<Text text="[{i18n>DRAFT_TEXT}]" width="4.5%" visible="{= ${oAppModel>/currentViewPage} === 'Draft' ? true : false}"
							class="wbInboxTextDraftClass"/>
						<Text
							width="{= ${oAppModel>/isRightPaneVisible} === true || ${oAppModel>/currentViewPage} === 'Draft' || ${oAppModel>/currentViewPage} === 'CreatedTasks' || ${oAppModel>/currentViewPage} === 'AdminInbox' ? '61%' : '45%'}"
							text="{oTaskInboxModel>taskDescription}" class="wbInboxCardDescStyle" maxLines="2"/>
						<!-- <HBox width="{= ${oAppModel>/isRightPaneVisible} === true ? '9%' : '16%'}"
							visible="{= ${oAppModel>/currentViewPage} === 'Draft' ? false : true}" renderType="Bare" justifyContent="End" alignItems="Center">
							<Text class="wbInboxStatusTextClass" text="{oTaskInboxModel>businessStatus}" maxLines="2"/>
						</HBox> -->
						<HBox renderType="Bare" width="{= ${oAppModel>/currentViewPage} === 'CreatedTasks' ? '9%' : '13%'}" alignItems="Center"
							visible="{= ${oAppModel>/isRightPaneVisible} === true || ${oAppModel>/currentViewPage} === 'Draft' || ${oAppModel>/currentViewPage} === 'CompletedTasks' || ${oAppModel>/currentViewPage} === 'RequestorCompletedTasks' || ${oAppModel>/currentViewPage} === 'AdminInbox' || ${oAppModel>/inboxTab} === 'PinnedTasks' ? false : true}"
							class="sapUiTinyMarginBegin">
							<HBox renderType="Bare" visible="{= ${oTaskInboxModel>processName} !== 'SIGNING'}">
								<Button text="{i18n>APPROVE_TEXT}" press="lineItemActionFn" type="Transparent" class="sapUiTinyMarginEnd wbTransparentButtonStyleClass" visible="false">
									<customData>
										<core:CustomData key="Approve"/>
									</customData>
								</Button>
								<Button text="{i18n>REJECT_TEXT}" type="Reject" press="lineItemActionFn" class="sapUiTinyMarginEnd wbInboxRemoveBtnClass" visible="false">
									<customData>
										<core:CustomData key="Reject"/>
									</customData>
								</Button>
								<!--visible="{= ${oTaskInboxModel>taskType} === 'Complete/Approval' &amp;&amp; ${oAppModel>/inboxType} !== 'CreatedTasks'}"-->
								
							</HBox>
						</HBox>
                         <HBox width="18%"
							 renderType="Bare" justifyContent="Start" alignItems="Center">
							<Text class="wbInboxCardDescStyle" text="{oTaskInboxModel>vendorName}" maxLines="2"/>
						</HBox>
                        <HBox width="15%"
							 renderType="Bare" justifyContent="Start" alignItems="Center">
							<Text class="wbInboxCardDescStyle" tooltip="Company Code" text="{oTaskInboxModel>companyCode}" maxLines="2"/>
						</HBox>
                        <HBox width="15%"
							 renderType="Bare" justifyContent="Start" alignItems="Center">
							<Text class="wbInboxCardDescStyle" tooltip="Purchasing Org" text="{oTaskInboxModel>purchasingOrg}" maxLines="2"/>
						</HBox>
                        <HBox width="{= ${oAppModel>/isRightPaneVisible} === true ? '9%' : '16%'}"
							visible="{= ${oAppModel>/currentViewPage} === 'Draft' ? false : true}" renderType="Bare" justifyContent="End" alignItems="Center">
							<Text class="wbInboxStatusTextClass" text="{oTaskInboxModel>businessStatus}" maxLines="2"/>
						</HBox>
						<HBox renderType="Bare" width="13%" alignItems="Center" visible="{= ${oAppModel>/currentViewPage} === 'Draft' ? true : false}"
							class="sapUiTinyMarginBegin">
							<Button text="{i18n>EDIT_TEXT}" type="Transparent" class="sapUiTinyMarginEnd wbTransparentButtonStyleClass" press="onEditDraftFn"/>
							<Button text="{i18n>DELETE_TEXT}" type="Reject" class="sapUiTinyMarginEnd wbInboxRemoveBtnClass" press="onDeleteDraftFn"/>
						</HBox>
                      
						<Text text="{i18n>ON_TEXT}" class="wbInboxTextCreatedAtClass sapUiSmallMarginBegin"  maxLines="2"
							visible="{= ${oAppModel>/currentViewPage} === 'CompletedTasks' || ${oAppModel>/currentViewPage} === 'RequestorCompletedTasks' ? true : false}"
							width="1.4%"/>
						<Text
							text="{path:'oTaskInboxModel>completedAt', formatter:'oneapp.incture.workbox.util.formatter.wbDateFormatter'} {path:'oTaskInboxModel>completedAt', formatter:'oneapp.incture.workbox.util.formatter.wbTimeFormatter'}"
							class="wbInboxTextCreatedAtClass sapUiTinyMarginBegin sapUiTinyMarginEnd"  maxLines="2"
							visible="{= ${oAppModel>/currentViewPage} === 'CompletedTasks' || ${oAppModel>/currentViewPage} === 'RequestorCompletedTasks' ? true : false}"/>
						<Text
							visible="{= ${oAppModel>/currentViewPage} === 'CompletedTasks' || ${oAppModel>/currentViewPage} === 'RequestorCompletedTasks' ? false : true}"
							width="{= ${oAppModel>/isRightPaneVisible} === true ? '9.5%' : '8%'}"
							class="wbShowTimeClass wbInboxTextCreatedAtClass sapUiTinyMarginBegin sapUiTinyMarginEnd"  maxLines="1"
							text="{path:'oTaskInboxModel>createdAt', formatter:'oneapp.incture.workbox.util.formatter.wbTimeFormatter'}"/>
						<Text
							visible="{= ${oAppModel>/currentViewPage} === 'CompletedTasks' || ${oAppModel>/currentViewPage} === 'RequestorCompletedTasks' ? false : true}"
							width="{= ${oAppModel>/isRightPaneVisible} === true ? '9.5%' : '8%'}"  maxLines="1"
							class="wbShowDateClass wbInboxTextCreatedAtClass sapUiTinyMarginBegin sapUiTinyMarginEnd"
							text="{path:'oTaskInboxModel>createdAt', formatter:'oneapp.incture.workbox.util.formatter.wbDateFormatter'}"/>
						<core:Icon src="sap-icon://feeder-arrow" tooltip="{i18n>SHOW_MORE_TEXT}" class="wbInboxMoreIconClass sapUiTinyMarginEnd"/>
					</ExtHbox:ExtHbox>
                   
				</CustomListItem>
			</List>
		</VBox>
	</VBox>
</core:FragmentDefinition>