<core:FragmentDefinition xmlns:core="sap.ui.core" xmlns="sap.m">
	<ResponsivePopover showHeader="true" contentWidth="60%"
		placement="{= ${oAppModel>/currentViewPage} === 'workFlow' || ${oAppModel>/currentViewPage} === 'createWorkFlow' ? 'Auto' : 'Left'}">
		<customHeader>
			<Bar>
				<contentLeft>
					<Title class="wbDialogTitle sapUiTinyMarginTop" text="{i18n>TASK_OWNER_TEXT}"/>
				</contentLeft>
				<contentRight>
					<core:Icon src="sap-icon://decline" class="wbDialogCloseIcon sapUiTinyMarginTopEnd" press="onCloseTaskTemplateFragment"
						tooltip="{i18n>CLOSE_TEXT}"></core:Icon>
				</contentRight>
			</Bar>
		</customHeader>
		<content>
			<HBox renderType="Bare" class="sapUiTinyMarginTopBottom">
				<Label text="{i18n>SEQUENCE_TYPE_TEXT}" class="wbAdminCustLabel wbTransformToUpperCase sapUiTinyMarginTop sapUiTinyMarginBegin"/>
				<ComboBox class="sapUiMediumMarginEnd wbDefaultCustomInputWrapper sapUiTinyMarginBegin"
					selectedKey="{oDefaultDataModel>/ownerSequType}">
					<core:Item key="Group" text="{i18n>GROUP_TEXT}"/>
					<core:Item key="Sequential" text="{i18n>SEQUENTIAL_TEXT}"/>
					<core:Item key="Parallel" text="{i18n>PARALLEL_TEXT}"/>
				</ComboBox>
				<Label text="{i18n>ORDER_BY_TEXT}" class="wbAdminCustLabel wbTransformToUpperCase sapUiTinyMarginTop"/>
				<ComboBox class="sapUiMediumMarginEnd wbDefaultCustomInputWrapper sapUiTinyMarginBegin"
					selectedKey="{oDefaultDataModel>/orderBy}">
					<core:Item key="ASC" text="{i18n>ASCENDING_TEXT}"/>
					<core:Item key="DESC" text="{i18n>DESCENDING_TEXT}"/>
				</ComboBox>
			</HBox>
			<VBox renderType="Bare" alignItems="Center">
				<IconTabBar class="wbAdminIconTabBackground" id="WB_TASK_OWNER_ID">
					<items>
						<IconTabFilter text="{i18n>GROUP_TEXT}" key="taskownergroup"
							visible="{= ${oAppModel>/currentViewPage} === 'workFlow' || ${oAppModel>/currentViewPage} === 'createWorkFlow' ? true : false}">
							<VBox class="wbCustomContentWrapperStyle sapUiTinyMargin" renderType="Bare" alignItems="Center" width="98.5%">
								<HBox class="wbCustomHeaderClass" width="98%" renderType="Bare" alignItems="Center">
									<Text text="{i18n>GROUP_NAME_TEXT}" width="50%" class="sapUiMediumMarginBegin wbTransformToUpperCase"/>
									<Text text="{i18n>GROUP_ID_TEXT}" width="50%" class="wbTransformToUpperCase"/>
								</HBox>
								<ScrollContainer width="100%" height="370px" horizontal="false" vertical="true" focusable="true">
									<List width="98%" class="sapUiSizeCompact wbInboxCardList sapUiTinyMarginBeginEnd" id="WB_GROUP_LIST_TASK_OWNER"
										items="{path: 'oDefaultDataModel>/allGroups/dto'}" mode="MultiSelect">
										<CustomListItem>
											<HBox class="wbAdminMGroupsListItemHeight" renderType="Bare" alignItems="Center">
												<Text width="48%" text="{oDefaultDataModel>groupName}"/>
												<Text width="50%" text="{oDefaultDataModel>groupId}"/>
											</HBox>
										</CustomListItem>
									</List>
								</ScrollContainer>
							</VBox>
						</IconTabFilter>
						<IconTabFilter text="{i18n>INDIVIDUAL_TEXT}" key="taskownerindividual"
							visible="{= ${oAppModel>/currentViewPage} === 'workFlow' || ${oAppModel>/currentViewPage} === 'createWorkFlow' ? true : false}">
							<VBox class="wbCustomContentWrapperStyle sapUiTinyMargin" renderType="Bare" alignItems="Center" width="98.5%">
								<HBox class="wbCustomHeaderClass" width="98%" renderType="Bare" alignItems="Center">
									<Text text="{i18n>USERNAME_TEXT}" width="50%" class="sapUiMediumMarginBegin wbTransformToUpperCase"/>
									<Text text="{i18n>ID_TEXT}" width="50%" class="wbTransformToUpperCase"/>
								</HBox>
								<ScrollContainer width="100%" height="370px" horizontal="false" vertical="true" focusable="true">
									<List width="98%" class="sapUiSizeCompact wbInboxCardList sapUiTinyMarginBeginEnd" items="{path: 'oConstantsModel>/allUsers'}"
										mode="MultiSelect" id="WB_INDIVIDUAL_LIST_TASK_OWNER">
										<CustomListItem>
											<HBox class="wbAdminMGroupsListItemHeight" renderType="Bare" alignItems="Center">
												<Text width="48%" text="{oConstantsModel>userFirstName} {oConstantsModel>userLastName}"/>
												<Text width="50%" text="{oConstantsModel>userId}"/>
											</HBox>
										</CustomListItem>
									</List>
								</ScrollContainer>
							</VBox>
						</IconTabFilter>
						<IconTabFilter text="{i18n>SELECT_FROM_CONTEXT}" key="taskownercontext">
							<VBox class="wbCustomContentWrapperStyle sapUiTinyMargin" renderType="Bare" alignItems="Center" width="98.5%">
								<HBox class="wbCustomHeaderClass" width="98%" renderType="Bare" alignItems="Center" justifyContent="Start">
									<Text text="{i18n>LABEL_TEXT}" width="27%" class="sapUiMediumMarginBegin wbTransformToUpperCase"/>
									<Text text="{i18n>DESCRIPTION_TEXT}" width="25%" class="wbTransformToUpperCase"/>
									<Text text="{i18n>ORIGIN_TEXT}" width="25%" class="wbTransformToUpperCase"/>
									<Text text="{i18n>TASK_NAME_TEXT}" width="25%" class="wbTransformToUpperCase"/>
								</HBox>
								<ScrollContainer width="100%" height="370px" horizontal="false" vertical="true" focusable="true">
									<List width="98%" class="sapUiSizeCompact wbInboxCardList sapUiTinyMarginBeginEnd" items="{path: 'oDefaultDataModel>/runTimeContextData'}"
										mode="MultiSelect" noDataText="{i18n>NO_DATA_SELECT_CONTEXT_TEXT}" id="WB_CONTEXT_LIST_TASK_OWNER">
										<CustomListItem>
											<HBox class="wbAdminMGroupsListItemHeight" renderType="Bare" alignItems="Center" justifyContent="Start">
												<Text width="25%" text="{oDefaultDataModel>label}"/>
												<Text width="25%" text="{oDefaultDataModel>description}"/>
												<Text width="25%" text="{oDefaultDataModel>origin}"/>
												<Text text="{= ${oDefaultDataModel>taskName} ? ${oDefaultDataModel>taskName} : '-'}" width="25%"/>
											</HBox>
										</CustomListItem>
									</List>
								</ScrollContainer>
							</VBox>
						</IconTabFilter>
						<IconTabFilter text="{i18n>RULE_BASED_TEXT} {i18n>APPROVER_TEXT}" key="taskownerruleapprover">
							<HBox renderType="Bare" alignItems="Center" class="sapUiTinyMarginBegin sapUiTinyMarginBottom sapUiTinyMarginTop" justifyContent="End"
								width="98%">
								<Button text="{i18n>ADD_TEXT}" tooltip="{i18n>ADD_RULE_TEXT}" class="wbDefaultButtonClass" press="addRuleApproverFn"/>
							</HBox>
							<VBox height="370px" class="wbCustomContentWrapperStyle sapUiSizeCompact sapUiTinyMarginBegin sapUiTinyMarginBottom" width="98%"
								renderType="Bare" alignItems="Center">
								<HBox class="wbCustomHeaderClass" alignItems="Center" renderType="Bare" justifyContent="SpaceBetween" width="98%">
									<Text text="{i18n>ATTRIBUTE_TEXT}" class="wbTransformToUpperCase" width="18.75%"/>
									<Text text="{i18n>CONDITION_TEXT}" class="wbTransformToUpperCase" width="18.75%"/>
									<Text text="{i18n>VALUE_TEXT}" class="wbTransformToUpperCase" width="18.75%"/>
									<Text text="{i18n>RULE_TEXT}" class="wbTransformToUpperCase" width="19%"/>
									<Text text="{i18n>APPROVER_TEXT}" class="wbTransformToUpperCase" width="18%"/>
									<FlexBox width="4.75%" renderType="Bare"/>
								</HBox>
								<VBox renderType="Bare" alignItems="Center" width="98%" items="{oDefaultDataModel>/ActiveTaskRules/ownerSelectionRules}">
									<HBox width="100%" renderType="Bare" alignItems="Center" justifyContent="SpaceBetween">
										<ComboBox width="18.75%" class="wbDefaultCustomInputWrapper sapUiTinyMarginEnd" items="{oDefaultDataModel>/processLevelAttributes}"
											selectedKey="{oDefaultDataModel>custom_key}" selectionChange="setAttributeNameRuleOwnerFn">
											<core:Item text="{oDefaultDataModel>label}" key="{oDefaultDataModel>key}"/>
										</ComboBox>
										<ComboBox width="18.75%" class="wbDefaultCustomInputWrapper sapUiTinyMarginEnd" items="{oDefaultDataModel>/logicalOperator}"
											selectedKey="{oDefaultDataModel>logic}">
											<core:Item text="{oDefaultDataModel>text}" key="{oDefaultDataModel>key}"/>
										</ComboBox>
										<Input width="18.75%" class="wbDefaultCustomInputWrapper sapUiTinyMarginEnd" value="{oDefaultDataModel>value}"/>
										<Input width="18.75%" value="{oDefaultDataModel>attributeName} {oDefaultDataModel>logic} {oDefaultDataModel>value}"
											class="wbDefaultCustomInputWrapper sapUiTinyMarginEnd"/>
										<MultiComboBox width="18.75%" class="wbDefaultCustomInputWrapper sapUiTinyMarginEnd" items="{oConstantsModel>/allUsers}"
											selectedKeys="{oDefaultDataModel>approver}">
											<core:Item text="{oConstantsModel>userFirstName} {oConstantsModel>userLastName}" key="{oConstantsModel>userId}"/>
										</MultiComboBox>
										<HBox renderType="Bare" justifyContent="End" alignItems="Center" width="5%">
											<Button icon="sap-icon://delete" type="Reject" class="wbAdminMGroupsRemoveBtn" press="deleteRuleApproverFn"/>
										</HBox>
									</HBox>
								</VBox>
							</VBox>
						</IconTabFilter>
					</items>
				</IconTabBar>
				<HBox renderType="Bare" alignItems="Center" width="98%" justifyContent="End" class="sapUiTinyMarginTopBottom">
					<Button text="{i18n>SUBMIT_TEXT}" press="addTaskOwnerfn" class="wbDefaultButtonClass"/>
				</HBox>
			</VBox>
		</content>
	</ResponsivePopover>
</core:FragmentDefinition>