<core:FragmentDefinition xmlns:core="sap.ui.core" xmlns:m="sap.suite.ui.commons" xmlns="sap.m" xmlns:l="sap.ui.layout">
	<VBox renderType="Bare" alignItems="Center" class="sapUiSizeCompact" busy="{oDefaultDataModel>/enableBusyIndicators}" busyIndicatorDelay="0">
		<HBox width="100%" justifyContent="SpaceBetween" class="wbAdminWfProcessContainer" alignItems="Center">
			<HBox width="99.5%" renderType="Bare" class="sapUiTinyMarginTop sapUiTinyMarginBottom">
				<VBox renderType="Bare" justifyContent="Start" width="16.75%" class="sapUiTinyMarginBegin">
					<Label text="{i18n>ADMIN_FILTER_NAME}" class="wbAdminCustLabelProcess" required="true"/>
					<Input class="wbDefaultCustomInputWrapper" value="{oDefaultDataModel>/createWorkFlowData/processDetail/processDisplayName}" type="Text"
						placeholder="{i18n>PLACEHOLDER_TYPE_TEXT}" maxLength="250" change="changeProperty($event,'specialCharacter')"
						enabled="{oDefaultDataModel>/setEnabled}"/>
					<HBox renderType="Bare" alignItems="Center" width="100%" justifyContent="End">
						<Button text="{i18n>ADD_TEXT} {i18n>DESCRIPTION_TEXT}" icon="sap-icon://add" class="wbCustomButtonClass" press="onAddDescFn"/>
					</HBox>
				</VBox>
				<VBox renderType="Bare" justifyContent="Start" width="25%" class="sapUiSmallMarginBegin"
					visible="{= ${oDefaultDataModel>/createWorkFlowData/processDetail/origin} === 'Ad-hoc'}">
					<Label text="{i18n>CREATION_TYPE_TEXT}" class="wbAdminCustLabelProcess" required="true"/>
					<RadioButtonGroup columns="2" buttons="{oDefaultDataModel>/processType/dto}" enabled="{oDefaultDataModel>/setEnabled}"
						selectedIndex="{= ${oDefaultDataModel>/createWorkFlowData/processDetail/processType} === 'Single Instance' ? 0 : 1}"
						select="onSelectInstance">
						<RadioButton text="{oDefaultDataModel>value}"/>
					</RadioButtonGroup>
				</VBox>
				<VBox renderType="Bare" justifyContent="Start" width="26%" class="sapUiSmallMarginBegin">
					<Label text="{i18n>SLA_TEXT}" class="wbAdminCustLabelProcess" required="true"/>
					<HBox renderType="Bare" alignItems="Center" width="100%" justifyContent="SpaceBetween">
						<StepInput width="5rem" class="wbDefaultCustomInputWrapper" min="0" max="20" step="1"
							value="{oDefaultDataModel>/createWorkFlowData/processDetail/slaDays}" change="changeProperty($event,'numericOnly')"/>
						<Text text="{i18n>PLACEHOLDER_SLADAYS_TEXT}"/>
						<StepInput width="5rem" class="wbDefaultCustomInputWrapper" min="0" max="23" step="1"
							value="{oDefaultDataModel>/createWorkFlowData/processDetail/slaHours}" change="changeProperty($event,'numericOnly')"/>
						<Text text="{i18n>PLACEHOLDER_SLAHOURS_TEXT}"/>
					</HBox>
				</VBox>
				<VBox width="26%" class="sapUiSmallMarginBegin">
					<Label text="{i18n>CRITICAL_TEXT}" class="wbAdminCustLabelProcess" required="true"/>
					<HBox renderType="Bare" alignItems="Center" width="100%" justifyContent="SpaceBetween">
						<StepInput width="5rem" class="wbDefaultCustomInputWrapper" step="1"
							value="{oDefaultDataModel>/createWorkFlowData/processDetail/criticalDateDays}" max="20" min="0"
							change="changeProperty($event,'numericOnly')"/>
						<Text text="{i18n>PLACEHOLDER_SLADAYS_TEXT}"/>
						<StepInput width="5rem" class="wbDefaultCustomInputWrapper" step="1"
							value="{oDefaultDataModel>/createWorkFlowData/processDetail/criticalDateHours}" min="0" max="23"
							change="changeProperty($event,'numericOnly')"/>
						<Text text="{i18n>PLACEHOLDER_SLAHOURS_TEXT}"/>
					</HBox>
				</VBox>
			</HBox>
		</HBox>
		<VBox renderType="Bare" alignItems="Center" width="98%" class="sapUiSmallMargin">
			<IconTabBar class="wbAdminIconTabBackground" id="WB_EXISTING_WF_ID" expandable="false">
				<items>
					<IconTabFilter text="{i18n>CUSTOMATT_TEMPLATE_TEXT}" key="customAttributeTemplate">
						<HBox renderType="Bare" width="99%" alignItems="Center" justifyContent="End">
							<Button icon="sap-icon://add" text="{i18n>ADD_TEXT}" class="wbDefaultButtonClass sapUiTinyMarginTopBottom" press="addCustomAttributeFn"
								enabled="{oDefaultDataModel>/CustomAddButtonStatus}" tooltip="{i18n>ADD_CUSTOMATT_TEXT}"
								visible="{= ${oDefaultDataModel>/createWorkFlowData/processDetail/origin} === 'Ad-hoc'}"/>
						</HBox>
						<VBox alignItems="Center" renderType="Bare" width="99.5%" visible="{= ${oDefaultDataModel>/createWorkFlowData/customAttribute}.length > 0}">
							<HBox renderType="Bare" width="99%" alignItems="Center" class="wbCustomHeaderClass" justifyContent="Start">
								<Label width="17%" text="{i18n>LABEL_TEXT}" class="wbAdminCustLabel sapUiSmallMarginBegin wbTransformToUpperCase" required="true"/>
								<Label width="17%" text="{i18n>ATTRIBUTE_DESC_TEXT}" class="wbAdminCustLabel wbTransformToUpperCase"/>
								<Label width="16%" text="{i18n>DATA_TYPE_TEXT}" class="wbAdminCustLabel wbTransformToUpperCase" required="true"/>
								<Label width="9%" text="{i18n>VISIBILITY_TEXT}" class="wbAdminCustLabel wbTransformToUpperCase"/>
								<Label width="9%" text="{i18n>EDITABLE_TEXT}" class="wbAdminCustLabel wbTransformToUpperCase"/>
								<Label width="10%" text="{i18n>MANDATORY_TEXT}" class="wbAdminCustLabel wbTransformToUpperCase"/>
								<Label width="8%" text="{i18n>RUN_TIME_TEXT}" class="wbAdminCustLabel wbTransformToUpperCase"/>
								<Label width="15.5%" text="{i18n>RUN_TIME_TEXT} {i18n>VALUE_TEXT}" class="wbAdminCustLabel wbTransformToUpperCase"/>
								<HBox renderType="Bare" width="5%"></HBox>
							</HBox>
							<VBox alignItems="Center" renderType="Bare" width="99%" class="sapUiTinyMarginBottom"
								items="{oDefaultDataModel>/createWorkFlowData/customAttribute}">
								<VBox renderType="Bare" width="100%" visible="{= ${oDefaultDataModel>isDeleted} === false ? true : false}">
									<Panel width="100%" class="wbAdminWfPanelClass"
										expandable="{= (${oDefaultDataModel>dataType} === 'DROPDOWN' || ${oDefaultDataModel>dataType} === 'TABLE') &amp;&amp; ${oDefaultDataModel>isRunTime} === false ? true : false}">
										<headerToolbar>
											<Toolbar>
												<HBox alignItems="Center" renderType="Bare" width="100%" justifyContent="SpaceBetween">
													<HBox alignItems="Center" renderType="Bare" width="98%" justifyContent="Start">
														<Input width="15.5%" value="{oDefaultDataModel>label}" class="wbDefaultCustomInputWrapper sapUiSmallMarginEnd"
															change="changeCustomNameProperty" maxLength="100" enabled="{= ${oDefaultDataModel>/createWorkFlowData/processDetail/origin} === 'Ad-hoc'}"></Input>
														<Input width="15.5%" value="{oDefaultDataModel>description}" maxLength="200" class="wbDefaultCustomInputWrapper sapUiSmallMarginEnd"
															change="changeProperty($event,'specialCharacter')" enabled="{oDefaultDataModel>/setEnabled}"></Input>
														<Select change="changeDataTypeProperty"
															enabled='{parts:["oDefaultDataModel>/setEnabled", "oDefaultDataModel>isEdited", "oDefaultDataModel>isRunTime"], formatter:"oneapp.incture.workbox.util.formatter.wbSetEnabledForDropdown"}'
															width="14.5%" class="wbDefaultCustomSelectWrapper sapUiSmallMarginEnd" selectedKey="{oDefaultDataModel>dataType}"
															items="{oDefaultDataModel>/dataType/dto}">
															<core:Item key="{oDefaultDataModel>value}" text="{oDefaultDataModel>value}"/>
														</Select>
														<HBox width="9%" renderType="Bare" alignItems="Center">
															<Switch change="changeSwtichProperty" class="wbCustomSwitch" state="{oDefaultDataModel>isVisible}"></Switch>
														</HBox>
														<HBox width="9%" renderType="Bare" alignItems="Center">
															<Switch change="changeSwtichProperty" class="wbCustomSwitch" state="{oDefaultDataModel>isEditable}"
																enabled="{= ${oDefaultDataModel>/createWorkFlowData/processDetail/origin} === 'Ad-hoc'}"></Switch>
														</HBox>
														<HBox width="10%" renderType="Bare" alignItems="Center">
															<Switch change="changeSwtichProperty" class="wbCustomSwitch" state="{oDefaultDataModel>isMandatory}"
																enabled="{= ${oDefaultDataModel>isRunTime} === false ? true : false}"
																blocked="{= ${oDefaultDataModel>/createWorkFlowData/processDetail/origin} !== 'Ad-hoc'}"></Switch>
														</HBox>
														<HBox width="8%" renderType="Bare" alignItems="Center">
															<Switch change="changeRunTimeProperty" class="wbCustomSwitch" state="{oDefaultDataModel>isRunTime}"
																enabled="{= ${oDefaultDataModel>/createWorkFlowData/processDetail/origin} === 'Ad-hoc'}"></Switch>
														</HBox>
														<Input width="15%" value="{oDefaultDataModel>attributePath}" suggestionItems="{oDefaultDataModel>/processLevelOperatorAttributes}"
															showSuggestion="true" maxLength="200" class="wbDefaultCustomInputWrapper sapUiMediumMarginEnd" change="changeURLProperty"
															liveChange="onTagging" suggestionItemSelected="onSelectingSuggestionItem"
															visible="{= ${oDefaultDataModel>isRunTime} === false &amp;&amp; ${oDefaultDataModel>dataType} === 'INPUT NUMERIC-CALCULATE' ? true : false}">
															<suggestionItems>
																<core:Item text="{oDefaultDataModel>label}"/>
															</suggestionItems>
														</Input>
														<Input width="15%" value="{oDefaultDataModel>defaultValue}" class="wbDefaultCustomInputWrapper sapUiMediumMarginEnd" maxLength="100"
															change="changeActionTypeProperty" enabled="{= ${oDefaultDataModel>/createWorkFlowData/processDetail/origin} === 'Ad-hoc'}"
															visible="{= ${oDefaultDataModel>isRunTime} === false &amp;&amp; ${oDefaultDataModel>dataType} !== 'INPUT NUMERIC-CALCULATE' ? true : false}"></Input>
														<ComboBox width="15%" selectionChange="changeActionTypeProperty" class="sapUiMediumMarginEnd wbDefaultCustomInputWrapper"
															selectedKey="{oDefaultDataModel>runTimeType}" visible="{= ${oDefaultDataModel>isRunTime} === true ? true : false}"
															enabled="{= ${oDefaultDataModel>isRunTime} === true ? true : false}"
															blocked="{= ${oDefaultDataModel>/createWorkFlowData/processDetail/origin} !== 'Ad-hoc'}">
															<core:Item key="group" text="{i18n>GROUPS_TEXT}"/>
															<core:Item key="individual" text="{i18n>INDIVIDUAL_TEXT}"/>
															<core:Item key="role" text="{i18n>ROLE_TEXT}"/>
														</ComboBox>
													</HBox>
													<HBox alignItems="Center" renderType="Bare">
														<Button icon="sap-icon://delete" type="Reject" class="wbAdminMGroupsRemoveBtn" press="deleteCustomAttributeFn"
															enabled="{oDefaultDataModel>/customDeleteButtonStatus}"/>
													</HBox>
												</HBox>
											</Toolbar>
										</headerToolbar>
										<content>
											<VBox renderType="Bare" alignItems="Center" width="35%" class="wbTaskTemplateContentClass wbAdminWfPanelContentBorder"
												visible="{= ${oDefaultDataModel>dataType} === 'DROPDOWN' &amp;&amp; ${oDefaultDataModel>isRunTime} === false ? true : false}">
												<HBox renderType="Bare" width="100%" alignItems="Center" class="wbAdminPanelContentHeaderClass" justifyContent="Start"
													visible="{= ${oDefaultDataModel>isRunTime} === false ? true : false}">
													<Label width="92%" text="{i18n>LABEL_TEXT}" class="wbAdminCustLabel wbTransformToUpperCase" required="true"/>
													<HBox renderType="Bare" width="8%" justifyContent="End">
														<Button icon="sap-icon://add" text="{i18n>ADD_TEXT}" class="sapUiTinyMarginBegin wbCustomButtonClass" press="addDropdownValues"/>
													</HBox>
												</HBox>
												<VBox renderType="Bare" alignItems="Center" width="100%" items="{oDefaultDataModel>dropDownValues}">
													<HBox renderType="Bare" alignItems="Center" width="99%" justifyContent="SpaceBetween"
														visible="{= ${oDefaultDataModel>isEdited} === 3 ? false : true}">
														<HBox renderType="Bare" alignItems="Center" width="92%" class="wbAdminWfPanelInputMarginClass">
															<Input width="85%" maxLength="100" value="{oDefaultDataModel>valueName}" class="wbTaskDetailInputWrapper sapUiTinyMarginEnd"/>
														</HBox>
														<HBox renderType="Bare" width="8%" justifyContent="End">
															<Button icon="sap-icon://delete" type="Reject" class="wbAdminMGroupsRemoveBtn" press="deleteDropdownValues"/>
														</HBox>
													</HBox>
												</VBox>
											</VBox>
											<VBox visible="{= ${oDefaultDataModel>dataType} === 'TABLE' &amp;&amp; ${oDefaultDataModel>isRunTime} === false ? true : false}"
												renderType="Bare" alignItems="Center" width="75%" class="wbTaskTemplateContentClass wbAdminWfPanelContentBorder ">
												<HBox renderType="Bare" width="100%" alignItems="Center" class="wbAdminPanelContentHeaderClass" justifyContent="Start">
													<Label width="46%" text="{i18n>COLUMN_NAME_TEXT}" class="wbAdminCustLabel" required="true"/>
													<Label width="46%" text="{i18n>DATA_TYPE_TEXT}" class="wbAdminCustLabel wbTransformToUpperCase" required="true"/>
													<HBox renderType="Bare" width="8%" justifyContent="End">
														<Button icon="sap-icon://add" text="{i18n>ADD_TEXT}" class="sapUiTinyMarginBegin wbCustomButtonClass" press="addTableColumnValues"/>
													</HBox>
												</HBox>
												<VBox renderType="Bare" alignItems="Center" width="100%" items="{oDefaultDataModel>tableAttributes}">
													<HBox renderType="Bare" alignItems="Center" width="99%" justifyContent="SpaceBetween"
														visible="{= ${oDefaultDataModel>isEdited} === 3 ? false : true}">
														<HBox renderType="Bare" alignItems="Center" width="92%">
															<Input width="49%" value="{oDefaultDataModel>label}" maxLength="100" class="wbTaskDetailInputWrapper sapUiTinyMarginEnd"
																change="changeURLProperty"/>
															<ComboBox width="49%" enabled="{= ${oDefaultDataModel>/setEnabled} === false &amp;&amp; ${oDefaultDataModel>isEdited} !== 2 ? false : true}"
																selectedKey="{oDefaultDataModel>dataType}" items="{oDefaultDataModel>/dataType/dto}" class="wbTaskDetailInputWrapper">
																<core:Item key="{oDefaultDataModel>value}" text="{oDefaultDataModel>value}"
																	enabled="{= ${oDefaultDataModel>value} === 'TABLE' || ${oDefaultDataModel>value} === 'ATTACHMENT' || ${oDefaultDataModel>value} === 'DROPDOWN' ? false : true}"/>
															</ComboBox>
														</HBox>
														<HBox renderType="Bare" width="8%" justifyContent="End">
															<Button icon="sap-icon://delete" type="Reject" class="wbAdminMGroupsRemoveBtn" press="deleteTableColumnValues"/>
														</HBox>
													</HBox>
												</VBox>
											</VBox>
										</content>
									</Panel>
								</VBox>
							</VBox>
						</VBox>
						<VBox renderType="Bare" width="99%" class="sapUiTinyMarginBottom sapUiTinyMarginBegin">
							<Label text="{i18n>DETAIL_URL_TEXT}"/>
							<Input class="wbDefaultCustomInputWrapper" value="{oDefaultDataModel>/createWorkFlowData/processDetail/url}" width="99.35%"/>
						</VBox>
					</IconTabFilter>
					<IconTabFilter text="{i18n>TASK_TEMPLATE_TEXT}" key="customTaskAttributeTemplate"
						visible="{= ${oDefaultDataModel>/createWorkFlowData/processDetail/origin} === 'Ad-hoc'}">
						<HBox renderType="Bare" alignItems="Center" width="100%">
							<VBox renderType="Bare" width="100%">
								<HBox renderType="Bare" width="99%" alignItems="Center" justifyContent="End">
									<Button icon="sap-icon://add" text="{i18n>ADD_TEXT}" press="addTaskLevelFn" class="wbDefaultButtonClass" tooltip="{i18n>ADD_TASK}"/>
								</HBox>
								<IconTabBar id="ID_ADMIN_TASKTEMPLATE_TAB" items="{oDefaultDataModel>/createWorkFlowData/teamDetailDto}"
									class="wbAdminIconTaskTabBackground" select="onTaskTemplateTabChange" showOverflowSelectList="true" expandable="false">
									<items>
										<IconTabFilter text="{oDefaultDataModel>eventName}" key="{oDefaultDataModel>templateId}"
											visible="{= ${oDefaultDataModel>isEdited} === 3 ? false : true}">
											<HBox renderType="Bare" width="99%" alignItems="Center" justifyContent="End">
												<Button icon="sap-icon://sys-cancel" type="Reject" class="wbAdminMGroupsRemoveBtn sapUiSmallMarginEnd" press="deleteTaskLevelFn"
													enabled="{oDefaultDataModel>/TaskDeleteButtonStatus}"/>
											</HBox>
											<l:VerticalLayout width="100%">
												<l:Grid defaultSpan="L3 M6 S12" vSpacing="1.5" class="wbTaskDetailPaddingClass wbTaskDetailGridPositionClass">
													<VBox renderType="Bare" height="auto" class="sapUiSmallMarginTop">
														<Label text="{i18n>TASK_NAME_TEXT}" class="wbTransformToUpperCase" required="true"/>
														<Input value="{oDefaultDataModel>eventName}" maxLength="100" width="95%" class="wbDefaultCustomInputWrapper" change="changeTaskNameProperty"></Input>
													</VBox>
													<VBox renderType="Bare" height="auto" class="sapUiSmallMarginTop">
														<Label text="{i18n>SUBJECT_TEXT}" class="wbTransformToUpperCase"/>
														<Input value="{oDefaultDataModel>subject}" suggestionItems="{oDefaultDataModel>/processLevelAttributes}" showSuggestion="true"
															maxLength="200" width="95%" class="wbDefaultCustomInputWrapper" change="changeURLProperty" liveChange="onTagging"
															suggestionItemSelected="onSelectingSuggestionItem">
															<suggestionItems>
																<core:Item text="{oDefaultDataModel>label}"/>
															</suggestionItems>
														</Input>
													</VBox>
													<VBox renderType="Bare" height="auto" class="sapUiSmallMarginTop">
														<Label text="{i18n>DESCRIPTION_TEXT}" class="wbTransformToUpperCase"/>
														<Input value="{oDefaultDataModel>description}" suggestionItems="{oDefaultDataModel>/processLevelAttributes}" showSuggestion="true"
															maxLength="200" width="95%" class="wbDefaultCustomInputWrapper" change="changeURLProperty" liveChange="onTagging"
															suggestionItemSelected="onSelectingSuggestionItem">
															<suggestionItems>
																<core:Item text="{oDefaultDataModel>label}"/>
															</suggestionItems>
														</Input>
													</VBox>
													<VBox renderType="Bare" height="auto" class="sapUiSmallMarginTop">
														<Label text="{i18n>TASK_TYPE_TEXT}" class="wbTransformToUpperCase" required="true"/>
														<ComboBox selectionChange="changeActionTypeProperty" width="95%" class="wbDefaultCustomInputWrapper"
															items="{oDefaultDataModel>/taskType/dto}" selectedKey="{oDefaultDataModel>taskNature}">
															<!--"{oDefaultDataModel>taskNature}"-->
															<core:Item key="{oDefaultDataModel>key}" text="{oDefaultDataModel>text}"/>
														</ComboBox>
													</VBox>
													<VBox renderType="Bare" height="auto" class="sapUiSmallMarginTop">
														<HBox renderType="Bare" alignItems="Center" justifyContent="SpaceBetween" width="91.5%">
															<Label
																text="{= ${oDefaultDataModel>taskNature} === 'User Based' || ${oDefaultDataModel>taskNature} === null ? ${i18n>TASK_OWNER_TEXT} : ${i18n>ADD_RULE_TEXT}}"
																class="wbTransformToUpperCase" required="true"/>
															<core:Icon src="sap-icon://sort" press="setTaskOwnerOrderBy" tooltip="{i18n>ORDER_TASK_OWNER}" class="wbTaskDetailHeaderIconClass"
																visible="{= (${oDefaultDataModel>processName}==='AFENexus') &amp;&amp; (${oDefaultDataModel>eventName}==='Reviewer' || ${oDefaultDataModel>eventName}==='Approver')}"/>
														</HBox>
														<HBox alignItems="Center" renderType="Bare" width="95%" class="wbAdminWfInputContainer"
															visible="{path : 'oDefaultDataModel>taskNature' ,formatter: 'oneapp.incture.workbox.util.formatter.wbWfTakOwnerInputContainer'}">
															<Input width="93%" class="wbDefaultCustomInputWrapper"
																visible="{= ${oDefaultDataModel>taskNature} === 'User Based' || ${oDefaultDataModel>taskNature} === null ? true : false}"
																value='{parts:["oDefaultDataModel>individual", "oDefaultDataModel>group", "oDefaultDataModel>runTimeUser", "oDefaultDataModel>ownerSelectionRules"], formatter:"oneapp.incture.workbox.util.formatter.wbSetTaskOwnerText"}'
																editable="false" change="changeTaskOwnerProperty($event,'specialCharacter')"
																tooltip='{parts:["oDefaultDataModel>individual", "oDefaultDataModel>group", "oDefaultDataModel>runTimeUser", "oDefaultDataModel>ownerSelectionRules"], formatter:"oneapp.incture.workbox.util.formatter.wbSetTaskOwnerText"}'></Input>
															<core:Icon src="sap-icon://add" class="sapUiTinyMarginEnd wbTaskDetailHeaderIconClass" press="openTaskOwnerPopUpfn"/>
														</HBox>
													</VBox>
													<VBox renderType="Bare" height="auto" class="sapUiSmallMarginTop">
														<HBox renderType="Bare" alignItems="Center" justifyContent="SpaceBetween" width="91.5%">
															<Label text="{i18n>ACTION_TYPE_TEXT}" class="wbTransformToUpperCase" required="true"/>
															<core:Icon src="sap-icon://message-information" press="customiseStatusFn" tooltip="{i18n>CUSTOM_STATUS_TEXT}"
																class="wbTaskDetailHeaderIconClass"/>
														</HBox>
														<ComboBox selectionChange="changeActionTypeProperty" width="95%" class="wbDefaultCustomInputWrapper"
															items="{oDefaultDataModel>/actionType/dto}" selectedKey="{oDefaultDataModel>taskType}"
															enabled="{= ${oDefaultDataModel>taskNature} === 'User Based' ? true : false}">
															<core:Item key="{oDefaultDataModel>value}" text="{oDefaultDataModel>value}"/>
														</ComboBox>
													</VBox>
													<!--selectedKeys="{= ${oDefaultDataModel>sourceId}.length > 0 ? ${oDefaultDataModel>sourceId} : ['']}"-->
													<VBox renderType="Bare" height="auto" class="sapUiSmallMarginTop">
														<Label text="{i18n>SOURCE_TEXT}" class="wbTransformToUpperCase" required="{oDefaultDataModel>/mandatorySource}"/>
														<MultiComboBox selectionChange="changeSourceTaskFn" width="95%" class="wbDefaultCustomInputWrapper"
															items="{oDefaultDataModel>sourceDropdown}"
															selectedKeys='{parts:["oDefaultDataModel>sourceDropdown", "oDefaultDataModel>sourceId"], formatter:"oneapp.incture.workbox.util.formatter.wbWfTaskSourceDestKeys"}'>
															<core:Item text=" {oDefaultDataModel>text}" key="{oDefaultDataModel>key}"/>
														</MultiComboBox>
													</VBox>
													<!--selectedKeys="{= ${oDefaultDataModel>targetId}.length > 0 ? ${oDefaultDataModel>targetId} : ['']}"-->
													<VBox renderType="Bare" height="auto" class="sapUiSmallMarginTop">
														<Label text="{i18n>DESTINATION_TEXT}" class="wbTransformToUpperCase" required="{oDefaultDataModel>/mandatorySource}"/>
														<MultiComboBox selectionChange="changeDestTaskFn" width="95%" class="wbDefaultCustomInputWrapper"
															selectedKeys='{parts:["oDefaultDataModel>sourceDropdown", "oDefaultDataModel>targetId"], formatter:"oneapp.incture.workbox.util.formatter.wbWfTaskSourceDestKeys"}'
															items="{oDefaultDataModel>sourceDropdown}" enabled="{= ${oDefaultDataModel>taskNature} === 'User Based' ? true : false}">
															<core:Item text="{oDefaultDataModel>text}" key="{oDefaultDataModel>key}"/>
														</MultiComboBox>
													</VBox>
												</l:Grid>
											</l:VerticalLayout>
											<VBox renderType="Bare" width="100%" class="wbTaskDetailPaddingClass">
												<Label text="{i18n>DETAIL_URL_TEXT}" class="wbTransformToUpperCase"/>
												<Input value="{oDefaultDataModel>url}" width="100%" class="wbDefaultCustomInputWrapper" change="changeURLProperty"/>
											</VBox>
											<VBox renderType="Bare" width="100%">
												<HBox alignItems="Center" renderType="Bare" width="99%" class="sapUiTinyMarginBottom" justifyContent="End">
													<Button icon="sap-icon://add" text="{i18n>ADD_EXISTING_ATTRIBUTES_TEXT}" class="wbDefaultButtonClass sapUiSmallMarginEnd"
														press="openShowAttributesFn"/>
													<Button icon="sap-icon://add" text="{i18n>ADD_TEXT}" class="wbDefaultButtonClass" press="addTaskCustomAttributesFn"
														enabled="{oDefaultDataModel>/TaskCustomAddButtonStatus}"/>
												</HBox>
												<VBox alignItems="Center" renderType="Bare" width="98.5%" class="sapUiTinyMarginBottom sapUiTinyMarginBeginEnd"
													visible="{= ${oDefaultDataModel>customAttributes}.length > 0}">
													<HBox renderType="Bare" width="100%" alignItems="Center" class="wbCustomHeaderClass" justifyContent="SpaceBetween">
														<Label width="18%" text="{i18n>LABEL_TEXT}" class=" wbAdminCustLabel sapUiSmallMarginBegin wbTransformToUpperCase" required="true"/>
														<Label width="18%" text="{i18n>ATTRIBUTE_DESC_TEXT}" class="wbAdminCustLabel wbTransformToUpperCase"/>
														<Label width="18%" text="{i18n>DATA_TYPE_TEXT}" class="wbAdminCustLabel wbTransformToUpperCase" required="true"/>
														<Label width="9%" text="{i18n>VISIBILITY_TEXT}" class="wbAdminCustLabel wbTransformToUpperCase"/>
														<Label width="10%" text="{i18n>EDITABLE_TEXT}" class="wbAdminCustLabel wbTransformToUpperCase"/>
														<Label width="10%" text="{i18n>MANDATORY_TEXT}" class="wbAdminCustLabel wbTransformToUpperCase"/>
														<Label width="8%" text="{i18n>RUN_TIME_TEXT}" class="wbAdminCustLabel wbTransformToUpperCase"/>
														<Label width="17.75%" text="{i18n>RUN_TIME_TEXT} {i18n>VALUE_TEXT}" class="wbAdminCustLabel wbTransformToUpperCase"/>
														<HBox renderType="Bare" width="5%"></HBox>
													</HBox>
													<VBox alignItems="Center" renderType="Bare" width="100%" class="sapUiTinyMarginBottom" items="{oDefaultDataModel>customAttributes}">
														<VBox renderType="Bare" width="100%" visible="{= ${oDefaultDataModel>isDeleted} === false ? true : false}">
															<Panel width="100%" class="wbAdminWfPanelClass"
																expandable="{= (${oDefaultDataModel>dataType} === 'DROPDOWN' || ${oDefaultDataModel>dataType} === 'TABLE') &amp;&amp; ${oDefaultDataModel>isRunTime} === false ? true : false}">
																<headerToolbar>
																	<Toolbar>
																		<HBox alignItems="Center" renderType="Bare" width="100%" justifyContent="SpaceBetween">
																			<HBox alignItems="Center" renderType="Bare" width="100%" justifyContent="SpaceBetween">
																				<HBox alignItems="Center" renderType="Bare" width="96%" justifyContent="Start">
																					<Input width="16.5%" value="{oDefaultDataModel>label}" class="wbDefaultCustomInputWrapper sapUiSmallMarginEnd"
																						change="changeTaskCustomNameProperty" maxLength="100"></Input>
																					<Input width="17%" value="{oDefaultDataModel>description}" maxLength="200" class="wbDefaultCustomInputWrapper sapUiSmallMarginEnd"
																						change="changeProperty($event,'specialCharacter')" enabled="{oDefaultDataModel>/setEnabled}"></Input>
																					<Select width="16%" change="changeDataTypeProperty" class="wbDefaultCustomSelectWrapper sapUiSmallMarginEnd"
																						selectedKey="{oDefaultDataModel>dataType}" items="{oDefaultDataModel>/dataType/dto}"
																						enabled='{parts:["oDefaultDataModel>/setEnabled", "oDefaultDataModel>isEdited", "oDefaultDataModel>isRunTime"], formatter:"oneapp.incture.workbox.util.formatter.wbSetEnabledForDropdown"}'>
																						<core:Item key="{oDefaultDataModel>value}" text="{oDefaultDataModel>value}"/>
																					</Select>
																					<HBox width="9%" renderType="Bare" alignItems="Center">
																						<Switch change="changeSwtichProperty" class="wbCustomSwitch" state="{oDefaultDataModel>isVisible}"></Switch>
																					</HBox>
																					<HBox width="10%" renderType="Bare" alignItems="Center">
																						<Switch change="changeSwtichProperty" class="wbCustomSwitch" state="{oDefaultDataModel>isEditable}"></Switch>
																					</HBox>
																					<HBox width="10%" renderType="Bare" alignItems="Center">
																						<Switch change="changeSwtichProperty" class="wbCustomSwitch" state="{oDefaultDataModel>isMandatory}"
																							enabled="{= ${oDefaultDataModel>isRunTime} === false ? true : false}"></Switch>
																					</HBox>
																					<HBox renderType="Bare" width="8%" alignItems="Center">
																						<Switch change="changeTaskRunTimeProperty" class="wbCustomSwitch" state="{oDefaultDataModel>isRunTime}"></Switch>
																					</HBox>
																					<Input width="15%"
																						value='{parts:["oDefaultDataModel>attributePath", "oDefaultDataModel>copy", "oDefaultDataModel>/processLevelAttributes"], formatter:"oneapp.incture.workbox.util.formatter.wbProcessLevelAttributes"}'
																						suggestionItems="{oDefaultDataModel>/processLevelOperatorAttributes}" showSuggestion="true" maxLength="200"
																						class="wbDefaultCustomInputWrapper sapUiMediumMarginEnd" change="changeURLProperty" liveChange="onTagging"
																						suggestionItemSelected="onSelectingSuggestionItem" editable="{= ${oDefaultDataModel>copy} === false ? true : false}"
																						visible="{= ${oDefaultDataModel>isRunTime} === false &amp;&amp; ${oDefaultDataModel>dataType} === 'INPUT NUMERIC-CALCULATE' ? true : false}">
																						<suggestionItems>
																							<core:Item text="{oDefaultDataModel>label}"/>
																						</suggestionItems>
																					</Input>
																					<Input width="15%" value="{oDefaultDataModel>defaultValue}" class="wbDefaultCustomInputWrapper sapUiMediumMarginEnd" maxLength="100"
																						change="changeActionTypeProperty" enabled="{= ${oDefaultDataModel>/createWorkFlowData/processDetail/origin} === 'Ad-hoc'}"
																						visible="{= ${oDefaultDataModel>isRunTime} === false &amp;&amp; ${oDefaultDataModel>dataType} !== 'INPUT NUMERIC-CALCULATE' ? true : false}"></Input>
																					<ComboBox width="15%" selectionChange="changeTaskRunTimeTypeProperty" class="sapUiMediumMarginEnd wbDefaultCustomInputWrapper"
																						selectedKey="{oDefaultDataModel>runTimeType}" visible="{= ${oDefaultDataModel>isRunTime} === true ? true : false}"
																						enabled="{= ${oDefaultDataModel>isRunTime} === true ? true : false}">
																						<core:Item key="group" text="{i18n>GROUPS_TEXT}"/>
																						<core:Item key="individual" text="{i18n>INDIVIDUAL_TEXT}"/>
																						<core:Item key="role" text="{i18n>ROLE_TEXT}"/>
																					</ComboBox>
																				</HBox>
																				<HBox alignItems="Center" renderType="Bare">
																					<Button icon="sap-icon://delete" type="Reject" class="wbAdminMGroupsRemoveBtn" press="deleteTaskCustomAttributeFn"/>
																				</HBox>
																			</HBox>
																		</HBox>
																	</Toolbar>
																</headerToolbar>
																<content>
																	<VBox renderType="Bare" alignItems="Center" width="35%" class="wbTaskTemplateContentClass wbAdminWfPanelContentBorder"
																		visible="{= ${oDefaultDataModel>dataType} === 'DROPDOWN' &amp;&amp; ${oDefaultDataModel>isRunTime} === false ? true : false}">
																		<HBox renderType="Bare" width="100%" alignItems="Center" class="wbAdminPanelContentHeaderClass" justifyContent="Start"
																			visible="{= ${oDefaultDataModel>isRunTime} === false ? true : false}">
																			<Label width="92%" text="{i18n>LABEL_TEXT}" class="wbAdminCustLabel wbTransformToUpperCase" required="true"/>
																			<HBox renderType="Bare" width="8%" justifyContent="End">
																				<Button icon="sap-icon://add" text="{i18n>ADD_TEXT}" class="sapUiTinyMarginBegin wbCustomButtonClass" press="addDropdownValues"/>
																			</HBox>
																		</HBox>
																		<VBox renderType="Bare" alignItems="Center" width="100%" items="{oDefaultDataModel>dropDownValues}">
																			<HBox renderType="Bare" alignItems="Center" width="99%" justifyContent="SpaceBetween"
																				visible="{= ${oDefaultDataModel>isEdited} === 3 ? false : true}">
																				<HBox renderType="Bare" alignItems="Center" width="92%" class="wbAdminWfPanelInputMarginClass">
																					<Input width="85%" value="{oDefaultDataModel>valueName}" maxLength="100" class="wbTaskDetailInputWrapper sapUiTinyMarginEnd"/>
																				</HBox>
																				<HBox renderType="Bare" width="8%" justifyContent="End">
																					<Button icon="sap-icon://delete" type="Reject" class="wbAdminMGroupsRemoveBtn" press="deleteDropdownValues"/>
																				</HBox>
																			</HBox>
																		</VBox>
																	</VBox>
																	<VBox renderType="Bare" alignItems="Center" width="75%" class="wbTaskTemplateContentClass wbAdminWfPanelContentBorder "
																		visible="{= ${oDefaultDataModel>dataType} === 'TABLE' &amp;&amp; ${oDefaultDataModel>isRunTime} === false ? true : false}">
																		<HBox renderType="Bare" width="100%" alignItems="Center" class="wbAdminPanelContentHeaderClass" justifyContent="Start">
																			<Label width="46%" text="{i18n>COLUMN_NAME_TEXT}" class="wbAdminCustLabel" required="true"/>
																			<Label width="46%" text="{i18n>DATA_TYPE_TEXT}" class="wbAdminCustLabel wbTransformToUpperCase" required="true"/>
																			<HBox renderType="Bare" width="8%" justifyContent="End">
																				<Button icon="sap-icon://add" text="{i18n>ADD_TEXT}" class="sapUiTinyMarginBegin wbCustomButtonClass" press="addTableColumnValues"/>
																			</HBox>
																		</HBox>
																		<VBox renderType="Bare" alignItems="Center" width="100%" items="{oDefaultDataModel>tableAttributes}">
																			<HBox renderType="Bare" alignItems="Center" width="99%" justifyContent="SpaceBetween"
																				visible="{= ${oDefaultDataModel>isEdited} === 3 ? false : true}">
																				<HBox renderType="Bare" alignItems="Center" width="92%">
																					<Input width="49%" maxLength="100" value="{oDefaultDataModel>label}" class="wbTaskDetailInputWrapper sapUiTinyMarginEnd"
																						change="changeURLProperty"/>
																					<ComboBox enabled="{= ${oDefaultDataModel>/setEnabled} === false &amp;&amp; ${oDefaultDataModel>isEdited} !== 2 ? false : true}" width="49%"
																						selectedKey="{oDefaultDataModel>dataType}" items="{oDefaultDataModel>/dataType/dto}" class="wbTaskDetailInputWrapper">
																						<core:Item key="{oDefaultDataModel>value}" text="{oDefaultDataModel>value}"
																							enabled="{= ${oDefaultDataModel>value} === 'TABLE' || ${oDefaultDataModel>value} === 'ATTACHMENT' || ${oDefaultDataModel>value} === 'DROPDOWN' ? false : true}"/>
																					</ComboBox>
																				</HBox>
																				<HBox renderType="Bare" width="8%" justifyContent="End">
																					<Button icon="sap-icon://delete" type="Reject" class="wbAdminMGroupsRemoveBtn" press="deleteTableColumnValues"/>
																				</HBox>
																			</HBox>
																		</VBox>
																	</VBox>
																</content>
															</Panel>
														</VBox>
													</VBox>
												</VBox>
											</VBox>
										</IconTabFilter>
									</items>
								</IconTabBar>
							</VBox>
							<VBox width="25%" renderType="Bare" alignItems="Center" visible="false">
								<Button text="{i18n>CHECK_FLOW_TEXT}" type="Emphasized" class="wbEmphasizedButtonStyleClass" press="loadWorkFlowFlowChartFn"/>
								<VBox renderType="Bare" alignItems="Center">
									<m:MicroProcessFlow content="{oDefaultDataModel>/previewTaskDto}" class="sapUiSmallMarginBottom">
										<m:content>
											<m:MicroProcessFlowItem showIntermediary="true" stepWidth="100%" class="wbPreviewTaskFlowArrow">
												<m:customControl>
													<Button text="{oDefaultDataModel>eventName}" type="Transparent" class="wbTransparentButtonStyleClass" press="showTaskDetailTemplateFn"
														visible="true"/>
												</m:customControl>
												<m:intermediary>
													<core:Icon src="sap-icon://navigation-right-arrow" class="wbTaskDetailHeaderIconClass"
														visible='{parts:["oDefaultDataModel>/previewTaskDto", "oDefaultDataModel>eventName"], formatter:"oneapp.incture.workbox.util.formatter.wbIntermediaryNodeVisibility"}'/>
												</m:intermediary>
											</m:MicroProcessFlowItem>
										</m:content>
									</m:MicroProcessFlow>
								</VBox>
							</VBox>
						</HBox>
					</IconTabFilter>
				</items>
			</IconTabBar>
		</VBox>
	</VBox>
</core:FragmentDefinition>