{
    "startYear":{"minYear": "1970/01/01",
    "maxYear":"2030/12/31"},
                  
                    "employeeCount": [{
                        "key": "lt50",
                        "value": "Less than 50"
                    },
                    {
                        "key": "51to500",
                        "value": "51-500"
                    },
                    {
                        "key": "500to1k",
                        "value": "500-1000"
                    },
                    {
                        "key": "1k1to5k",
                        "value": "1001-5000"
                    },
                    {
                        "key": "gt5k",
                        "value": "Greater than 5000"
                    }
                ],
                "ownerShipTypeData": [{ "key": "ind",
                        "value": "Individual",
                     "additionalTxt": ""},
                        {"key":"corp",
                    "value":"Corporation",
                 "additionalTxt": ""},
                        {"key":"lmtliab",
                    "value":"Limited Liability Company",
                 "additionalTxt": ""},
                        {"key":"partner",
                    "value":"Partnership",
                 "additionalTxt": ""},
                        {"key":"gvt/int",
                    "value":"Government or international organization",
                 "additionalTxt": ""},
                        {"key":"taxExpt",
                    "value":"Tax exempt' organization",
                 "additionalTxt": ""},
                    {"key":"other",
                    "value":"Other",
                "additionalTxt": "Please enter input in the same box"}
                ],
                    	"tabledata": [{
                            "rowTitle": "Locations/Facilities"
				}, {
					"rowTitle": "Account Management/Sales"
				}, {
					"rowTitle": "AR / Billing "
				}, {
					"rowTitle": "Quality Or Customer Service"
				}, {
					"rowTitle": "Materials Compliance"
				}, {
					"rowTitle": "Logistics/Trade Compliance"
				}, {
					"rowTitle": "Social/Environmental"
                }]
            

                }
