{
"authority":false,
"mainContact":true,
"createflag": true,
"isLegalCorrect":true,
"isDunsCorrect":true,
"isSiteRegWithDuns": true,
"isSiteNotRegWithDuns":false,
"isSupplierOwnByInd":true,
"isSupplierOwnByOtherCountry":true,
"ownedByGovtOfficial":true,
"closeMemofGovtOfficial":true,
"diversityCert":true,
"smallDisAdvBusiness":false,
"operServListEnable":false,
"manServListEnable":false,
"supplierDeliveryResp":true,
"finAudited":true,
"CocMeet": true,
"closeToJbEmp":true,
"prevEmp":true,
"businessContinuityPlan":true,
"jbNet":true,
"jbDataCollect":true,
"_defaultLan":""
}