<?xml version="1.0" encoding="UTF-8"?>
<core:FragmentDefinition xmlns="sap.m" xmlns:core="sap.ui.core">
	<Dialog title="{i18n>AttachMentList}" contentWidth="75%" contentHeight="60%"  class="sapUiSizeCompact APW_DilogClass">
		<content>
       
									<Table class="sapUiSizeCompact cl_BPListTable"   alternateRowColors="true" items="{JMAttachmentList>/}">
										
										<columns>
											<!-- <Column width="13rem">
												<Label text="{i18n>AddedBy}" class="cl_VRLablCls "></Label>
											</Column> -->
                                             
										 <Column   >
												<Label text="{i18n>Process}" class="cl_VRLablCls "></Label>
											</Column>
											
											<Column >
												<!-- <Label text="{i18n>BPCNote}" class="cl_VRLablCls "></Label> -->
											</Column>
                                          
										</columns>
										<items>
											<ColumnListItem type="Active"  >
												<cells>
													<!-- <Text text="{JMAttachmentList>notifiedDate}"  class="cl_ListNameClass"></Text> -->
												 <Text text="{JMAttachmentList>processName}"   class="cl_ListNameClass"></Text>
													  <Link text="{i18n>ViewAttachment}" press="fnViewAttachmentContent"></Link>
													
												</cells>
											</ColumnListItem>
										</items>
									</Table>
								
		
		</content>
       
         <endButton >
         	<Button class="cl_VRActnBtnClear" text="{i18n>Close}"  press="fnCloseAttachList" tooltip="{i18n>BPCCancel}"/>
    </endButton>
	</Dialog>
</core:FragmentDefinition>