<core:FragmentDefinition xmlns:core="sap.ui.core" xmlns="sap.m" xmlns:grid="sap.ui.layout.cssgrid" xmlns:l="sap.ui.layout"
	xmlns:ExtVbox="oneapp.incture.processFlow.processFlow.controlExtension">

    <HBox  renderType="Bare" height="100%">
    	 <VBox id="WB_PROCESSFLOW_CONTAINER" height="100%" class="wbProcessFlowContents wbOverflowVertical" renderType="Bare" busyIndicatorDelay="0"
					busy="{oProcessFlowModel>/taskDetailsBusy}" width="{= ${oProcessFlowModel>/showDetails} === true ? '50%': '100%'}"></VBox>
		

     
        				<VBox visible="{oProcessFlowModel>/showDetails}" width="{= ${oProcessFlowModel>/showDetails} === true ? '61%': '0'}"
					class="wbProcessFlowInformationVBox">
					<HBox width="100%" renderType="Bare" justifyContent="Start">
						<Label text="{oProcessFlowModel>/selTaskSubject}" tooltip="{oProcessFlowModel>/selTaskSubject}" class="wbProcessFlowInformationSubjectLabel"/>
					</HBox>
					<HBox width="100%" height="98%" renderType="Bare" busy="{oProcessFlowModel>/busy}" busyIndicatorDelay="0">
						<!--_________________________________________CUSTOM ATTRIBUTE AND CHAT_________________________________________-->
						
						<!--_________________________________________ACTIVITY LOG AND ATTACHMENTS_________________________________________-->
						<VBox width="70%" height="100%" renderType="Bare" class="sapUiTinyMarginBegin">
                            <VBox class="wbProcessFlowAuditHeight wbProcessFlowTaskDynamicDto sapUiTinyMarginBottom"
								visible="{= ${oProcessFlowModel>/activityDto}.length !== 0 ? true : false}">
								<Text text="{i18n>ACTIVITY_LOG_TEXT}" class="wbProcessFlowTaskCA wbTextBoldClass"/>
								<VBox height="93%" class="wbOverflowVertical sapUiTinyMarginTopBottom" items="{oProcessFlowModel>/activityDto}">
									<HBox >
										<VBox width="6%" renderType="Bare" alignItems="Center" justifyContent="Start">
											<core:Icon src="sap-icon://circle-task-2" class="wbProcessFlowBarAuditIcon"></core:Icon>
											<VBox class="wbProcessFlowBarAudit"
												visible="{parts: ['oProcessFlowModel>auditId ','oProcessFlowModel>/lastActivityId'] ,formatter: 'oneapp.incture.processFlow.processFlow.util.formatter.wbSetProcessFlowAuditConnectingBar'}"></VBox>
										</VBox>
										<VBox class="sapUiSmallMarginBottom" width="92%">
											<Text
												text="{path:'oProcessFlowModel>updatedAtString', formatter:'oneapp.incture.processFlow.processFlow.util.formatter.wbDateFormatter'}"
												class="wbProcessFlowAuditTime"/>
											<Text
												text="{parts: ['oProcessFlowModel>action','oProcessFlowModel>userName','oProcessFlowModel>sendToUserName'],formatter: 'oneapp.incture.processFlow.processFlow.util.formatter.wbProcessFlowAuditMsg'}"
												class="wbProcessStoryAuditValue" maxLines="3"/>
											<Text
												text="{parts: ['oProcessFlowModel>action','oProcessFlowModel>comment'],formatter: 'oneapp.incture.processFlow.processFlow.util.formatter.wbProcessFlowAuditComment'}"
												 tooltip="{oProcessFlowModel>comment}"
												visible="{= ${oProcessFlowModel>comment} !== null &amp;&amp; ${oProcessFlowModel>comment} !== 'undefined'}" class="wbProcessStoryAuditValue"/>
										</VBox>
									</HBox>
								</VBox>
							</VBox>
						</VBox>
					</HBox>
				</VBox>
                
    </HBox>

    
    

</core:FragmentDefinition>