{
    "resources": [
        {
            "name": "../fragments/ExtendBuisnessPartner.fragment.xml"
        },
        {
            "name": "../Component.js"
        },
        {
            "name": "../manifest.json"
        },
        {
            "name": "../util/formatter.js"
        },
        {
            "name": "../model/models.js"
        },
        {
            "name": "../controller/ResubmitDetail.controller.js"
        },
        {
            "name": "../controller/ResubmitCR.controller.js"
        },
        {
            "name": "../controller/POC.controller.js"
        },
        {
            "name": "../controller/MaintenanceAdmin.controller.js"
        },
        {
            "name": "../controller/LocalDocAdmin.controller.js"
        },
        {
            "name": "../controller/LaunchCC.controller.js"
        },
        {
            "name": "../controller/Home.controller.js"
        },
        {
            "name": "../controller/GBSDetail.controller.js"
        },
        {
            "name": "../controller/BPExtend.controller.js"
        },
        {
            "name": "../controller/App.controller.js"
        },
        {
            "name": "../ExtensionControl/ExtComboBox.js"
        },
        {
            "name": "../model/StaticData.json"
        },
        {
            "name": "../manifest-bundle.zip"
        },
        {
            "name": "../Component-preload.js",
            "merged": true
        },
        {
            "name": "../util/formatter-dbg.js",
            "isDebug": true
        },
        {
            "name": "../model/models-dbg.js",
            "isDebug": true
        },
        {
            "name": "../controller/ResubmitDetail-dbg.controller.js",
            "isDebug": true
        },
        {
            "name": "../controller/ResubmitCR-dbg.controller.js",
            "isDebug": true
        },
        {
            "name": "../controller/POC-dbg.controller.js",
            "isDebug": true
        },
        {
            "name": "../controller/MaintenanceAdmin-dbg.controller.js",
            "isDebug": true
        },
        {
            "name": "../controller/LocalDocAdmin-dbg.controller.js",
            "isDebug": true
        },
        {
            "name": "../controller/LaunchCC-dbg.controller.js",
            "isDebug": true
        },
        {
            "name": "../controller/Home-dbg.controller.js",
            "isDebug": true
        },
        {
            "name": "../controller/GBSDetail-dbg.controller.js",
            "isDebug": true
        },
        {
            "name": "../controller/BPExtend-dbg.controller.js",
            "isDebug": true
        },
        {
            "name": "../controller/App-dbg.controller.js",
            "isDebug": true
        },
        {
            "name": "../ExtensionControl/ExtComboBox-dbg.js",
            "isDebug": true
        },
        {
            "name": "../Component-dbg.js",
            "isDebug": true
        },
        {
            "name": "../../sap-ui-version.json"
        },
        {
            "name": "../view/ResubmitDetail.view.xml"
        },
        {
            "name": "../view/ResubmitCR.view.xml"
        },
        {
            "name": "../view/POC.view.xml"
        },
        {
            "name": "../view/MaintenanceAdmin.view.xml"
        },
        {
            "name": "../view/LocalDocAdmin.view.xml"
        },
        {
            "name": "../view/LegalApprove.view.xml"
        },
        {
            "name": "../view/LaunchCC.view.xml"
        },
        {
            "name": "../view/Home.view.xml"
        },
        {
            "name": "../view/GBSDetail.view.xml"
        },
        {
            "name": "../view/EulaReject.view.xml"
        },
        {
            "name": "../view/BPExtend.view.xml"
        },
        {
            "name": "../view/App.view.xml"
        },
        {
            "name": "../util/ServiceObjCss.css"
        },
        {
            "name": "../fragments/service.fragment.html"
        },
        {
            "name": "../fragments/personalizationFilter.fragment.xml"
        },
        {
            "name": "../fragments/Sorter.fragment.xml"
        },
        {
            "name": "../fragments/PartnerDetail.fragment.xml"
        },
        {
            "name": "../fragments/ExtendBuisnessPartnerApprove.fragment.xml"
        },
        {
            "name": "../i18n/i18n.properties",
            "raw": "i18n/i18n.properties"
        },
        {
            "name": "../fragments/DraftSuccess.fragment.xml"
        },
        {
            "name": "../fragments/Draft.fragment.xml"
        },
        {
            "name": "../fragments/CreateSuccessGBS.fragment.xml"
        },
        {
            "name": "../fragments/CreateSuccess.fragment.xml"
        },
        {
            "name": "../fragments/CreateBuisnessPartner.fragment.xml"
        },
        {
            "name": "../fragments/AdvancedSearch.fragment.xml"
        },
        {
            "name": "../css/style.css"
        },
        {
            "name": "../index.html"
        }
    ]
}