{
    "AccGrpLp": [
        "ZVEN",
        "Z004",
        "Z006"
    ],
    "FlagLp": [
        "",
        "X"
    ],
    "GBSRegion": [
        "AME",
        "ASI",
        "EUR"
    ],
    "ChangeType": [
        "NEW",
        "REWORK",
        "CHANGE",
        "MASS CHANGE",
        "EXTEND",
        "BANK CHANGE"
    ],
    "Priority": [
        "Default",
        "Urgent"
    ],
    "InstructionKey": [{
        "code":"13",
        "description":"Charges borne by Supplier"
    },{
        "code":"14",
        "description":"Charges shared between Jabil and Supplier"
    },{
        "code":"15",
        "description":"Charges borne by Jabil"
    },{
        "code":"NA",
        "description":"Not Applicable"
    }
 
    ],
    "wuxi": [
        {
            "plant": "CN30",
            "materialGroup": "Metal"
        },
        {
            "plant": "CN30",
            "materialGroup": "Plastic"
        },
        {
            "plant": "CN30",
            "materialGroup": "EPZ"
        },
        {
            "plant": "CN81",
            "materialGroup": "Stamping"
        }
    ]
}