{
  "controller/App.controller.js": 1642410366780,
  "Component.js": 1641886231263,
  "util/formatter.js": 1641900475697,
  "model/models.js": 1641886231279,
  "controller/PreviewForm.controller.js": 1641904457847,
  "controller/Home.controller.js": 1642410484372,
  "i18n/i18n.properties": 1642495419855,
  "ExtensionControl/ExtComboBox.js": 1641895085475,
  "manifest.json": 1642667876786,
  "manifest-bundle.zip": 1642667876312,
  "Component-preload.js": 1642667876682,
  "Component-dbg.js": 1641886231263,
  "model/models-dbg.js": 1641886231279,
  "controller/PreviewForm-dbg.controller.js": 1641904457847,
  "controller/Home-dbg.controller.js": 1642410484372,
  "controller/App-dbg.controller.js": 1642410366780,
  "ExtensionControl/ExtComboBox-dbg.js": 1641895085475,
  "util/formatter-dbg.js": 1641900475697,
  "view/PreviewForm.view.xml": 1641903783555,
  "view/Home.view.xml": 1642410234655,
  "view/App.view.xml": 1641895762831,
  "fragment/Sorter.fragment.xml": 1641895362031,
  "css/style.css": 1641901499732,
  "index.html": 1641886954074
}