{
  "Component-dbg.js": 1646651957398,
  "ExtensionControl/ExtComboBox.js": 1646651957398,
  "util/formatter.js": 1646651957398,
  "model/models.js": 1646651957398,
  "controller/PreviewForm.controller.js": 1646651957398,
  "controller/Home.controller.js": 1646651957398,
  "controller/App.controller.js": 1646651957398,
  "manifest.json": 1647511110944,
  "Component.js": 1646651957398,
  "manifest-bundle.zip": 1647511110445,
  "Component-preload.js": 1647511110829,
  "util/formatter-dbg.js": 1646651957398,
  "model/models-dbg.js": 1646651957398,
  "controller/PreviewForm-dbg.controller.js": 1646651957398,
  "controller/Home-dbg.controller.js": 1646651957398,
  "controller/App-dbg.controller.js": 1646651957398,
  "ExtensionControl/ExtComboBox-dbg.js": 1646651957398,
  "i18n/i18n.properties": 1646651957398,
  "view/PreviewForm.view.xml": 1646651957398,
  "view/Home.view.xml": 1646651957398,
  "view/App.view.xml": 1646651957398,
  "fragment/Sorter.fragment.xml": 1646651957398,
  "css/style.css": 1646651957398,
  "index.html": 1646651957398
}