{
  "controller/Home.controller.js": 1641898134886,
  "util/formatter.js": 1641895505447,
  "manifest.json": 1641898578501,
  "model/models.js": 1641886231279,
  "i18n/i18n.properties": 1641895170343,
  "controller/App.controller.js": 1641895818007,
  "ExtensionControl/ExtComboBox.js": 1641895085475,
  "Component.js": 1641886231263,
  "manifest-bundle.zip": 1641898577995,
  "Component-preload.js": 1641898578383,
  "controller/App-dbg.controller.js": 1641895818007,
  "model/models-dbg.js": 1641886231279,
  "controller/Home-dbg.controller.js": 1641898134886,
  "util/formatter-dbg.js": 1641895505447,
  "ExtensionControl/ExtComboBox-dbg.js": 1641895085475,
  "Component-dbg.js": 1641886231263,
  "view/Home.view.xml": 1641896597210,
  "view/App.view.xml": 1641895762831,
  "fragment/Sorter.fragment.xml": 1641895362031,
  "css/style.css": 1641895196475,
  "index.html": 1641886954074
}