{
  "controller/App-dbg.controller.js": 1650957391738,
  "controller/Home.controller.js": 1650957391738,
  "util/formatter.js": 1650957391738,
  "model/models.js": 1650957391738,
  "controller/PreviewForm.controller.js": 1650957391738,
  "manifest.json": 1653655861886,
  "controller/App.controller.js": 1650957391738,
  "ExtensionControl/ExtComboBox.js": 1650957391738,
  "Component.js": 1650957391738,
  "manifest-bundle.zip": 1653655861401,
  "Component-preload.js": 1653655861770,
  "controller/PreviewForm-dbg.controller.js": 1650957391738,
  "model/models-dbg.js": 1650957391738,
  "ExtensionControl/ExtComboBox-dbg.js": 1650957391738,
  "util/formatter-dbg.js": 1650957391738,
  "controller/Home-dbg.controller.js": 1650957391738,
  "i18n/i18n.properties": 1650957391738,
  "Component-dbg.js": 1650957391738,
  "view/PreviewForm.view.xml": 1650957391738,
  "view/Home.view.xml": 1650957391738,
  "view/App.view.xml": 1650957391738,
  "fragment/Sorter.fragment.xml": 1650957391738,
  "css/style.css": 1650957391738,
  "index.html": 1650957391738
}