{
  "controller/PreviewForm.controller.js": 1641924258000,
  "ExtensionControl/ExtComboBox.js": 1641914886000,
  "util/formatter.js": 1641920276000,
  "model/models.js": 1641906032000,
  "i18n/i18n.properties": 1642515220000,
  "controller/Home.controller.js": 1642430284000,
  "controller/App.controller.js": 1642430166000,
  "manifest.json": 1646827221010,
  "Component.js": 1641906032000,
  "manifest-bundle.zip": 1646827220531,
  "Component-preload.js": 1646827220894,
  "model/models-dbg.js": 1641906032000,
  "util/formatter-dbg.js": 1641920276000,
  "controller/PreviewForm-dbg.controller.js": 1641924258000,
  "controller/Home-dbg.controller.js": 1642430284000,
  "controller/App-dbg.controller.js": 1642430166000,
  "ExtensionControl/ExtComboBox-dbg.js": 1641914886000,
  "Component-dbg.js": 1641906032000,
  "view/PreviewForm.view.xml": 1641923584000,
  "view/Home.view.xml": 1642430034000,
  "view/App.view.xml": 1641915562000,
  "fragment/Sorter.fragment.xml": 1641915162000,
  "css/style.css": 1641921300000,
  "index.html": 1641906754000
}