{
  "model/models.js": 1649332563704,
  "ExtensionControl/ExtComboBox.js": 1649332563704,
  "util/formatter.js": 1649332563708,
  "i18n/i18n.properties": 1649332563704,
  "controller/PreviewForm.controller.js": 1649332563704,
  "controller/Home.controller.js": 1649332563704,
  "controller/App.controller.js": 1649332563704,
  "manifest.json": 1650365215470,
  "Component.js": 1649332563704,
  "manifest-bundle.zip": 1650365215012,
  "Component-preload.js": 1650365215375,
  "util/formatter-dbg.js": 1649332563708,
  "model/models-dbg.js": 1649332563704,
  "controller/PreviewForm-dbg.controller.js": 1649332563704,
  "controller/Home-dbg.controller.js": 1649332563704,
  "controller/App-dbg.controller.js": 1649332563704,
  "ExtensionControl/ExtComboBox-dbg.js": 1649332563704,
  "Component-dbg.js": 1649332563704,
  "view/PreviewForm.view.xml": 1649332563708,
  "view/Home.view.xml": 1649332563708,
  "view/App.view.xml": 1649332563708,
  "fragment/Sorter.fragment.xml": 1649332563704,
  "css/style.css": 1649332563704,
  "index.html": 1649332563704
}