{
  "Component-dbg.js": 1641886231263,
  "Component.js": 1641886231263,
  "utils/locate-reuse-libs.js": 1641886231275,
  "model/models.js": 1641886231279,
  "controller/View1.controller.js": 1641886231283,
  "manifest.json": 1641888273734,
  "manifest-bundle.zip": 1641888273378,
  "Component-preload.js": 1641888273648,
  "model/models-dbg.js": 1641886231279,
  "utils/locate-reuse-libs-dbg.js": 1641886231275,
  "controller/View1-dbg.controller.js": 1641886231283,
  "i18n/i18n.properties": 1641886969786,
  "view/View1.view.xml": 1641886231283,
  "css/style.css": 1641886231275,
  "index.html": 1641886954074
}