{
  "controller/App-dbg.controller.js": 1641895818007,
  "manifest.json": 1641985699961,
  "util/formatter.js": 1641900475697,
  "model/models.js": 1641886231279,
  "controller/PreviewForm.controller.js": 1641904457847,
  "controller/Home.controller.js": 1641970741427,
  "controller/App.controller.js": 1641895818007,
  "ExtensionControl/ExtComboBox.js": 1641895085475,
  "Component.js": 1641886231263,
  "manifest-bundle.zip": 1641985699528,
  "Component-preload.js": 1641985699859,
  "model/models-dbg.js": 1641886231279,
  "util/formatter-dbg.js": 1641900475697,
  "controller/PreviewForm-dbg.controller.js": 1641904457847,
  "controller/Home-dbg.controller.js": 1641970741427,
  "i18n/i18n.properties": 1641900470129,
  "ExtensionControl/ExtComboBox-dbg.js": 1641895085475,
  "Component-dbg.js": 1641886231263,
  "view/PreviewForm.view.xml": 1641903783555,
  "view/Home.view.xml": 1641970154042,
  "view/App.view.xml": 1641895762831,
  "fragment/Sorter.fragment.xml": 1641895362031,
  "css/style.css": 1641901499732,
  "index.html": 1641886954074
}