{
  "fragment/Sorter.fragment.xml": 1649317830999,
  "Component.js": 1649317830995,
  "util/formatter.js": 1649317830999,
  "model/models.js": 1649317830999,
  "controller/PreviewForm.controller.js": 1649317830999,
  "controller/Home.controller.js": 1649317830999,
  "controller/App.controller.js": 1649317830999,
  "ExtensionControl/ExtComboBox.js": 1649317830995,
  "manifest.json": 1650451389748,
  "manifest-bundle.zip": 1650451389304,
  "Component-preload.js": 1650451389643,
  "controller/PreviewForm-dbg.controller.js": 1649317830999,
  "model/models-dbg.js": 1649317830999,
  "util/formatter-dbg.js": 1649317830999,
  "controller/Home-dbg.controller.js": 1649317830999,
  "controller/App-dbg.controller.js": 1649317830999,
  "ExtensionControl/ExtComboBox-dbg.js": 1649317830995,
  "Component-dbg.js": 1649317830995,
  "view/PreviewForm.view.xml": 1649317830999,
  "view/Home.view.xml": 1649317830999,
  "view/App.view.xml": 1649317830999,
  "i18n/i18n.properties": 1649317830999,
  "css/style.css": 1649317830999,
  "index.html": 1649317830999
}