{
  "view/App.view.xml": 1645622515851,
  "ExtensionControl/ExtComboBox.js": 1645622515847,
  "util/formatter.js": 1645622515851,
  "model/models.js": 1645622515851,
  "controller/PreviewForm.controller.js": 1645622515847,
  "controller/Home.controller.js": 1645622515847,
  "controller/App.controller.js": 1645622515847,
  "manifest.json": 1645785258322,
  "Component.js": 1645622515847,
  "manifest-bundle.zip": 1645785257895,
  "Component-preload.js": 1645785258221,
  "controller/PreviewForm-dbg.controller.js": 1645622515847,
  "model/models-dbg.js": 1645622515851,
  "util/formatter-dbg.js": 1645622515851,
  "controller/Home-dbg.controller.js": 1645622515847,
  "controller/App-dbg.controller.js": 1645622515847,
  "ExtensionControl/ExtComboBox-dbg.js": 1645622515847,
  "Component-dbg.js": 1645622515847,
  "view/PreviewForm.view.xml": 1645622515851,
  "view/Home.view.xml": 1645622515851,
  "i18n/i18n.properties": 1645622515847,
  "fragment/Sorter.fragment.xml": 1645622515847,
  "css/style.css": 1645622515847,
  "index.html": 1645622515847
}