{
  "ExtensionControl/ExtComboBox.js": 1641909022843,
  "util/formatter.js": 1641909022847,
  "manifest.json": 1643282528889,
  "model/models.js": 1641892249307,
  "controller/PreviewForm.controller.js": 1641909022843,
  "controller/Home.controller.js": 1642497294496,
  "controller/App.controller.js": 1642497294496,
  "i18n/i18n.properties": 1642571930158,
  "Component.js": 1641892249307,
  "manifest-bundle.zip": 1643282528328,
  "Component-preload.js": 1643282528750,
  "Component-dbg.js": 1641892249307,
  "model/models-dbg.js": 1641892249307,
  "controller/PreviewForm-dbg.controller.js": 1641909022843,
  "controller/Home-dbg.controller.js": 1642497294496,
  "controller/App-dbg.controller.js": 1642497294496,
  "ExtensionControl/ExtComboBox-dbg.js": 1641909022843,
  "util/formatter-dbg.js": 1641909022847,
  "view/PreviewForm.view.xml": 1641909022847,
  "view/Home.view.xml": 1642497294496,
  "view/App.view.xml": 1641909022847,
  "fragment/Sorter.fragment.xml": 1641909022843,
  "css/style.css": 1641909022843,
  "index.html": 1641892249307
}