{
  "manifest-bundle.zip": 1641892468374,
  "model/models.js": 1641892249307,
  "utils/locate-reuse-libs.js": 1641892249311,
  "manifest.json": 1641892468647,
  "controller/View1.controller.js": 1641892249307,
  "Component.js": 1641892249307,
  "i18n/i18n.properties": 1641892249307,
  "Component-preload.js": 1641892468584,
  "Component-dbg.js": 1641892249307,
  "model/models-dbg.js": 1641892249307,
  "controller/View1-dbg.controller.js": 1641892249307,
  "utils/locate-reuse-libs-dbg.js": 1641892249311,
  "view/View1.view.xml": 1641892249311,
  "css/style.css": 1641892249307,
  "index.html": 1641892249307
}