{
    "welcomeFile": "/index.html",
    "authenticationMethod": "route",
    "logout": {
        "logoutEndpoint": "/do/logout"
    },
    "routes": [
        {
            "source": "^/plcm_portal_services/(.*)$",
            "target": "$1",
            "authenticationType": "xsuaa",
            "destination": "plcm_portal_services",
            "csrfProtection": false
        },
        {
            "source": "^/plcm_reference_data/(.*)$",
            "target": "$1",
            "authenticationType": "xsuaa",
            "destination": "plcm_reference_data",
            "csrfProtection": false
        },
      
        {
            "source": "^(.*)$",
            "target": "$1",
            "service": "html5-apps-repo-rt",
            "authenticationType": "xsuaa"
        }
    ]
}