{
  "css/style.css": 1632822280226,
  "controller/LaunchCC.controller.js": 1638441524453,
  "manifest.json": 1638530360395,
  "util/formatter.js": 1632822280226,
  "model/models.js": 1632822280226,
  "controller/ResubmitDetail.controller.js": 1638170279509,
  "controller/ResubmitCR.controller.js": 1632822280226,
  "controller/POC.controller.js": 1632822280226,
  "controller/LocalDocAdmin.controller.js": 1638441524457,
  "model/StaticData.json": 1632822280226,
  "controller/Home.controller.js": 1638441524453,
  "controller/GBSDetail.controller.js": 1632822280226,
  "controller/BPExtend.controller.js": 1632822280222,
  "controller/App.controller.js": 1632822280222,
  "Component.js": 1632822280222,
  "manifest-bundle.zip": 1638530359080,
  "Component-preload.js": 1638530360110,
  "Component-dbg.js": 1632822280222,
  "model/models-dbg.js": 1632822280226,
  "controller/ResubmitDetail-dbg.controller.js": 1638170279509,
  "controller/ResubmitCR-dbg.controller.js": 1632822280226,
  "controller/POC-dbg.controller.js": 1632822280226,
  "controller/LocalDocAdmin-dbg.controller.js": 1638441524457,
  "controller/LaunchCC-dbg.controller.js": 1638441524453,
  "controller/Home-dbg.controller.js": 1638441524453,
  "controller/GBSDetail-dbg.controller.js": 1632822280226,
  "controller/BPExtend-dbg.controller.js": 1632822280222,
  "controller/App-dbg.controller.js": 1632822280222,
  "util/formatter-dbg.js": 1632822280226,
  "InboxDetail/resources.json": 1638530360400,
  "view/ResubmitDetail.view.xml": 1638170293141,
  "view/ResubmitCR.view.xml": 1632822280226,
  "view/POC.view.xml": 1632822280226,
  "view/LocalDocAdmin.view.xml": 1638443963611,
  "view/LegalApprove.view.xml": 1632822280226,
  "view/LaunchCC.view.xml": 1638443963611,
  "view/Home.view.xml": 1638441524461,
  "view/GBSDetail.view.xml": 1632822280226,
  "view/EulaReject.view.xml": 1632822280226,
  "view/BPExtend.view.xml": 1632822280226,
  "view/App.view.xml": 1632822280226,
  "util/ServiceObjCss.css": 1632822280226,
  "fragments/service.fragment.html": 1632822280226,
  "fragments/personalizationFilter.fragment.xml": 1632822280226,
  "fragments/Sorter.fragment.xml": 1632822280226,
  "fragments/PartnerDetail.fragment.xml": 1632822280226,
  "fragments/ExtendBuisnessPartnerApprove.fragment.xml": 1632822280226,
  "fragments/ExtendBuisnessPartner.fragment.xml": 1632822280226,
  "fragments/DraftSuccess.fragment.xml": 1636367887420,
  "fragments/Draft.fragment.xml": 1632822280226,
  "fragments/CreateSuccessGBS.fragment.xml": 1632822280226,
  "fragments/CreateSuccess.fragment.xml": 1632822280226,
  "fragments/CreateBuisnessPartner.fragment.xml": 1632822280226,
  "fragments/AdvancedSearch.fragment.xml": 1632822280226,
  "i18n/i18n.properties": 1638441524457,
  "index.html": 1632822280226
}