{
  "fragments/CreateSuccessGBS.fragment.xml": 1632822280226,
  "controller/GBSDetail.controller.js": 1632822280226,
  "manifest.json": 1640176317956,
  "util/formatter.js": 1632822280226,
  "model/models.js": 1632822280226,
  "controller/ResubmitDetail.controller.js": 1638866661582,
  "controller/ResubmitCR.controller.js": 1632822280226,
  "controller/POC.controller.js": 1632822280226,
  "controller/MaintenanceAdmin.controller.js": 1640176213827,
  "controller/LocalDocAdmin.controller.js": 1639474328910,
  "controller/LaunchCC.controller.js": 1639377252005,
  "controller/Home.controller.js": 1640176213823,
  "model/StaticData.json": 1632822280226,
  "controller/BPExtend.controller.js": 1632822280222,
  "controller/App.controller.js": 1632822280222,
  "ExtensionControl/ExtComboBox.js": 1639377252005,
  "Component.js": 1632822280222,
  "manifest-bundle.zip": 1640176316467,
  "Component-preload.js": 1640176317614,
  "controller/POC-dbg.controller.js": 1632822280226,
  "model/models-dbg.js": 1632822280226,
  "controller/ResubmitDetail-dbg.controller.js": 1638866661582,
  "controller/ResubmitCR-dbg.controller.js": 1632822280226,
  "util/formatter-dbg.js": 1632822280226,
  "controller/MaintenanceAdmin-dbg.controller.js": 1640176213827,
  "controller/LocalDocAdmin-dbg.controller.js": 1639474328910,
  "controller/LaunchCC-dbg.controller.js": 1639377252005,
  "controller/Home-dbg.controller.js": 1640176213823,
  "controller/GBSDetail-dbg.controller.js": 1632822280226,
  "controller/BPExtend-dbg.controller.js": 1632822280222,
  "controller/App-dbg.controller.js": 1632822280222,
  "ExtensionControl/ExtComboBox-dbg.js": 1639377252005,
  "Component-dbg.js": 1632822280222,
  "InboxDetail/resources.json": 1640176317961,
  "view/ResubmitDetail.view.xml": 1639239991816,
  "view/ResubmitCR.view.xml": 1639240015216,
  "view/POC.view.xml": 1632822280226,
  "view/MaintenanceAdmin.view.xml": 1640176213835,
  "view/LocalDocAdmin.view.xml": 1639473245861,
  "view/LegalApprove.view.xml": 1632822280226,
  "view/LaunchCC.view.xml": 1639377252005,
  "view/Home.view.xml": 1640176213831,
  "view/GBSDetail.view.xml": 1632822280226,
  "view/EulaReject.view.xml": 1632822280226,
  "view/BPExtend.view.xml": 1632822280226,
  "view/App.view.xml": 1632822280226,
  "util/ServiceObjCss.css": 1632822280226,
  "fragments/service.fragment.html": 1632822280226,
  "fragments/personalizationFilter.fragment.xml": 1632822280226,
  "fragments/Sorter.fragment.xml": 1632822280226,
  "fragments/PartnerDetail.fragment.xml": 1632822280226,
  "fragments/ExtendBuisnessPartnerApprove.fragment.xml": 1632822280226,
  "fragments/ExtendBuisnessPartner.fragment.xml": 1632822280226,
  "fragments/DraftSuccess.fragment.xml": 1636367887420,
  "fragments/Draft.fragment.xml": 1632822280226,
  "i18n/i18n.properties": 1640176213827,
  "fragments/CreateSuccess.fragment.xml": 1632822280226,
  "fragments/CreateBuisnessPartner.fragment.xml": 1632822280226,
  "fragments/AdvancedSearch.fragment.xml": 1632822280226,
  "css/style.css": 1639239727130,
  "index.html": 1632822280226
}