{
  "fragments/Sorter.fragment.xml": 1649332607266,
  "controller/App.controller.js": 1649332607266,
  "manifest.json": 1650284836233,
  "util/formatter.js": 1649332607266,
  "model/models.js": 1649332607266,
  "controller/ResubmitDetail.controller.js": 1649332563700,
  "controller/ResubmitCR.controller.js": 1649332607266,
  "controller/POC.controller.js": 1649332607266,
  "controller/MaintenanceAdmin.controller.js": 1649332563700,
  "controller/LocalDocAdmin.controller.js": 1649332607266,
  "controller/LaunchCC.controller.js": 1650281031947,
  "controller/Home.controller.js": 1649332563700,
  "controller/GBSDetail.controller.js": 1649332607266,
  "controller/BPExtend.controller.js": 1649332607266,
  "model/StaticData.json": 1649332607266,
  "ExtensionControl/ExtMComboBox.js": 1649332607266,
  "ExtensionControl/ExtComboBox.js": 1649332563700,
  "Component.js": 1649332607266,
  "manifest-bundle.zip": 1650284834851,
  "Component-preload.js": 1650284835912,
  "ExtensionControl/ExtMComboBox-dbg.js": 1649332607266,
  "model/models-dbg.js": 1649332607266,
  "controller/ResubmitDetail-dbg.controller.js": 1649332563700,
  "controller/ResubmitCR-dbg.controller.js": 1649332607266,
  "controller/POC-dbg.controller.js": 1649332607266,
  "controller/MaintenanceAdmin-dbg.controller.js": 1649332563700,
  "controller/LocalDocAdmin-dbg.controller.js": 1649332607266,
  "controller/LaunchCC-dbg.controller.js": 1650281031947,
  "controller/Home-dbg.controller.js": 1649332563700,
  "controller/GBSDetail-dbg.controller.js": 1649332607266,
  "controller/BPExtend-dbg.controller.js": 1649332607266,
  "controller/App-dbg.controller.js": 1649332607266,
  "util/formatter-dbg.js": 1649332607266,
  "ExtensionControl/ExtComboBox-dbg.js": 1649332563700,
  "Component-dbg.js": 1649332607266,
  "InboxDetail/resources.json": 1650284836241,
  "view/ResubmitDetail.view.xml": 1649332563704,
  "view/ResubmitCR.view.xml": 1649332563704,
  "view/POC.view.xml": 1649332607270,
  "view/MaintenanceAdmin.view.xml": 1649332563704,
  "view/LocalDocAdmin.view.xml": 1649332607270,
  "view/LegalApprove.view.xml": 1649332607270,
  "view/LaunchCC.view.xml": 1650281031947,
  "view/Home.view.xml": 1649332563700,
  "view/GBSDetail.view.xml": 1649332607270,
  "view/EulaReject.view.xml": 1649332607266,
  "view/BPExtend.view.xml": 1649332607266,
  "view/App.view.xml": 1649332607266,
  "util/ServiceObjCss.css": 1649332607266,
  "fragments/service.fragment.html": 1649332607266,
  "fragments/personalizationFilter.fragment.xml": 1649332607266,
  "i18n/i18n.properties": 1650271610223,
  "fragments/PaymentMethodList.fragment.xml": 1650271610223,
  "fragments/PartnerDetail.fragment.xml": 1649332607266,
  "fragments/ExtendBuisnessPartnerApprove.fragment.xml": 1649332607266,
  "fragments/ExtendBuisnessPartner.fragment.xml": 1649332607266,
  "fragments/DraftSuccess.fragment.xml": 1649332607266,
  "fragments/Draft.fragment.xml": 1649332607266,
  "fragments/CreateSuccessGBS.fragment.xml": 1649332607266,
  "fragments/CreateSuccess.fragment.xml": 1649332607266,
  "fragments/CreateBuisnessPartner.fragment.xml": 1649332607266,
  "fragments/AdvancedSearch.fragment.xml": 1649332607266,
  "css/style.css": 1650271610223,
  "index.html": 1649332607266
}