{
  "Component.js": 1646652008876,
  "controller/BPExtend.controller.js": 1646652008876,
  "manifest.json": 1648193277735,
  "util/formatter.js": 1647862014465,
  "model/models.js": 1646652008876,
  "controller/ResubmitDetail.controller.js": 1646651957394,
  "controller/ResubmitCR.controller.js": 1646652008876,
  "controller/POC.controller.js": 1646652008876,
  "controller/MaintenanceAdmin.controller.js": 1646651957390,
  "controller/LocalDocAdmin.controller.js": 1646651957390,
  "controller/LaunchCC.controller.js": 1647862014465,
  "controller/Home.controller.js": 1646651957390,
  "controller/GBSDetail.controller.js": 1646652008876,
  "model/StaticData.json": 1646652008876,
  "controller/App.controller.js": 1646652008876,
  "ExtensionControl/ExtMComboBox.js": 1647431156219,
  "ExtensionControl/ExtComboBox.js": 1646651957390,
  "i18n/i18n.properties": 1647431156219,
  "manifest-bundle.zip": 1648193276262,
  "Component-preload.js": 1648193277426,
  "controller/GBSDetail-dbg.controller.js": 1646652008876,
  "model/models-dbg.js": 1646652008876,
  "controller/ResubmitDetail-dbg.controller.js": 1646651957394,
  "controller/ResubmitCR-dbg.controller.js": 1646652008876,
  "controller/POC-dbg.controller.js": 1646652008876,
  "controller/MaintenanceAdmin-dbg.controller.js": 1646651957390,
  "controller/LocalDocAdmin-dbg.controller.js": 1646651957390,
  "controller/LaunchCC-dbg.controller.js": 1647862014465,
  "controller/Home-dbg.controller.js": 1646651957390,
  "util/formatter-dbg.js": 1647862014465,
  "controller/BPExtend-dbg.controller.js": 1646652008876,
  "controller/App-dbg.controller.js": 1646652008876,
  "ExtensionControl/ExtMComboBox-dbg.js": 1647431156219,
  "ExtensionControl/ExtComboBox-dbg.js": 1646651957390,
  "Component-dbg.js": 1646652008876,
  "InboxDetail/resources.json": 1648193277740,
  "view/ResubmitDetail.view.xml": 1646651957394,
  "view/ResubmitCR.view.xml": 1646651957394,
  "view/POC.view.xml": 1646652008880,
  "view/MaintenanceAdmin.view.xml": 1646651957394,
  "view/LocalDocAdmin.view.xml": 1646651957394,
  "view/LegalApprove.view.xml": 1646652008880,
  "view/LaunchCC.view.xml": 1647862014465,
  "view/Home.view.xml": 1646651957394,
  "view/GBSDetail.view.xml": 1646652008880,
  "view/EulaReject.view.xml": 1646652008880,
  "view/BPExtend.view.xml": 1646652008880,
  "view/App.view.xml": 1646652008880,
  "util/ServiceObjCss.css": 1646652008876,
  "fragments/service.fragment.html": 1646652008876,
  "fragments/personalizationFilter.fragment.xml": 1646652008876,
  "fragments/Sorter.fragment.xml": 1646652008876,
  "fragments/PartnerDetail.fragment.xml": 1646652008876,
  "fragments/ExtendBuisnessPartnerApprove.fragment.xml": 1646652008876,
  "fragments/ExtendBuisnessPartner.fragment.xml": 1646652008876,
  "fragments/DraftSuccess.fragment.xml": 1646652008876,
  "fragments/Draft.fragment.xml": 1646652008876,
  "fragments/CreateSuccessGBS.fragment.xml": 1646652008876,
  "fragments/CreateSuccess.fragment.xml": 1646652008876,
  "fragments/CreateBuisnessPartner.fragment.xml": 1646652008876,
  "fragments/AdvancedSearch.fragment.xml": 1646652008876,
  "css/style.css": 1646651957394,
  "index.html": 1646652008876
}