{
  "controller/GBSDetail.controller.js": 1632717370000,
  "i18n/i18n.properties": 1639064486661,
  "manifest.json": 1639142081568,
  "util/formatter.js": 1632717370000,
  "model/models.js": 1632717370000,
  "controller/ResubmitDetail.controller.js": 1638871029679,
  "controller/ResubmitCR.controller.js": 1632717370000,
  "controller/POC.controller.js": 1632717370000,
  "controller/LocalDocAdmin.controller.js": 1639129955219,
  "controller/LaunchCC.controller.js": 1638355914401,
  "controller/Home.controller.js": 1638355914401,
  "model/StaticData.json": 1632717370000,
  "controller/BPExtend.controller.js": 1632717370000,
  "controller/App.controller.js": 1632717370000,
  "Component.js": 1632717370000,
  "manifest-bundle.zip": 1639142080096,
  "Component-preload.js": 1639142081274,
  "controller/LaunchCC-dbg.controller.js": 1638355914401,
  "model/models-dbg.js": 1632717370000,
  "controller/ResubmitDetail-dbg.controller.js": 1638871029679,
  "controller/ResubmitCR-dbg.controller.js": 1632717370000,
  "controller/POC-dbg.controller.js": 1632717370000,
  "controller/LocalDocAdmin-dbg.controller.js": 1639129955219,
  "util/formatter-dbg.js": 1632717370000,
  "controller/Home-dbg.controller.js": 1638355914401,
  "controller/GBSDetail-dbg.controller.js": 1632717370000,
  "controller/BPExtend-dbg.controller.js": 1632717370000,
  "controller/App-dbg.controller.js": 1632717370000,
  "Component-dbg.js": 1632717370000,
  "InboxDetail/resources.json": 1639142081577,
  "view/ResubmitDetail.view.xml": 1638866047095,
  "view/ResubmitCR.view.xml": 1632717370000,
  "view/POC.view.xml": 1632717370000,
  "view/LocalDocAdmin.view.xml": 1639129955219,
  "view/LegalApprove.view.xml": 1632717370000,
  "view/LaunchCC.view.xml": 1638545588997,
  "view/Home.view.xml": 1638355914405,
  "view/GBSDetail.view.xml": 1632717370000,
  "view/EulaReject.view.xml": 1632717370000,
  "view/BPExtend.view.xml": 1632717370000,
  "view/App.view.xml": 1632717370000,
  "util/ServiceObjCss.css": 1632717370000,
  "fragments/service.fragment.html": 1632717370000,
  "fragments/personalizationFilter.fragment.xml": 1632717370000,
  "fragments/Sorter.fragment.xml": 1632717370000,
  "fragments/PartnerDetail.fragment.xml": 1632717370000,
  "fragments/ExtendBuisnessPartnerApprove.fragment.xml": 1632717370000,
  "fragments/ExtendBuisnessPartner.fragment.xml": 1632717370000,
  "fragments/DraftSuccess.fragment.xml": 1632717370000,
  "fragments/Draft.fragment.xml": 1632717370000,
  "fragments/CreateSuccessGBS.fragment.xml": 1632717370000,
  "fragments/CreateSuccess.fragment.xml": 1632717370000,
  "fragments/CreateBuisnessPartner.fragment.xml": 1632717370000,
  "fragments/AdvancedSearch.fragment.xml": 1632717370000,
  "css/style.css": 1632717370000,
  "index.html": 1632717370000
}