{
  "controller/Home.controller.js": 1640196014000,
  "controller/App.controller.js": 1632842080000,
  "manifest.json": 1647942867245,
  "util/formatter.js": 1647860893249,
  "model/models.js": 1632842080000,
  "controller/ResubmitDetail.controller.js": 1638886462000,
  "controller/ResubmitCR.controller.js": 1632842080000,
  "controller/POC.controller.js": 1632842080000,
  "controller/MaintenanceAdmin.controller.js": 1641327726000,
  "controller/LocalDocAdmin.controller.js": 1639494128000,
  "controller/LaunchCC.controller.js": 1647859945976,
  "i18n/i18n.properties": 1647423338027,
  "controller/GBSDetail.controller.js": 1632842080000,
  "controller/BPExtend.controller.js": 1647419730151,
  "model/StaticData.json": 1632842080000,
  "ExtensionControl/ExtMComboBox.js": 1647419276907,
  "ExtensionControl/ExtComboBox.js": 1639397052000,
  "Component.js": 1632842080000,
  "manifest-bundle.zip": 1647942865753,
  "Component-preload.js": 1647942866943,
  "ExtensionControl/ExtComboBox-dbg.js": 1639397052000,
  "model/models-dbg.js": 1632842080000,
  "controller/ResubmitDetail-dbg.controller.js": 1638886462000,
  "controller/ResubmitCR-dbg.controller.js": 1632842080000,
  "controller/POC-dbg.controller.js": 1632842080000,
  "controller/MaintenanceAdmin-dbg.controller.js": 1641327726000,
  "controller/LocalDocAdmin-dbg.controller.js": 1639494128000,
  "controller/LaunchCC-dbg.controller.js": 1647859945976,
  "controller/Home-dbg.controller.js": 1640196014000,
  "controller/GBSDetail-dbg.controller.js": 1632842080000,
  "controller/BPExtend-dbg.controller.js": 1647419730151,
  "controller/App-dbg.controller.js": 1632842080000,
  "ExtensionControl/ExtMComboBox-dbg.js": 1647419276907,
  "util/formatter-dbg.js": 1647860893249,
  "Component-dbg.js": 1632842080000,
  "InboxDetail/resources.json": 1647942867254,
  "view/ResubmitDetail.view.xml": 1639259792000,
  "view/ResubmitCR.view.xml": 1639259816000,
  "view/POC.view.xml": 1632842080000,
  "view/MaintenanceAdmin.view.xml": 1641326378000,
  "view/LocalDocAdmin.view.xml": 1639493046000,
  "view/LegalApprove.view.xml": 1632842080000,
  "view/LaunchCC.view.xml": 1647860703380,
  "view/Home.view.xml": 1640196014000,
  "view/GBSDetail.view.xml": 1632842080000,
  "view/EulaReject.view.xml": 1632842080000,
  "view/BPExtend.view.xml": 1632842080000,
  "view/App.view.xml": 1632842080000,
  "util/ServiceObjCss.css": 1632842080000,
  "fragments/service.fragment.html": 1632842080000,
  "fragments/personalizationFilter.fragment.xml": 1632842080000,
  "fragments/Sorter.fragment.xml": 1632842080000,
  "fragments/PartnerDetail.fragment.xml": 1632842080000,
  "fragments/ExtendBuisnessPartnerApprove.fragment.xml": 1632842080000,
  "fragments/ExtendBuisnessPartner.fragment.xml": 1632842080000,
  "fragments/DraftSuccess.fragment.xml": 1636387688000,
  "fragments/Draft.fragment.xml": 1632842080000,
  "fragments/CreateSuccessGBS.fragment.xml": 1632842080000,
  "fragments/CreateSuccess.fragment.xml": 1632842080000,
  "fragments/CreateBuisnessPartner.fragment.xml": 1632842080000,
  "fragments/AdvancedSearch.fragment.xml": 1632842080000,
  "css/style.css": 1639259528000,
  "index.html": 1632842080000
}