{
  "i18n/i18n.properties": 1640257474715,
  "Component.js": 1632717370000,
  "manifest.json": 1640673121716,
  "util/formatter.js": 1632717370000,
  "model/models.js": 1632717370000,
  "controller/ResubmitDetail.controller.js": 1638871029679,
  "controller/ResubmitCR.controller.js": 1632717370000,
  "controller/POC.controller.js": 1632717370000,
  "controller/MaintenanceAdmin.controller.js": 1640257474715,
  "controller/LocalDocAdmin.controller.js": 1639490265262,
  "controller/LaunchCC.controller.js": 1639464738614,
  "controller/Home.controller.js": 1640169550309,
  "controller/GBSDetail.controller.js": 1632717370000,
  "controller/BPExtend.controller.js": 1632717370000,
  "controller/App.controller.js": 1632717370000,
  "ExtensionControl/ExtComboBox.js": 1639464738614,
  "model/StaticData.json": 1632717370000,
  "manifest-bundle.zip": 1640673120083,
  "Component-preload.js": 1640673121373,
  "util/formatter-dbg.js": 1632717370000,
  "model/models-dbg.js": 1632717370000,
  "controller/ResubmitDetail-dbg.controller.js": 1638871029679,
  "controller/ResubmitCR-dbg.controller.js": 1632717370000,
  "controller/POC-dbg.controller.js": 1632717370000,
  "controller/MaintenanceAdmin-dbg.controller.js": 1640257474715,
  "controller/LocalDocAdmin-dbg.controller.js": 1639490265262,
  "controller/LaunchCC-dbg.controller.js": 1639464738614,
  "controller/Home-dbg.controller.js": 1640169550309,
  "controller/GBSDetail-dbg.controller.js": 1632717370000,
  "controller/BPExtend-dbg.controller.js": 1632717370000,
  "controller/App-dbg.controller.js": 1632717370000,
  "ExtensionControl/ExtComboBox-dbg.js": 1639464738614,
  "Component-dbg.js": 1632717370000,
  "InboxDetail/resources.json": 1640673121721,
  "view/ResubmitDetail.view.xml": 1639464738614,
  "view/ResubmitCR.view.xml": 1639464738614,
  "view/POC.view.xml": 1632717370000,
  "view/MaintenanceAdmin.view.xml": 1640257474715,
  "view/LocalDocAdmin.view.xml": 1639464738614,
  "view/LegalApprove.view.xml": 1632717370000,
  "view/LaunchCC.view.xml": 1639464738614,
  "view/Home.view.xml": 1640169550309,
  "view/GBSDetail.view.xml": 1632717370000,
  "view/EulaReject.view.xml": 1632717370000,
  "view/BPExtend.view.xml": 1632717370000,
  "view/App.view.xml": 1632717370000,
  "util/ServiceObjCss.css": 1632717370000,
  "fragments/service.fragment.html": 1632717370000,
  "fragments/personalizationFilter.fragment.xml": 1632717370000,
  "fragments/Sorter.fragment.xml": 1632717370000,
  "fragments/PartnerDetail.fragment.xml": 1632717370000,
  "fragments/ExtendBuisnessPartnerApprove.fragment.xml": 1632717370000,
  "fragments/ExtendBuisnessPartner.fragment.xml": 1632717370000,
  "fragments/DraftSuccess.fragment.xml": 1632717370000,
  "fragments/Draft.fragment.xml": 1632717370000,
  "fragments/CreateSuccessGBS.fragment.xml": 1632717370000,
  "fragments/CreateSuccess.fragment.xml": 1632717370000,
  "fragments/CreateBuisnessPartner.fragment.xml": 1632717370000,
  "fragments/AdvancedSearch.fragment.xml": 1632717370000,
  "css/style.css": 1639464738614,
  "index.html": 1632717370000
}