{
  "controller/GBSDetail-dbg.controller.js": 1632822280000,
  "model/StaticData.json": 1632822280000,
  "manifest.json": 1646377581616,
  "util/formatter.js": 1632822280000,
  "model/models.js": 1632822280000,
  "controller/ResubmitDetail.controller.js": 1638866661000,
  "controller/ResubmitCR.controller.js": 1632822280000,
  "controller/POC.controller.js": 1632822280000,
  "controller/MaintenanceAdmin.controller.js": 1641307925000,
  "controller/LocalDocAdmin.controller.js": 1639474328000,
  "controller/LaunchCC.controller.js": 1639377252000,
  "controller/Home.controller.js": 1640176213000,
  "controller/GBSDetail.controller.js": 1632822280000,
  "controller/BPExtend.controller.js": 1632822280000,
  "controller/App.controller.js": 1632822280000,
  "ExtensionControl/ExtComboBox.js": 1639377252000,
  "Component.js": 1632822280000,
  "manifest-bundle.zip": 1646377579649,
  "Component-preload.js": 1646377581183,
  "controller/POC-dbg.controller.js": 1632822280000,
  "model/models-dbg.js": 1632822280000,
  "controller/ResubmitDetail-dbg.controller.js": 1638866661000,
  "controller/ResubmitCR-dbg.controller.js": 1632822280000,
  "util/formatter-dbg.js": 1632822280000,
  "controller/MaintenanceAdmin-dbg.controller.js": 1641307925000,
  "controller/LocalDocAdmin-dbg.controller.js": 1639474328000,
  "controller/LaunchCC-dbg.controller.js": 1639377252000,
  "controller/Home-dbg.controller.js": 1640176213000,
  "i18n/i18n.properties": 1640247337000,
  "controller/BPExtend-dbg.controller.js": 1632822280000,
  "controller/App-dbg.controller.js": 1632822280000,
  "ExtensionControl/ExtComboBox-dbg.js": 1639377252000,
  "Component-dbg.js": 1632822280000,
  "InboxDetail/resources.json": 1646377581628,
  "view/ResubmitDetail.view.xml": 1639239991000,
  "view/ResubmitCR.view.xml": 1639240015000,
  "view/POC.view.xml": 1632822280000,
  "view/MaintenanceAdmin.view.xml": 1641306578000,
  "view/LocalDocAdmin.view.xml": 1639473245000,
  "view/LegalApprove.view.xml": 1632822280000,
  "view/LaunchCC.view.xml": 1639377252000,
  "view/Home.view.xml": 1640176213000,
  "view/GBSDetail.view.xml": 1632822280000,
  "view/EulaReject.view.xml": 1632822280000,
  "view/BPExtend.view.xml": 1632822280000,
  "view/App.view.xml": 1632822280000,
  "util/ServiceObjCss.css": 1632822280000,
  "fragments/service.fragment.html": 1632822280000,
  "fragments/personalizationFilter.fragment.xml": 1632822280000,
  "fragments/Sorter.fragment.xml": 1632822280000,
  "fragments/PartnerDetail.fragment.xml": 1632822280000,
  "fragments/ExtendBuisnessPartnerApprove.fragment.xml": 1632822280000,
  "fragments/ExtendBuisnessPartner.fragment.xml": 1632822280000,
  "fragments/DraftSuccess.fragment.xml": 1636367887000,
  "fragments/Draft.fragment.xml": 1632822280000,
  "fragments/CreateSuccessGBS.fragment.xml": 1632822280000,
  "fragments/CreateSuccess.fragment.xml": 1632822280000,
  "fragments/CreateBuisnessPartner.fragment.xml": 1632822280000,
  "fragments/AdvancedSearch.fragment.xml": 1632822280000,
  "css/style.css": 1639239727000,
  "index.html": 1632822280000
}