{
  "controller/ResubmitDetail-dbg.controller.js": 1638884838060,
  "controller/LocalDocAdmin.controller.js": 1639047125765,
  "manifest.json": 1639061478622,
  "util/formatter.js": 1634882534020,
  "model/models.js": 1634882534016,
  "controller/ResubmitDetail.controller.js": 1638884838060,
  "controller/ResubmitCR.controller.js": 1634882534016,
  "controller/POC.controller.js": 1634882534016,
  "model/StaticData.json": 1634882534016,
  "controller/LaunchCC.controller.js": 1638353118748,
  "controller/Home.controller.js": 1638351625853,
  "controller/GBSDetail.controller.js": 1634882534016,
  "controller/BPExtend.controller.js": 1634882534016,
  "controller/App.controller.js": 1634882534016,
  "Component.js": 1634882534016,
  "manifest-bundle.zip": 1639061475333,
  "Component-preload.js": 1639061477775,
  "Component-dbg.js": 1634882534016,
  "model/models-dbg.js": 1634882534016,
  "i18n/i18n.properties": 1639038642442,
  "controller/ResubmitCR-dbg.controller.js": 1634882534016,
  "controller/POC-dbg.controller.js": 1634882534016,
  "controller/LocalDocAdmin-dbg.controller.js": 1639047125765,
  "controller/LaunchCC-dbg.controller.js": 1638353118748,
  "controller/Home-dbg.controller.js": 1638351625853,
  "controller/GBSDetail-dbg.controller.js": 1634882534016,
  "controller/BPExtend-dbg.controller.js": 1634882534016,
  "controller/App-dbg.controller.js": 1634882534016,
  "util/formatter-dbg.js": 1634882534020,
  "InboxDetail/resources.json": 1639061478643,
  "view/ResubmitDetail.view.xml": 1638860438979,
  "view/ResubmitCR.view.xml": 1634882534020,
  "view/POC.view.xml": 1634882534020,
  "view/LocalDocAdmin.view.xml": 1639047165969,
  "view/LegalApprove.view.xml": 1634882534020,
  "view/LaunchCC.view.xml": 1638442623282,
  "view/Home.view.xml": 1638351636081,
  "view/GBSDetail.view.xml": 1634882534020,
  "view/EulaReject.view.xml": 1634882534020,
  "view/BPExtend.view.xml": 1634882534020,
  "view/App.view.xml": 1634882534020,
  "util/ServiceObjCss.css": 1634882534020,
  "fragments/service.fragment.html": 1634882534016,
  "fragments/personalizationFilter.fragment.xml": 1634882534016,
  "fragments/Sorter.fragment.xml": 1634882534016,
  "fragments/PartnerDetail.fragment.xml": 1634882534016,
  "fragments/ExtendBuisnessPartnerApprove.fragment.xml": 1634882534016,
  "fragments/ExtendBuisnessPartner.fragment.xml": 1634882534016,
  "fragments/DraftSuccess.fragment.xml": 1634882534016,
  "fragments/Draft.fragment.xml": 1634882534016,
  "fragments/CreateSuccessGBS.fragment.xml": 1634882534016,
  "fragments/CreateSuccess.fragment.xml": 1634882534016,
  "fragments/CreateBuisnessPartner.fragment.xml": 1634882534016,
  "fragments/AdvancedSearch.fragment.xml": 1634882534016,
  "css/style.css": 1634882534016,
  "index.html": 1634882534016
}