{
  "index.html": 1634882534016,
  "controller/LaunchCC.controller.js": 1639139886322,
  "manifest.json": 1642414940384,
  "util/formatter.js": 1634882534020,
  "model/models.js": 1634882534016,
  "controller/ResubmitDetail.controller.js": 1638884838060,
  "controller/ResubmitCR.controller.js": 1634882534016,
  "controller/POC.controller.js": 1634882534016,
  "controller/MaintenanceAdmin.controller.js": 1640257627190,
  "controller/LocalDocAdmin.controller.js": 1639566598369,
  "model/StaticData.json": 1634882534016,
  "controller/Home.controller.js": 1640156595374,
  "controller/GBSDetail.controller.js": 1634882534016,
  "controller/BPExtend.controller.js": 1634882534016,
  "controller/App.controller.js": 1634882534016,
  "ExtensionControl/ExtComboBox.js": 1639137081836,
  "Component.js": 1634882534016,
  "manifest-bundle.zip": 1642414939062,
  "Component-preload.js": 1642414940101,
  "controller/POC-dbg.controller.js": 1634882534016,
  "model/models-dbg.js": 1634882534016,
  "controller/ResubmitDetail-dbg.controller.js": 1638884838060,
  "controller/ResubmitCR-dbg.controller.js": 1634882534016,
  "util/formatter-dbg.js": 1634882534020,
  "controller/MaintenanceAdmin-dbg.controller.js": 1640257627190,
  "controller/LocalDocAdmin-dbg.controller.js": 1639566598369,
  "controller/LaunchCC-dbg.controller.js": 1639139886322,
  "controller/Home-dbg.controller.js": 1640156595374,
  "controller/GBSDetail-dbg.controller.js": 1634882534016,
  "controller/BPExtend-dbg.controller.js": 1634882534016,
  "controller/App-dbg.controller.js": 1634882534016,
  "ExtensionControl/ExtComboBox-dbg.js": 1639137081836,
  "Component-dbg.js": 1634882534016,
  "InboxDetail/resources.json": 1642414940392,
  "view/ResubmitDetail.view.xml": 1639376733752,
  "view/ResubmitCR.view.xml": 1639376733752,
  "view/POC.view.xml": 1634882534020,
  "view/MaintenanceAdmin.view.xml": 1640167794893,
  "view/LocalDocAdmin.view.xml": 1639376733912,
  "view/LegalApprove.view.xml": 1634882534020,
  "view/LaunchCC.view.xml": 1639376733912,
  "view/Home.view.xml": 1640165611333,
  "view/GBSDetail.view.xml": 1634882534020,
  "view/EulaReject.view.xml": 1634882534020,
  "view/BPExtend.view.xml": 1634882534020,
  "view/App.view.xml": 1634882534020,
  "util/ServiceObjCss.css": 1634882534020,
  "fragments/service.fragment.html": 1634882534016,
  "fragments/personalizationFilter.fragment.xml": 1634882534016,
  "fragments/Sorter.fragment.xml": 1634882534016,
  "fragments/PartnerDetail.fragment.xml": 1634882534016,
  "fragments/ExtendBuisnessPartnerApprove.fragment.xml": 1634882534016,
  "fragments/ExtendBuisnessPartner.fragment.xml": 1634882534016,
  "fragments/DraftSuccess.fragment.xml": 1634882534016,
  "fragments/Draft.fragment.xml": 1634882534016,
  "fragments/CreateSuccessGBS.fragment.xml": 1634882534016,
  "fragments/CreateSuccess.fragment.xml": 1634882534016,
  "fragments/CreateBuisnessPartner.fragment.xml": 1634882534016,
  "fragments/AdvancedSearch.fragment.xml": 1634882534016,
  "css/style.css": 1639376733752,
  "i18n/i18n.properties": 1640178404834
}