{
  "view/ResubmitDetail.view.xml": 1638170293141,
  "controller/BPExtend.controller.js": 1632822280222,
  "manifest.json": 1638351254913,
  "util/formatter.js": 1632822280226,
  "model/models.js": 1632822280226,
  "controller/ResubmitDetail.controller.js": 1638170279509,
  "controller/ResubmitCR.controller.js": 1632822280226,
  "controller/POC.controller.js": 1632822280226,
  "controller/LaunchCC.controller.js": 1638185858876,
  "controller/Home.controller.js": 1637121836325,
  "controller/GBSDetail.controller.js": 1632822280226,
  "model/StaticData.json": 1632822280226,
  "controller/App.controller.js": 1632822280222,
  "Component.js": 1632822280222,
  "manifest-bundle.zip": 1638351253783,
  "Component-preload.js": 1638351254663,
  "controller/Home-dbg.controller.js": 1637121836325,
  "model/models-dbg.js": 1632822280226,
  "controller/ResubmitDetail-dbg.controller.js": 1638170279509,
  "controller/ResubmitCR-dbg.controller.js": 1632822280226,
  "controller/POC-dbg.controller.js": 1632822280226,
  "controller/LaunchCC-dbg.controller.js": 1638185858876,
  "util/formatter-dbg.js": 1632822280226,
  "controller/GBSDetail-dbg.controller.js": 1632822280226,
  "controller/BPExtend-dbg.controller.js": 1632822280222,
  "controller/App-dbg.controller.js": 1632822280222,
  "Component-dbg.js": 1632822280222,
  "InboxDetail/resources.json": 1638351254918,
  "i18n/i18n.properties": 1637925703965,
  "view/ResubmitCR.view.xml": 1632822280226,
  "view/POC.view.xml": 1632822280226,
  "view/LegalApprove.view.xml": 1632822280226,
  "view/LaunchCC.view.xml": 1638185858880,
  "view/Home.view.xml": 1636358995267,
  "view/GBSDetail.view.xml": 1632822280226,
  "view/EulaReject.view.xml": 1632822280226,
  "view/BPExtend.view.xml": 1632822280226,
  "view/App.view.xml": 1632822280226,
  "util/ServiceObjCss.css": 1632822280226,
  "fragments/service.fragment.html": 1632822280226,
  "fragments/personalizationFilter.fragment.xml": 1632822280226,
  "fragments/Sorter.fragment.xml": 1632822280226,
  "fragments/PartnerDetail.fragment.xml": 1632822280226,
  "fragments/ExtendBuisnessPartnerApprove.fragment.xml": 1632822280226,
  "fragments/ExtendBuisnessPartner.fragment.xml": 1632822280226,
  "fragments/DraftSuccess.fragment.xml": 1636367887420,
  "fragments/Draft.fragment.xml": 1632822280226,
  "fragments/CreateSuccessGBS.fragment.xml": 1632822280226,
  "fragments/CreateSuccess.fragment.xml": 1632822280226,
  "fragments/CreateBuisnessPartner.fragment.xml": 1632822280226,
  "fragments/AdvancedSearch.fragment.xml": 1632822280226,
  "css/style.css": 1632822280226,
  "index.html": 1632822280226
}