{
  "fragments/CreateSuccessGBS.fragment.xml": 1634882534016,
  "controller/Home.controller.js": 1638351625853,
  "manifest.json": 1638355865202,
  "util/formatter.js": 1634882534020,
  "model/models.js": 1634882534016,
  "controller/ResubmitDetail.controller.js": 1638178827200,
  "controller/ResubmitCR.controller.js": 1634882534016,
  "controller/POC.controller.js": 1634882534016,
  "controller/LocalDocAdmin.controller.js": 1638351870066,
  "controller/LaunchCC.controller.js": 1638353118748,
  "model/StaticData.json": 1634882534016,
  "controller/GBSDetail.controller.js": 1634882534016,
  "controller/BPExtend.controller.js": 1634882534016,
  "controller/App.controller.js": 1634882534016,
  "Component.js": 1634882534016,
  "manifest-bundle.zip": 1638355863809,
  "Component-preload.js": 1638355864881,
  "controller/POC-dbg.controller.js": 1634882534016,
  "model/models-dbg.js": 1634882534016,
  "controller/ResubmitDetail-dbg.controller.js": 1638178827200,
  "controller/ResubmitCR-dbg.controller.js": 1634882534016,
  "util/formatter-dbg.js": 1634882534020,
  "controller/LocalDocAdmin-dbg.controller.js": 1638351870066,
  "controller/LaunchCC-dbg.controller.js": 1638353118748,
  "controller/Home-dbg.controller.js": 1638351625853,
  "controller/GBSDetail-dbg.controller.js": 1634882534016,
  "controller/BPExtend-dbg.controller.js": 1634882534016,
  "controller/App-dbg.controller.js": 1634882534016,
  "Component-dbg.js": 1634882534016,
  "InboxDetail/resources.json": 1638355865207,
  "view/ResubmitDetail.view.xml": 1638178827200,
  "view/ResubmitCR.view.xml": 1634882534020,
  "view/POC.view.xml": 1634882534020,
  "view/LocalDocAdmin.view.xml": 1638349711836,
  "view/LegalApprove.view.xml": 1634882534020,
  "view/LaunchCC.view.xml": 1638352943627,
  "view/Home.view.xml": 1638351636081,
  "view/GBSDetail.view.xml": 1634882534020,
  "view/EulaReject.view.xml": 1634882534020,
  "view/BPExtend.view.xml": 1634882534020,
  "view/App.view.xml": 1634882534020,
  "util/ServiceObjCss.css": 1634882534020,
  "css/style.css": 1634882534016,
  "fragments/service.fragment.html": 1634882534016,
  "fragments/personalizationFilter.fragment.xml": 1634882534016,
  "fragments/Sorter.fragment.xml": 1634882534016,
  "fragments/PartnerDetail.fragment.xml": 1634882534016,
  "fragments/ExtendBuisnessPartnerApprove.fragment.xml": 1634882534016,
  "fragments/ExtendBuisnessPartner.fragment.xml": 1634882534016,
  "fragments/DraftSuccess.fragment.xml": 1634882534016,
  "fragments/Draft.fragment.xml": 1634882534016,
  "i18n/i18n.properties": 1638349021136,
  "fragments/CreateSuccess.fragment.xml": 1634882534016,
  "fragments/CreateBuisnessPartner.fragment.xml": 1634882534016,
  "fragments/AdvancedSearch.fragment.xml": 1634882534016,
  "index.html": 1634882534016
}