{
  "InboxDetail/resources.json": 1649852760171,
  "controller/BPExtend.controller.js": 1649321013798,
  "manifest.json": 1649852760161,
  "util/formatter.js": 1649321013826,
  "model/models.js": 1649321013826,
  "controller/ResubmitDetail.controller.js": 1649317830991,
  "controller/ResubmitCR.controller.js": 1649321013810,
  "controller/POC.controller.js": 1649321013810,
  "controller/MaintenanceAdmin.controller.js": 1649317830991,
  "controller/LocalDocAdmin.controller.js": 1649321013810,
  "controller/LaunchCC.controller.js": 1649849507244,
  "controller/Home.controller.js": 1649317830987,
  "controller/GBSDetail.controller.js": 1649321013798,
  "model/StaticData.json": 1649321013826,
  "controller/App.controller.js": 1649321013798,
  "ExtensionControl/ExtMComboBox.js": 1649321013798,
  "ExtensionControl/ExtComboBox.js": 1649317830987,
  "Component.js": 1649321013798,
  "manifest-bundle.zip": 1649852758900,
  "Component-preload.js": 1649852759891,
  "controller/MaintenanceAdmin-dbg.controller.js": 1649317830991,
  "model/models-dbg.js": 1649321013826,
  "controller/ResubmitDetail-dbg.controller.js": 1649317830991,
  "controller/ResubmitCR-dbg.controller.js": 1649321013810,
  "controller/POC-dbg.controller.js": 1649321013810,
  "util/formatter-dbg.js": 1649321013826,
  "controller/LocalDocAdmin-dbg.controller.js": 1649321013810,
  "controller/LaunchCC-dbg.controller.js": 1649849507244,
  "controller/Home-dbg.controller.js": 1649317830987,
  "controller/GBSDetail-dbg.controller.js": 1649321013798,
  "controller/BPExtend-dbg.controller.js": 1649321013798,
  "controller/App-dbg.controller.js": 1649321013798,
  "ExtensionControl/ExtMComboBox-dbg.js": 1649321013798,
  "ExtensionControl/ExtComboBox-dbg.js": 1649317830987,
  "Component-dbg.js": 1649321013798,
  "i18n/i18n.properties": 1649410515813,
  "view/ResubmitDetail.view.xml": 1649317830991,
  "view/ResubmitCR.view.xml": 1649317830991,
  "view/POC.view.xml": 1649321013834,
  "view/MaintenanceAdmin.view.xml": 1649317830991,
  "view/LocalDocAdmin.view.xml": 1649321013834,
  "view/LegalApprove.view.xml": 1649321013830,
  "view/LaunchCC.view.xml": 1649842397201,
  "view/Home.view.xml": 1649317830991,
  "view/GBSDetail.view.xml": 1649321013826,
  "view/EulaReject.view.xml": 1649321013826,
  "view/BPExtend.view.xml": 1649321013826,
  "view/App.view.xml": 1649321013826,
  "util/ServiceObjCss.css": 1649321013826,
  "fragments/service.fragment.html": 1649321013810,
  "fragments/personalizationFilter.fragment.xml": 1649321013810,
  "fragments/Sorter.fragment.xml": 1649321013810,
  "fragments/PaymentMethodList.fragment.xml": 1649848915650,
  "fragments/PartnerDetail.fragment.xml": 1649321013810,
  "fragments/ExtendBuisnessPartnerApprove.fragment.xml": 1649321013810,
  "fragments/ExtendBuisnessPartner.fragment.xml": 1649321013810,
  "fragments/DraftSuccess.fragment.xml": 1649321013810,
  "fragments/Draft.fragment.xml": 1649321013810,
  "fragments/CreateSuccessGBS.fragment.xml": 1649321013810,
  "fragments/CreateSuccess.fragment.xml": 1649321013810,
  "fragments/CreateBuisnessPartner.fragment.xml": 1649321013810,
  "fragments/AdvancedSearch.fragment.xml": 1649321013810,
  "css/style.css": 1649847868504,
  "index.html": 1649321013826
}