{
    "resources": [
        {
            "name": "controller/Reviewer.controller.js"
        },
        {
            "name": "controller/LegalApprove.controller.js"
        },
        {
            "name": "model/attachmentData.json"
        },
        {
            "name": "model/StaticData.json"
        },
        {
            "name": "manifest.json"
        },
        {
            "name": "util/formatter.js"
        },
        {
            "name": "util/ServiceObj.js"
        },
        {
            "name": "model/models.js"
        },
        {
            "name": "controller/VendorRequest.controller.js"
        },
        {
            "name": "i18n/i18n.properties",
            "raw": "i18n/i18n.properties"
        },
        {
            "name": "model/visibility.json"
        },
        {
            "name": "controller/GBSDetail.controller.js"
        },
        {
            "name": "controller/ExceptionFlow.controller.js"
        },
        {
            "name": "controller/EulaReject.controller.js"
        },
        {
            "name": "controller/BuyerRem.controller.js"
        },
        {
            "name": "controller/BPExtend.controller.js"
        },
        {
            "name": "controller/BPCreate.controller.js"
        },
        {
            "name": "controller/App.controller.js"
        },
        {
            "name": "Component.js"
        },
        {
            "name": "manifest-bundle.zip"
        },
        {
            "name": "Component-preload.js",
            "merged": true
        },
        {
            "name": "controller/ExceptionFlow-dbg.controller.js",
            "isDebug": true
        },
        {
            "name": "util/ServiceObj-dbg.js",
            "isDebug": true
        },
        {
            "name": "model/models-dbg.js",
            "isDebug": true
        },
        {
            "name": "controller/VendorRequest-dbg.controller.js",
            "isDebug": true
        },
        {
            "name": "controller/Reviewer-dbg.controller.js",
            "isDebug": true
        },
        {
            "name": "controller/LegalApprove-dbg.controller.js",
            "isDebug": true
        },
        {
            "name": "controller/GBSDetail-dbg.controller.js",
            "isDebug": true
        },
        {
            "name": "util/formatter-dbg.js",
            "isDebug": true
        },
        {
            "name": "controller/EulaReject-dbg.controller.js",
            "isDebug": true
        },
        {
            "name": "controller/BuyerRem-dbg.controller.js",
            "isDebug": true
        },
        {
            "name": "controller/BPExtend-dbg.controller.js",
            "isDebug": true
        },
        {
            "name": "controller/BPCreate-dbg.controller.js",
            "isDebug": true
        },
        {
            "name": "controller/App-dbg.controller.js",
            "isDebug": true
        },
        {
            "name": "Component-dbg.js",
            "isDebug": true
        },
        {
            "name": "../../sap-ui-version.json"
        },
        {
            "name": "view/VendorRequest.view.xml"
        },
        {
            "name": "view/Reviewer.view.xml"
        },
        {
            "name": "view/LegalApprove.view.xml"
        },
        {
            "name": "view/GBSDetail.view.xml"
        },
        {
            "name": "view/ExceptionFlow.view.xml"
        },
        {
            "name": "view/EulaReject.view.xml"
        },
        {
            "name": "view/BuyerRem.view.xml"
        },
        {
            "name": "view/BPExtend.view.xml"
        },
        {
            "name": "view/BPCreate.view.xml"
        },
        {
            "name": "view/App.view.xml"
        },
        {
            "name": "util/ServiceObj.css"
        },
        {
            "name": "fragments/personalizationFilter.fragment.xml"
        },
        {
            "name": "fragments/bankInfo.fragment.xml"
        },
        {
            "name": "fragments/ValidateResult.fragment.xml"
        },
        {
            "name": "fragments/Sorter.fragment.xml"
        },
        {
            "name": "fragments/PartnerDetail.fragment.xml"
        },
        {
            "name": "fragments/ExtendBuisnessPartner.fragment.xml"
        },
        {
            "name": "fragments/DraftSuccess.fragment.xml"
        },
        {
            "name": "fragments/CreateSuccessGBS.fragment.xml"
        },
        {
            "name": "fragments/CreateSuccess.fragment.xml"
        },
        {
            "name": "fragments/CreateBuisnessPartner.fragment.xml"
        },
        {
            "name": "fragments/BuyerAttachment.fragment.xml"
        },
        {
            "name": "fragments/ApproverComments.fragment.xml"
        },
        {
            "name": "fragments/AdvancedSearch.fragment.xml"
        },
        {
            "name": "css/style.css"
        },
        {
            "name": "Image/Success.svg"
        },
        {
            "name": "index.html"
        }
    ]
}