{
  "util/formatter.js": 1647609688616,
  "controller/GBSDetail.controller.js": 1646652008856,
  "model/attachmentData.json": 1646651957382,
  "model/StaticData.json": 1646651957382,
  "manifest.json": 1647943752063,
  "i18n/i18n.properties": 1647603749907,
  "util/ServiceObj.js": 1646652008864,
  "controller/VendorRequest.controller.js": 1646651957378,
  "controller/Reviewer.controller.js": 1647594325898,
  "controller/LegalApprove.controller.js": 1647594325894,
  "model/visibility.json": 1646652008864,
  "controller/ExceptionFlow.controller.js": 1647594325894,
  "controller/EulaReject.controller.js": 1646652008852,
  "controller/BuyerRem.controller.js": 1646651957374,
  "controller/BPExtend.controller.js": 1647518988692,
  "controller/BPCreate.controller.js": 1647933155809,
  "controller/App.controller.js": 1646651957366,
  "model/models.js": 1646652008864,
  "ExtensionControl/ExtComboBox.js": 1646651957362,
  "Component.js": 1646652008844,
  "manifest-bundle.zip": 1647943747133,
  "Component-preload.js": 1647943750387,
  "controller/GBSDetail-dbg.controller.js": 1646652008856,
  "util/ServiceObj-dbg.js": 1646652008864,
  "model/models-dbg.js": 1646652008864,
  "ExtensionControl/ExtComboBox-dbg.js": 1646651957362,
  "controller/VendorRequest-dbg.controller.js": 1646651957378,
  "controller/Reviewer-dbg.controller.js": 1647594325898,
  "controller/LegalApprove-dbg.controller.js": 1647594325894,
  "util/formatter-dbg.js": 1647609688616,
  "controller/ExceptionFlow-dbg.controller.js": 1647594325894,
  "controller/EulaReject-dbg.controller.js": 1646652008852,
  "controller/BuyerRem-dbg.controller.js": 1646651957374,
  "controller/BPExtend-dbg.controller.js": 1647518988692,
  "controller/BPCreate-dbg.controller.js": 1647933155809,
  "controller/App-dbg.controller.js": 1646651957366,
  "Component-dbg.js": 1646652008844,
  "resources.json": 1647943752069,
  "view/VendorRequest.view.xml": 1647605341169,
  "view/Reviewer.view.xml": 1647943535703,
  "view/LegalApprove.view.xml": 1647341552380,
  "view/GBSDetail.view.xml": 1646652008868,
  "view/ExceptionFlow.view.xml": 1647943629616,
  "view/EulaReject.view.xml": 1646652008868,
  "view/BuyerRem.view.xml": 1646651957386,
  "view/BPExtend.view.xml": 1647416158063,
  "view/BPCreate.view.xml": 1646651957386,
  "view/App.view.xml": 1646652008864,
  "util/ServiceObj.css": 1646652008864,
  "fragments/personalizationFilter.fragment.xml": 1646652008860,
  "fragments/bankInfo.fragment.xml": 1646734998634,
  "fragments/ValidateResult.fragment.xml": 1646652008860,
  "fragments/Sorter.fragment.xml": 1646652008860,
  "fragments/SMETabView.fragment.xml": 1646651957382,
  "fragments/SMEList.fragment.xml": 1646651957382,
  "fragments/PartnerDetail.fragment.xml": 1646652008860,
  "fragments/MitigationReason.fragment.xml": 1646651957382,
  "fragments/ExtendBuisnessPartner.fragment.xml": 1647518988692,
  "fragments/DraftSuccess.fragment.xml": 1646652008860,
  "fragments/CreateSuccessGBS.fragment.xml": 1646652008860,
  "fragments/CreateSuccessDraft.fragment.xml": 1646651957382,
  "fragments/CreateSuccess.fragment.xml": 1646652008860,
  "fragments/CreateBuisnessPartner.fragment.xml": 1647341552380,
  "fragments/BuyerAttachment.fragment.xml": 1646652008860,
  "fragments/ApproverComments.fragment.xml": 1646651957378,
  "fragments/AdvancedSearch.fragment.xml": 1646652008860,
  "css/style.css": 1646651957378,
  "Image/Success.svg": 1646652008844,
  "index.html": 1646652008864
}