{
  "fragments/CreateBuisnessPartner.fragment.xml": 1637054497156,
  "util/formatter.js": 1632822280218,
  "model/attachmentData.json": 1632822280218,
  "model/StaticData.json": 1632822280218,
  "manifest.json": 1637078595489,
  "model/visibility.json": 1632822280218,
  "util/ServiceObj.js": 1632822280218,
  "model/models.js": 1632822280218,
  "controller/VendorRequest.controller.js": 1635331302525,
  "controller/Reviewer.controller.js": 1636528393008,
  "controller/LegalApprove.controller.js": 1637078456490,
  "controller/GBSDetail.controller.js": 1632822280214,
  "controller/ExceptionFlow.controller.js": 1637057338272,
  "controller/EulaReject.controller.js": 1632822280210,
  "controller/BuyerRem.controller.js": 1636528431336,
  "controller/BPExtend.controller.js": 1636448162504,
  "controller/BPCreate.controller.js": 1636521563957,
  "controller/App.controller.js": 1636444958603,
  "Component.js": 1632822280210,
  "manifest-bundle.zip": 1637078592456,
  "Component-preload.js": 1637078594572,
  "util/ServiceObj-dbg.js": 1632822280218,
  "util/formatter-dbg.js": 1632822280218,
  "model/models-dbg.js": 1632822280218,
  "controller/VendorRequest-dbg.controller.js": 1635331302525,
  "controller/Reviewer-dbg.controller.js": 1636528393008,
  "controller/LegalApprove-dbg.controller.js": 1637078456490,
  "controller/GBSDetail-dbg.controller.js": 1632822280214,
  "controller/ExceptionFlow-dbg.controller.js": 1637057338272,
  "controller/EulaReject-dbg.controller.js": 1632822280210,
  "controller/BuyerRem-dbg.controller.js": 1636528431336,
  "controller/BPExtend-dbg.controller.js": 1636448162504,
  "controller/BPCreate-dbg.controller.js": 1636521563957,
  "controller/App-dbg.controller.js": 1636444958603,
  "Component-dbg.js": 1632822280210,
  "resources.json": 1637078595502,
  "view/VendorRequest.view.xml": 1636528314592,
  "view/Reviewer.view.xml": 1636620049460,
  "view/LegalApprove.view.xml": 1636528306576,
  "view/GBSDetail.view.xml": 1632822280218,
  "view/ExceptionFlow.view.xml": 1637055701554,
  "view/EulaReject.view.xml": 1632822280218,
  "view/BuyerRem.view.xml": 1636528335188,
  "view/BPExtend.view.xml": 1635131578621,
  "view/BPCreate.view.xml": 1635131585461,
  "view/App.view.xml": 1632822280218,
  "util/ServiceObj.css": 1632822280218,
  "fragments/personalizationFilter.fragment.xml": 1632822280214,
  "fragments/bankInfo.fragment.xml": 1634021382162,
  "fragments/ValidateResult.fragment.xml": 1632822280214,
  "fragments/Sorter.fragment.xml": 1632822280214,
  "fragments/PartnerDetail.fragment.xml": 1632822280214,
  "fragments/ExtendBuisnessPartner.fragment.xml": 1636884000450,
  "fragments/DraftSuccess.fragment.xml": 1632822280214,
  "fragments/CreateSuccessGBS.fragment.xml": 1632822280214,
  "fragments/CreateSuccess.fragment.xml": 1632822280214,
  "i18n/i18n.properties": 1636619965972,
  "fragments/BuyerAttachment.fragment.xml": 1632822280214,
  "fragments/ApproverComments.fragment.xml": 1632822280214,
  "fragments/AdvancedSearch.fragment.xml": 1632822280214,
  "css/style.css": 1632822280214,
  "Image/Success.svg": 1632822280210,
  "index.html": 1632822280214
}