{
  "fragments/personalizationFilter.fragment.xml": 1632822280214,
  "util/formatter.js": 1632822280218,
  "model/attachmentData.json": 1632822280218,
  "model/StaticData.json": 1632822280218,
  "manifest.json": 1634104699737,
  "model/visibility.json": 1632822280218,
  "util/ServiceObj.js": 1632822280218,
  "model/models.js": 1632822280218,
  "controller/VendorRequest.controller.js": 1634021714971,
  "controller/Reviewer.controller.js": 1634103420304,
  "controller/LegalApprove.controller.js": 1634104200394,
  "controller/GBSDetail.controller.js": 1632822280214,
  "controller/ExceptionFlow.controller.js": 1634104317287,
  "controller/EulaReject.controller.js": 1632822280210,
  "controller/BuyerRem.controller.js": 1633068329309,
  "controller/BPExtend.controller.js": 1634103830827,
  "controller/BPCreate.controller.js": 1634103427472,
  "controller/App.controller.js": 1632822280210,
  "Component.js": 1632822280210,
  "manifest-bundle.zip": 1634104695622,
  "Component-preload.js": 1634104698748,
  "util/formatter-dbg.js": 1632822280218,
  "util/ServiceObj-dbg.js": 1632822280218,
  "model/models-dbg.js": 1632822280218,
  "controller/VendorRequest-dbg.controller.js": 1634021714971,
  "controller/Reviewer-dbg.controller.js": 1634103420304,
  "controller/LegalApprove-dbg.controller.js": 1634104200394,
  "controller/GBSDetail-dbg.controller.js": 1632822280214,
  "controller/ExceptionFlow-dbg.controller.js": 1634104317287,
  "controller/EulaReject-dbg.controller.js": 1632822280210,
  "controller/BuyerRem-dbg.controller.js": 1633068329309,
  "controller/BPExtend-dbg.controller.js": 1634103830827,
  "controller/BPCreate-dbg.controller.js": 1634103427472,
  "controller/App-dbg.controller.js": 1632822280210,
  "Component-dbg.js": 1632822280210,
  "resources.json": 1634104699747,
  "view/VendorRequest.view.xml": 1634021714979,
  "view/Reviewer.view.xml": 1634021627213,
  "view/LegalApprove.view.xml": 1634017483060,
  "view/GBSDetail.view.xml": 1632822280218,
  "view/ExceptionFlow.view.xml": 1634020320903,
  "view/EulaReject.view.xml": 1632822280218,
  "view/BuyerRem.view.xml": 1633943064081,
  "view/BPExtend.view.xml": 1634103693622,
  "view/BPCreate.view.xml": 1632822280218,
  "view/App.view.xml": 1632822280218,
  "util/ServiceObj.css": 1632822280218,
  "i18n/i18n.properties": 1634019581786,
  "fragments/bankInfo.fragment.xml": 1634021382162,
  "fragments/ValidateResult.fragment.xml": 1632822280214,
  "fragments/Sorter.fragment.xml": 1632822280214,
  "fragments/PartnerDetail.fragment.xml": 1632822280214,
  "fragments/ExtendBuisnessPartner.fragment.xml": 1634023106851,
  "fragments/DraftSuccess.fragment.xml": 1632822280214,
  "fragments/CreateSuccessGBS.fragment.xml": 1632822280214,
  "fragments/CreateSuccess.fragment.xml": 1632822280214,
  "fragments/CreateBuisnessPartner.fragment.xml": 1634023191217,
  "fragments/BuyerAttachment.fragment.xml": 1632822280214,
  "fragments/ApproverComments.fragment.xml": 1632822280214,
  "fragments/AdvancedSearch.fragment.xml": 1632822280214,
  "css/style.css": 1632822280214,
  "Image/Success.svg": 1632822280210,
  "index.html": 1632822280214
}