{
  "fragments/AttachmentList.fragment.xml": 1649332607238,
  "Component.js": 1649332607222,
  "model/attachmentData.json": 1649332563692,
  "model/StaticData.json": 1649332563692,
  "manifest.json": 1650285935981,
  "util/formatter.js": 1650284579739,
  "util/ServiceObj.js": 1649332607246,
  "model/models.js": 1649332607242,
  "controller/VendorRequest.controller.js": 1649332563688,
  "controller/Reviewer.controller.js": 1650271610223,
  "controller/LegalApprove.controller.js": 1650271610223,
  "controller/GBSDetail.controller.js": 1649332607238,
  "controller/ExceptionFlow.controller.js": 1649332607234,
  "controller/EulaReject.controller.js": 1649332607230,
  "controller/BuyerRem.controller.js": 1649332607230,
  "controller/BPExtend.controller.js": 1650284381230,
  "controller/BPCreate.controller.js": 1650284355570,
  "controller/App.controller.js": 1649332563676,
  "ExtensionControl/ExtComboBox.js": 1649332563676,
  "model/visibility.json": 1649332607242,
  "manifest-bundle.zip": 1650285931060,
  "Component-preload.js": 1650285934699,
  "util/formatter-dbg.js": 1650284579739,
  "util/ServiceObj-dbg.js": 1649332607246,
  "model/models-dbg.js": 1649332607242,
  "controller/VendorRequest-dbg.controller.js": 1649332563688,
  "controller/Reviewer-dbg.controller.js": 1650271610223,
  "controller/LegalApprove-dbg.controller.js": 1650271610223,
  "controller/GBSDetail-dbg.controller.js": 1649332607238,
  "controller/ExceptionFlow-dbg.controller.js": 1649332607234,
  "controller/EulaReject-dbg.controller.js": 1649332607230,
  "controller/BuyerRem-dbg.controller.js": 1649332607230,
  "controller/BPExtend-dbg.controller.js": 1650284381230,
  "controller/BPCreate-dbg.controller.js": 1650284355570,
  "controller/App-dbg.controller.js": 1649332563676,
  "ExtensionControl/ExtComboBox-dbg.js": 1649332563676,
  "Component-dbg.js": 1649332607222,
  "resources.json": 1650285935986,
  "view/VendorRequest.view.xml": 1649332563696,
  "view/Reviewer.view.xml": 1649332607250,
  "view/LegalApprove.view.xml": 1649332607250,
  "view/GBSDetail.view.xml": 1649332607250,
  "view/ExceptionFlow.view.xml": 1649332607246,
  "view/EulaReject.view.xml": 1649332607246,
  "view/BuyerRem.view.xml": 1649332563696,
  "view/BPExtend.view.xml": 1649332607246,
  "view/BPCreate.view.xml": 1649332563692,
  "view/App.view.xml": 1649332607246,
  "util/ServiceObj.css": 1649332607242,
  "fragments/personalizationFilter.fragment.xml": 1649332607242,
  "fragments/bankInfo.fragment.xml": 1650271610223,
  "fragments/ValidateResult.fragment.xml": 1649332607238,
  "fragments/Sorter.fragment.xml": 1649332607238,
  "fragments/SMETabView.fragment.xml": 1649332563692,
  "fragments/SMEList.fragment.xml": 1649332607238,
  "fragments/PartnerDetail.fragment.xml": 1649332607238,
  "fragments/MitigationReason.fragment.xml": 1649332607238,
  "fragments/ExtendBuisnessPartner.fragment.xml": 1649332607238,
  "fragments/DraftSuccess.fragment.xml": 1649332607238,
  "fragments/CreateSuccessGBS.fragment.xml": 1649332607238,
  "fragments/CreateSuccessDraft.fragment.xml": 1649332563692,
  "fragments/CreateSuccess.fragment.xml": 1649332607238,
  "fragments/CreateBuisnessPartner.fragment.xml": 1650271610223,
  "fragments/BuyerAttachment.fragment.xml": 1649332607238,
  "i18n/i18n.properties": 1650271610223,
  "fragments/AttachmentContent.fragment.xml": 1649332607238,
  "fragments/ApproverComments.fragment.xml": 1649332607238,
  "fragments/AdvancedSearch.fragment.xml": 1649332607238,
  "css/style.css": 1649332607238,
  "Image/Success.svg": 1649332607222,
  "index.html": 1649332607242
}