{
  "util/formatter.js": 1632822280218,
  "model/models.js": 1632822280218,
  "model/attachmentData.json": 1632822280218,
  "model/StaticData.json": 1632822280218,
  "manifest.json": 1633084088901,
  "i18n/i18n.properties": 1632822280214,
  "util/ServiceObj.js": 1632822280218,
  "model/visibility.json": 1632822280218,
  "controller/VendorRequest.controller.js": 1632822280214,
  "controller/Reviewer.controller.js": 1633081154245,
  "controller/LegalApprove.controller.js": 1633079922885,
  "controller/GBSDetail.controller.js": 1632822280214,
  "controller/ExceptionFlow.controller.js": 1633066597112,
  "controller/EulaReject.controller.js": 1632822280210,
  "controller/BuyerRem.controller.js": 1633068329309,
  "controller/BPExtend.controller.js": 1632994007163,
  "controller/BPCreate.controller.js": 1632822280210,
  "controller/App.controller.js": 1632822280210,
  "Component.js": 1632822280210,
  "manifest-bundle.zip": 1633084085318,
  "Component-preload.js": 1633084087684,
  "util/formatter-dbg.js": 1632822280218,
  "util/ServiceObj-dbg.js": 1632822280218,
  "model/models-dbg.js": 1632822280218,
  "controller/VendorRequest-dbg.controller.js": 1632822280214,
  "controller/Reviewer-dbg.controller.js": 1633081154245,
  "controller/LegalApprove-dbg.controller.js": 1633079922885,
  "controller/GBSDetail-dbg.controller.js": 1632822280214,
  "controller/ExceptionFlow-dbg.controller.js": 1633066597112,
  "controller/EulaReject-dbg.controller.js": 1632822280210,
  "controller/BuyerRem-dbg.controller.js": 1633068329309,
  "controller/BPExtend-dbg.controller.js": 1632994007163,
  "controller/BPCreate-dbg.controller.js": 1632822280210,
  "controller/App-dbg.controller.js": 1632822280210,
  "Component-dbg.js": 1632822280210,
  "resources.json": 1633084088906,
  "view/VendorRequest.view.xml": 1632822280218,
  "view/Reviewer.view.xml": 1633065814094,
  "view/LegalApprove.view.xml": 1633065986802,
  "view/GBSDetail.view.xml": 1632822280218,
  "view/ExceptionFlow.view.xml": 1633066543805,
  "view/EulaReject.view.xml": 1632822280218,
  "view/BuyerRem.view.xml": 1632841009288,
  "view/BPExtend.view.xml": 1633080906769,
  "view/BPCreate.view.xml": 1632822280218,
  "view/App.view.xml": 1632822280218,
  "util/ServiceObj.css": 1632822280218,
  "fragments/personalizationFilter.fragment.xml": 1632822280214,
  "fragments/bankInfo.fragment.xml": 1632822280214,
  "fragments/ValidateResult.fragment.xml": 1632822280214,
  "fragments/Sorter.fragment.xml": 1632822280214,
  "fragments/PartnerDetail.fragment.xml": 1632822280214,
  "fragments/ExtendBuisnessPartner.fragment.xml": 1632822280214,
  "fragments/DraftSuccess.fragment.xml": 1632822280214,
  "fragments/CreateSuccessGBS.fragment.xml": 1632822280214,
  "fragments/CreateSuccess.fragment.xml": 1632822280214,
  "fragments/CreateBuisnessPartner.fragment.xml": 1632892614433,
  "fragments/BuyerAttachment.fragment.xml": 1632822280214,
  "fragments/ApproverComments.fragment.xml": 1632822280214,
  "fragments/AdvancedSearch.fragment.xml": 1632822280214,
  "css/style.css": 1632822280214,
  "Image/Success.svg": 1632822280210,
  "index.html": 1632822280214
}