{
  "fragments/personalizationFilter.fragment.xml": 1632822280214,
  "controller/App.controller.js": 1632822280210,
  "model/attachmentData.json": 1632822280218,
  "model/StaticData.json": 1632822280218,
  "manifest.json": 1633944524873,
  "util/formatter.js": 1632822280218,
  "util/ServiceObj.js": 1632822280218,
  "model/models.js": 1632822280218,
  "controller/VendorRequest.controller.js": 1632822280214,
  "controller/Reviewer.controller.js": 1633081154245,
  "controller/LegalApprove.controller.js": 1633079922885,
  "controller/GBSDetail.controller.js": 1632822280214,
  "controller/ExceptionFlow.controller.js": 1633066597112,
  "controller/EulaReject.controller.js": 1632822280210,
  "controller/BuyerRem.controller.js": 1633068329309,
  "controller/BPExtend.controller.js": 1633850891858,
  "controller/BPCreate.controller.js": 1633850846789,
  "model/visibility.json": 1632822280218,
  "Component.js": 1632822280210,
  "manifest-bundle.zip": 1633944521899,
  "Component-preload.js": 1633944523852,
  "util/formatter-dbg.js": 1632822280218,
  "util/ServiceObj-dbg.js": 1632822280218,
  "model/models-dbg.js": 1632822280218,
  "controller/VendorRequest-dbg.controller.js": 1632822280214,
  "controller/Reviewer-dbg.controller.js": 1633081154245,
  "controller/LegalApprove-dbg.controller.js": 1633079922885,
  "controller/GBSDetail-dbg.controller.js": 1632822280214,
  "controller/ExceptionFlow-dbg.controller.js": 1633066597112,
  "controller/EulaReject-dbg.controller.js": 1632822280210,
  "controller/BuyerRem-dbg.controller.js": 1633068329309,
  "controller/BPExtend-dbg.controller.js": 1633850891858,
  "controller/BPCreate-dbg.controller.js": 1633850846789,
  "controller/App-dbg.controller.js": 1632822280210,
  "Component-dbg.js": 1632822280210,
  "resources.json": 1633944524886,
  "view/VendorRequest.view.xml": 1632822280218,
  "view/Reviewer.view.xml": 1633675462032,
  "view/LegalApprove.view.xml": 1633065986802,
  "view/GBSDetail.view.xml": 1632822280218,
  "view/ExceptionFlow.view.xml": 1633066543805,
  "view/EulaReject.view.xml": 1632822280218,
  "view/BuyerRem.view.xml": 1633943064081,
  "view/BPExtend.view.xml": 1633415581978,
  "view/BPCreate.view.xml": 1632822280218,
  "view/App.view.xml": 1632822280218,
  "util/ServiceObj.css": 1632822280218,
  "i18n/i18n.properties": 1633850800717,
  "fragments/bankInfo.fragment.xml": 1632822280214,
  "fragments/ValidateResult.fragment.xml": 1632822280214,
  "fragments/Sorter.fragment.xml": 1632822280214,
  "fragments/PartnerDetail.fragment.xml": 1632822280214,
  "fragments/ExtendBuisnessPartner.fragment.xml": 1633667528703,
  "fragments/DraftSuccess.fragment.xml": 1632822280214,
  "fragments/CreateSuccessGBS.fragment.xml": 1632822280214,
  "fragments/CreateSuccess.fragment.xml": 1632822280214,
  "fragments/CreateBuisnessPartner.fragment.xml": 1633666428956,
  "fragments/BuyerAttachment.fragment.xml": 1632822280214,
  "fragments/ApproverComments.fragment.xml": 1632822280214,
  "fragments/AdvancedSearch.fragment.xml": 1632822280214,
  "css/style.css": 1632822280214,
  "Image/Success.svg": 1632822280210,
  "index.html": 1632822280214
}