{
  "fragments/DraftSuccess.fragment.xml": 1637665334216,
  "controller/GBSDetail.controller.js": 1641556453223,
  "model/attachmentData.json": 1638253701317,
  "model/StaticData.json": 1642490839293,
  "manifest.json": 1643356800203,
  "util/formatter.js": 1643097848103,
  "util/ServiceObj.js": 1632822280218,
  "model/models.js": 1632822280218,
  "controller/VendorRequest.controller.js": 1635331302525,
  "controller/Reviewer.controller.js": 1642839546068,
  "controller/LegalApprove.controller.js": 1643356715484,
  "model/visibility.json": 1641389228963,
  "controller/ExceptionFlow.controller.js": 1643356732288,
  "controller/EulaReject.controller.js": 1632822280210,
  "controller/BuyerRem.controller.js": 1642667611011,
  "controller/BPExtend.controller.js": 1643351617561,
  "controller/BPCreate.controller.js": 1643299299866,
  "controller/App.controller.js": 1636444958603,
  "ExtensionControl/ExtComboBox.js": 1641894949107,
  "Component.js": 1632822280210,
  "manifest-bundle.zip": 1643356795678,
  "Component-preload.js": 1643356799068,
  "controller/BPCreate-dbg.controller.js": 1643299299866,
  "util/ServiceObj-dbg.js": 1632822280218,
  "model/models-dbg.js": 1632822280218,
  "controller/VendorRequest-dbg.controller.js": 1635331302525,
  "controller/Reviewer-dbg.controller.js": 1642839546068,
  "controller/LegalApprove-dbg.controller.js": 1643356715484,
  "controller/GBSDetail-dbg.controller.js": 1641556453223,
  "controller/ExceptionFlow-dbg.controller.js": 1643356732288,
  "controller/EulaReject-dbg.controller.js": 1632822280210,
  "controller/BuyerRem-dbg.controller.js": 1642667611011,
  "controller/BPExtend-dbg.controller.js": 1643351617561,
  "util/formatter-dbg.js": 1643097848103,
  "controller/App-dbg.controller.js": 1636444958603,
  "ExtensionControl/ExtComboBox-dbg.js": 1641894949107,
  "Component-dbg.js": 1632822280210,
  "resources.json": 1643356800208,
  "view/VendorRequest.view.xml": 1636528314592,
  "view/Reviewer.view.xml": 1642074819896,
  "view/LegalApprove.view.xml": 1643351144475,
  "view/GBSDetail.view.xml": 1641387412626,
  "view/ExceptionFlow.view.xml": 1643351285382,
  "view/EulaReject.view.xml": 1632822280218,
  "view/BuyerRem.view.xml": 1642667706003,
  "view/BPExtend.view.xml": 1642603677770,
  "view/BPCreate.view.xml": 1642409490621,
  "view/App.view.xml": 1632822280218,
  "util/ServiceObj.css": 1632822280218,
  "fragments/personalizationFilter.fragment.xml": 1632822280214,
  "fragments/bankInfo.fragment.xml": 1637662419408,
  "fragments/ValidateResult.fragment.xml": 1632822280214,
  "fragments/Sorter.fragment.xml": 1632822280214,
  "fragments/SMETabView.fragment.xml": 1641309078674,
  "fragments/SMEList.fragment.xml": 1641293579708,
  "fragments/PartnerDetail.fragment.xml": 1632822280214,
  "fragments/MitigationReason.fragment.xml": 1640151407926,
  "fragments/ExtendBuisnessPartner.fragment.xml": 1643298371937,
  "i18n/i18n.properties": 1643296361067,
  "fragments/CreateSuccessGBS.fragment.xml": 1632822280214,
  "fragments/CreateSuccessDraft.fragment.xml": 1637667020513,
  "fragments/CreateSuccess.fragment.xml": 1637666746499,
  "fragments/CreateBuisnessPartner.fragment.xml": 1643299323086,
  "fragments/BuyerAttachment.fragment.xml": 1632822280214,
  "fragments/ApproverComments.fragment.xml": 1637121713273,
  "fragments/AdvancedSearch.fragment.xml": 1632822280214,
  "css/style.css": 1638373549937,
  "Image/Success.svg": 1632822280210,
  "index.html": 1632822280214
}