{
  "fragments/CreateBuisnessPartner.fragment.xml": 1635854159675,
  "controller/GBSDetail.controller.js": 1632822280214,
  "model/attachmentData.json": 1632822280218,
  "model/StaticData.json": 1632822280218,
  "manifest.json": 1635854765012,
  "util/formatter.js": 1632822280218,
  "util/ServiceObj.js": 1632822280218,
  "model/models.js": 1632822280218,
  "controller/VendorRequest.controller.js": 1635331302525,
  "controller/Reviewer.controller.js": 1635488569007,
  "controller/LegalApprove.controller.js": 1635488534511,
  "model/visibility.json": 1632822280218,
  "controller/ExceptionFlow.controller.js": 1634104317287,
  "controller/EulaReject.controller.js": 1632822280210,
  "controller/BuyerRem.controller.js": 1633068329309,
  "controller/BPExtend.controller.js": 1635854574414,
  "controller/BPCreate.controller.js": 1635854314796,
  "controller/App.controller.js": 1635331237496,
  "Component.js": 1632822280210,
  "manifest-bundle.zip": 1635854761577,
  "Component-preload.js": 1635854763931,
  "controller/VendorRequest-dbg.controller.js": 1635331302525,
  "util/ServiceObj-dbg.js": 1632822280218,
  "model/models-dbg.js": 1632822280218,
  "util/formatter-dbg.js": 1632822280218,
  "controller/Reviewer-dbg.controller.js": 1635488569007,
  "controller/LegalApprove-dbg.controller.js": 1635488534511,
  "controller/GBSDetail-dbg.controller.js": 1632822280214,
  "controller/ExceptionFlow-dbg.controller.js": 1634104317287,
  "controller/EulaReject-dbg.controller.js": 1632822280210,
  "controller/BuyerRem-dbg.controller.js": 1633068329309,
  "controller/BPExtend-dbg.controller.js": 1635854574414,
  "controller/BPCreate-dbg.controller.js": 1635854314796,
  "controller/App-dbg.controller.js": 1635331237496,
  "Component-dbg.js": 1632822280210,
  "resources.json": 1635854765025,
  "view/VendorRequest.view.xml": 1635331407625,
  "view/Reviewer.view.xml": 1634187017943,
  "view/LegalApprove.view.xml": 1634807623364,
  "view/GBSDetail.view.xml": 1632822280218,
  "view/ExceptionFlow.view.xml": 1634020320903,
  "view/EulaReject.view.xml": 1632822280218,
  "view/BuyerRem.view.xml": 1633943064081,
  "view/BPExtend.view.xml": 1635131578621,
  "view/BPCreate.view.xml": 1635131585461,
  "view/App.view.xml": 1632822280218,
  "util/ServiceObj.css": 1632822280218,
  "fragments/personalizationFilter.fragment.xml": 1632822280214,
  "fragments/bankInfo.fragment.xml": 1634021382162,
  "fragments/ValidateResult.fragment.xml": 1632822280214,
  "fragments/Sorter.fragment.xml": 1632822280214,
  "fragments/PartnerDetail.fragment.xml": 1632822280214,
  "fragments/ExtendBuisnessPartner.fragment.xml": 1635854507626,
  "fragments/DraftSuccess.fragment.xml": 1632822280214,
  "fragments/CreateSuccessGBS.fragment.xml": 1632822280214,
  "fragments/CreateSuccess.fragment.xml": 1632822280214,
  "i18n/i18n.properties": 1635138053560,
  "fragments/BuyerAttachment.fragment.xml": 1632822280214,
  "fragments/ApproverComments.fragment.xml": 1632822280214,
  "fragments/AdvancedSearch.fragment.xml": 1632822280214,
  "css/style.css": 1632822280214,
  "Image/Success.svg": 1632822280210,
  "index.html": 1632822280214
}