{
  "fragments/bankInfo.fragment.xml": 1646823997566,
  "model/visibility.json": 1641409028000,
  "model/attachmentData.json": 1638273502000,
  "model/StaticData.json": 1642510640000,
  "manifest.json": 1646827184778,
  "util/formatter.js": 1643117648000,
  "util/ServiceObj.js": 1632842080000,
  "model/models.js": 1632842080000,
  "controller/VendorRequest.controller.js": 1645536472000,
  "controller/Reviewer.controller.js": 1646823997566,
  "controller/LegalApprove.controller.js": 1644242196000,
  "controller/GBSDetail.controller.js": 1644582736000,
  "controller/ExceptionFlow.controller.js": 1646073918000,
  "controller/EulaReject.controller.js": 1632842080000,
  "controller/BuyerRem.controller.js": 1642687412000,
  "controller/BPExtend.controller.js": 1646305630000,
  "controller/BPCreate.controller.js": 1646053642000,
  "controller/App.controller.js": 1636464758000,
  "ExtensionControl/ExtComboBox.js": 1641914750000,
  "Component.js": 1632842080000,
  "manifest-bundle.zip": 1646827180713,
  "Component-preload.js": 1646827183582,
  "controller/Reviewer-dbg.controller.js": 1646823997566,
  "util/ServiceObj-dbg.js": 1632842080000,
  "model/models-dbg.js": 1632842080000,
  "controller/VendorRequest-dbg.controller.js": 1645536472000,
  "util/formatter-dbg.js": 1643117648000,
  "controller/LegalApprove-dbg.controller.js": 1644242196000,
  "controller/GBSDetail-dbg.controller.js": 1644582736000,
  "controller/ExceptionFlow-dbg.controller.js": 1646073918000,
  "controller/EulaReject-dbg.controller.js": 1632842080000,
  "controller/BuyerRem-dbg.controller.js": 1642687412000,
  "controller/BPExtend-dbg.controller.js": 1646305630000,
  "controller/BPCreate-dbg.controller.js": 1646053642000,
  "controller/App-dbg.controller.js": 1636464758000,
  "ExtensionControl/ExtComboBox-dbg.js": 1641914750000,
  "Component-dbg.js": 1632842080000,
  "resources.json": 1646827184782,
  "view/VendorRequest.view.xml": 1636548114000,
  "view/Reviewer.view.xml": 1644584514000,
  "view/LegalApprove.view.xml": 1644237596000,
  "view/GBSDetail.view.xml": 1644582402000,
  "view/ExceptionFlow.view.xml": 1646073824000,
  "view/EulaReject.view.xml": 1632842080000,
  "view/BuyerRem.view.xml": 1642687506000,
  "view/BPExtend.view.xml": 1645126150000,
  "view/BPCreate.view.xml": 1642429290000,
  "view/App.view.xml": 1632842080000,
  "util/ServiceObj.css": 1632842080000,
  "fragments/personalizationFilter.fragment.xml": 1632842080000,
  "i18n/i18n.properties": 1646823997566,
  "fragments/ValidateResult.fragment.xml": 1632842080000,
  "fragments/Sorter.fragment.xml": 1632842080000,
  "fragments/SMETabView.fragment.xml": 1641328878000,
  "fragments/SMEList.fragment.xml": 1641313380000,
  "fragments/PartnerDetail.fragment.xml": 1632842080000,
  "fragments/MitigationReason.fragment.xml": 1640171208000,
  "fragments/ExtendBuisnessPartner.fragment.xml": 1644582908000,
  "fragments/DraftSuccess.fragment.xml": 1637685134000,
  "fragments/CreateSuccessGBS.fragment.xml": 1632842080000,
  "fragments/CreateSuccessDraft.fragment.xml": 1637686820000,
  "fragments/CreateSuccess.fragment.xml": 1637686546000,
  "fragments/CreateBuisnessPartner.fragment.xml": 1646823997566,
  "fragments/BuyerAttachment.fragment.xml": 1632842080000,
  "fragments/ApproverComments.fragment.xml": 1637141514000,
  "fragments/AdvancedSearch.fragment.xml": 1632842080000,
  "css/style.css": 1638393350000,
  "Image/Success.svg": 1632842080000,
  "index.html": 1632842080000
}