{
  "fragments/CreateSuccessGBS.fragment.xml": 1632822280214,
  "controller/ExceptionFlow.controller.js": 1639485011633,
  "model/attachmentData.json": 1638253701317,
  "model/StaticData.json": 1632822280218,
  "manifest.json": 1640083422541,
  "util/formatter.js": 1639637218597,
  "util/ServiceObj.js": 1632822280218,
  "model/models.js": 1632822280218,
  "controller/VendorRequest.controller.js": 1635331302525,
  "controller/Reviewer.controller.js": 1640067540370,
  "controller/LegalApprove.controller.js": 1640067451795,
  "controller/GBSDetail.controller.js": 1632822280214,
  "model/visibility.json": 1632822280218,
  "controller/EulaReject.controller.js": 1632822280210,
  "controller/BuyerRem.controller.js": 1639652452117,
  "controller/BPExtend.controller.js": 1639991069752,
  "controller/BPCreate.controller.js": 1639991025448,
  "controller/App.controller.js": 1636444958603,
  "ExtensionControl/ExtComboBox.js": 1639377251997,
  "Component.js": 1632822280210,
  "manifest-bundle.zip": 1640083418605,
  "Component-preload.js": 1640083421176,
  "controller/BPExtend-dbg.controller.js": 1639991069752,
  "util/ServiceObj-dbg.js": 1632822280218,
  "model/models-dbg.js": 1632822280218,
  "controller/VendorRequest-dbg.controller.js": 1635331302525,
  "controller/Reviewer-dbg.controller.js": 1640067540370,
  "controller/LegalApprove-dbg.controller.js": 1640067451795,
  "controller/GBSDetail-dbg.controller.js": 1632822280214,
  "controller/ExceptionFlow-dbg.controller.js": 1639485011633,
  "controller/EulaReject-dbg.controller.js": 1632822280210,
  "controller/BuyerRem-dbg.controller.js": 1639652452117,
  "util/formatter-dbg.js": 1639637218597,
  "controller/BPCreate-dbg.controller.js": 1639991025448,
  "controller/App-dbg.controller.js": 1636444958603,
  "ExtensionControl/ExtComboBox-dbg.js": 1639377251997,
  "Component-dbg.js": 1632822280210,
  "resources.json": 1640083422546,
  "view/VendorRequest.view.xml": 1636528314592,
  "view/Reviewer.view.xml": 1639384001758,
  "view/LegalApprove.view.xml": 1639653127627,
  "view/GBSDetail.view.xml": 1632822280218,
  "view/ExceptionFlow.view.xml": 1639399220012,
  "view/EulaReject.view.xml": 1632822280218,
  "view/BuyerRem.view.xml": 1639652549254,
  "view/BPExtend.view.xml": 1638169472902,
  "view/BPCreate.view.xml": 1635131585461,
  "view/App.view.xml": 1632822280218,
  "util/ServiceObj.css": 1632822280218,
  "fragments/personalizationFilter.fragment.xml": 1632822280214,
  "fragments/bankInfo.fragment.xml": 1637662419408,
  "fragments/ValidateResult.fragment.xml": 1632822280214,
  "fragments/Sorter.fragment.xml": 1632822280214,
  "fragments/PartnerDetail.fragment.xml": 1632822280214,
  "fragments/MitigationReason.fragment.xml": 1638254765162,
  "fragments/ExtendBuisnessPartner.fragment.xml": 1639377252005,
  "fragments/DraftSuccess.fragment.xml": 1637665334216,
  "i18n/i18n.properties": 1640067139943,
  "fragments/CreateSuccessDraft.fragment.xml": 1637667020513,
  "fragments/CreateSuccess.fragment.xml": 1637666746499,
  "fragments/CreateBuisnessPartner.fragment.xml": 1639377252001,
  "fragments/BuyerAttachment.fragment.xml": 1632822280214,
  "fragments/ApproverComments.fragment.xml": 1637121713273,
  "fragments/AdvancedSearch.fragment.xml": 1632822280214,
  "css/style.css": 1638373549937,
  "Image/Success.svg": 1632822280210,
  "index.html": 1632822280214
}