{
  "controller/VendorRequest.controller.js": 1635332594361,
  "controller/GBSDetail.controller.js": 1632717370000,
  "model/attachmentData.json": 1632717370000,
  "model/StaticData.json": 1632717370000,
  "manifest.json": 1637747605955,
  "util/formatter.js": 1637745601687,
  "util/ServiceObj.js": 1632717370000,
  "model/models.js": 1632717370000,
  "i18n/i18n.properties": 1637745601687,
  "controller/Reviewer.controller.js": 1637665909048,
  "controller/LegalApprove.controller.js": 1637143048794,
  "model/visibility.json": 1632717370000,
  "controller/ExceptionFlow.controller.js": 1637332793230,
  "controller/EulaReject.controller.js": 1632717370000,
  "controller/BuyerRem.controller.js": 1636537832859,
  "controller/BPExtend.controller.js": 1637745601687,
  "controller/BPCreate.controller.js": 1637742186570,
  "controller/App.controller.js": 1636445054863,
  "Component.js": 1632717370000,
  "manifest-bundle.zip": 1637747603282,
  "Component-preload.js": 1637747605098,
  "controller/BPExtend-dbg.controller.js": 1637745601687,
  "util/ServiceObj-dbg.js": 1632717370000,
  "model/models-dbg.js": 1632717370000,
  "controller/VendorRequest-dbg.controller.js": 1635332594361,
  "controller/Reviewer-dbg.controller.js": 1637665909048,
  "controller/LegalApprove-dbg.controller.js": 1637143048794,
  "controller/GBSDetail-dbg.controller.js": 1632717370000,
  "controller/ExceptionFlow-dbg.controller.js": 1637332793230,
  "controller/EulaReject-dbg.controller.js": 1632717370000,
  "controller/BuyerRem-dbg.controller.js": 1636537832859,
  "util/formatter-dbg.js": 1637745601687,
  "controller/BPCreate-dbg.controller.js": 1637742186570,
  "controller/App-dbg.controller.js": 1636445054863,
  "Component-dbg.js": 1632717370000,
  "resources.json": 1637747605964,
  "view/VendorRequest.view.xml": 1635332594365,
  "view/Reviewer.view.xml": 1637665909048,
  "view/LegalApprove.view.xml": 1636537832859,
  "view/GBSDetail.view.xml": 1632717370000,
  "view/ExceptionFlow.view.xml": 1637059870271,
  "view/EulaReject.view.xml": 1632717370000,
  "view/BuyerRem.view.xml": 1636537832859,
  "view/BPExtend.view.xml": 1637745601687,
  "view/BPCreate.view.xml": 1635143382889,
  "view/App.view.xml": 1632717370000,
  "util/ServiceObj.css": 1632717370000,
  "fragments/personalizationFilter.fragment.xml": 1632717370000,
  "fragments/bankInfo.fragment.xml": 1637665909048,
  "fragments/ValidateResult.fragment.xml": 1632717370000,
  "fragments/Sorter.fragment.xml": 1632717370000,
  "fragments/PartnerDetail.fragment.xml": 1632717370000,
  "fragments/ExtendBuisnessPartner.fragment.xml": 1637742186570,
  "fragments/DraftSuccess.fragment.xml": 1632717370000,
  "fragments/CreateSuccessGBS.fragment.xml": 1632717370000,
  "fragments/CreateSuccessDraft.fragment.xml": 1637684182233,
  "fragments/CreateSuccess.fragment.xml": 1632717370000,
  "fragments/CreateBuisnessPartner.fragment.xml": 1637742186570,
  "fragments/BuyerAttachment.fragment.xml": 1632717370000,
  "fragments/ApproverComments.fragment.xml": 1637143048794,
  "fragments/AdvancedSearch.fragment.xml": 1632717370000,
  "css/style.css": 1637684182233,
  "Image/Success.svg": 1632717370000,
  "index.html": 1632717370000
}