{
  "util/ServiceObj.js": 1650963228865,
  "manifest.json": 1650965607396,
  "model/attachmentData.json": 1650963228865,
  "model/Tooltip.json": 1650963228865,
  "model/StaticData.json": 1650957391726,
  "model/visibility.json": 1650963228865,
  "util/formatter.js": 1650963228877,
  "i18n/i18n.properties": 1650963228861,
  "model/models.js": 1650963228865,
  "controller/VendorRequest.controller.js": 1650957391718,
  "controller/Reviewer.controller.js": 1650963228729,
  "controller/LegalApprove.controller.js": 1650963228725,
  "controller/GBSDetail.controller.js": 1650963228721,
  "controller/ExceptionFlow.controller.js": 1650963228681,
  "controller/EulaReject.controller.js": 1650963228597,
  "controller/BuyerRem.controller.js": 1650963228597,
  "controller/BPExtend.controller.js": 1650963228493,
  "controller/BPCreate.controller.js": 1650963228493,
  "controller/App.controller.js": 1650957391706,
  "ExtensionControl/ExtComboBox.js": 1650957391706,
  "Component.js": 1650963228489,
  "manifest-bundle.zip": 1650965602509,
  "Component-preload.js": 1650965606035,
  "controller/GBSDetail-dbg.controller.js": 1650963228721,
  "util/ServiceObj-dbg.js": 1650963228865,
  "model/models-dbg.js": 1650963228865,
  "controller/VendorRequest-dbg.controller.js": 1650957391718,
  "controller/Reviewer-dbg.controller.js": 1650963228729,
  "controller/LegalApprove-dbg.controller.js": 1650963228725,
  "util/formatter-dbg.js": 1650963228877,
  "controller/ExceptionFlow-dbg.controller.js": 1650963228681,
  "controller/EulaReject-dbg.controller.js": 1650963228597,
  "controller/BuyerRem-dbg.controller.js": 1650963228597,
  "controller/BPExtend-dbg.controller.js": 1650963228493,
  "controller/BPCreate-dbg.controller.js": 1650963228493,
  "controller/App-dbg.controller.js": 1650957391706,
  "ExtensionControl/ExtComboBox-dbg.js": 1650957391706,
  "Component-dbg.js": 1650963228489,
  "resources.json": 1650965607401,
  "view/VendorRequest.view.xml": 1650957391726,
  "view/Reviewer.view.xml": 1650963228941,
  "view/LegalApprove.view.xml": 1650963228941,
  "view/GBSDetail.view.xml": 1650963228929,
  "view/ExceptionFlow.view.xml": 1650963228917,
  "view/EulaReject.view.xml": 1650963228909,
  "view/BuyerRem.view.xml": 1650957391726,
  "view/BPExtend.view.xml": 1650963228909,
  "view/BPCreate.view.xml": 1650957391726,
  "view/App.view.xml": 1650963228877,
  "util/ServiceObj.css": 1650963228865,
  "fragments/personalizationFilter.fragment.xml": 1650963228857,
  "fragments/bankInfoRemit.fragment.xml": 1650963228857,
  "fragments/bankInfo.fragment.xml": 1650963228789,
  "fragments/ValidateResult.fragment.xml": 1650963228777,
  "fragments/Sorter.fragment.xml": 1650963228777,
  "fragments/SMETabView.fragment.xml": 1650957391722,
  "fragments/SMEList.fragment.xml": 1650963228777,
  "fragments/PartnerDetail.fragment.xml": 1650963228777,
  "fragments/MitigationReason.fragment.xml": 1650963228777,
  "fragments/ExtendBuisnessPartner.fragment.xml": 1650963228777,
  "fragments/DraftSuccess.fragment.xml": 1650963228777,
  "fragments/CreateSuccessGBS.fragment.xml": 1650963228777,
  "fragments/CreateSuccessDraft.fragment.xml": 1650957391722,
  "fragments/CreateSuccess.fragment.xml": 1650963228777,
  "fragments/CreateBuisnessPartner.fragment.xml": 1650963228777,
  "fragments/BuyerAttachment.fragment.xml": 1650963228757,
  "fragments/AttachmentList.fragment.xml": 1650963228757,
  "fragments/AttachmentContent.fragment.xml": 1650963228757,
  "fragments/ApproverComments.fragment.xml": 1650963228753,
  "fragments/AdvancedSearch.fragment.xml": 1650963228745,
  "css/style.css": 1650963228745,
  "Image/Success.svg": 1650963228489,
  "index.html": 1650963228861
}