{
  "fragments/BuyerAttachment.fragment.xml": 1634882533996,
  "controller/VendorRequest.controller.js": 1635417874323,
  "model/attachmentData.json": 1634882533996,
  "model/StaticData.json": 1634882533996,
  "manifest.json": 1637925442255,
  "util/formatter.js": 1637838263558,
  "util/ServiceObj.js": 1634882534000,
  "model/models.js": 1634882533996,
  "model/visibility.json": 1634882533996,
  "controller/Reviewer.controller.js": 1637841458220,
  "controller/LegalApprove.controller.js": 1637649467976,
  "controller/GBSDetail.controller.js": 1634882533992,
  "controller/ExceptionFlow.controller.js": 1637649467976,
  "controller/EulaReject.controller.js": 1634882533992,
  "controller/BuyerRem.controller.js": 1637065172673,
  "controller/BPExtend.controller.js": 1637840993812,
  "controller/BPCreate.controller.js": 1637747501774,
  "controller/App.controller.js": 1636459431484,
  "Component.js": 1634882533988,
  "manifest-bundle.zip": 1637925439322,
  "Component-preload.js": 1637925441296,
  "controller/BuyerRem-dbg.controller.js": 1637065172673,
  "util/ServiceObj-dbg.js": 1634882534000,
  "model/models-dbg.js": 1634882533996,
  "controller/VendorRequest-dbg.controller.js": 1635417874323,
  "controller/Reviewer-dbg.controller.js": 1637841458220,
  "controller/LegalApprove-dbg.controller.js": 1637649467976,
  "controller/GBSDetail-dbg.controller.js": 1634882533992,
  "controller/ExceptionFlow-dbg.controller.js": 1637649467976,
  "controller/EulaReject-dbg.controller.js": 1634882533992,
  "util/formatter-dbg.js": 1637838263558,
  "controller/BPExtend-dbg.controller.js": 1637840993812,
  "controller/BPCreate-dbg.controller.js": 1637747501774,
  "controller/App-dbg.controller.js": 1636459431484,
  "Component-dbg.js": 1634882533988,
  "resources.json": 1637925442268,
  "view/VendorRequest.view.xml": 1635417874323,
  "view/Reviewer.view.xml": 1637747501778,
  "view/LegalApprove.view.xml": 1637065172677,
  "view/GBSDetail.view.xml": 1634882534000,
  "view/ExceptionFlow.view.xml": 1637065172677,
  "view/EulaReject.view.xml": 1634882534000,
  "view/BuyerRem.view.xml": 1637065172677,
  "view/BPExtend.view.xml": 1637838037904,
  "view/BPCreate.view.xml": 1635417874323,
  "view/App.view.xml": 1634882534000,
  "util/ServiceObj.css": 1634882534000,
  "fragments/personalizationFilter.fragment.xml": 1634882533996,
  "fragments/bankInfo.fragment.xml": 1637747501778,
  "fragments/ValidateResult.fragment.xml": 1634882533996,
  "fragments/Sorter.fragment.xml": 1634882533996,
  "fragments/PartnerDetail.fragment.xml": 1634882533996,
  "fragments/ExtendBuisnessPartner.fragment.xml": 1637747501778,
  "fragments/DraftSuccess.fragment.xml": 1634882533996,
  "fragments/CreateSuccessGBS.fragment.xml": 1634882533996,
  "fragments/CreateSuccessDraft.fragment.xml": 1637747501778,
  "fragments/CreateSuccess.fragment.xml": 1634882533996,
  "fragments/CreateBuisnessPartner.fragment.xml": 1637747501778,
  "i18n/i18n.properties": 1637832930586,
  "fragments/ApproverComments.fragment.xml": 1637649467980,
  "fragments/AdvancedSearch.fragment.xml": 1634882533996,
  "css/style.css": 1637841014044,
  "Image/Success.svg": 1634882533988,
  "index.html": 1634882533996
}