{
  "view/VendorRequest.view.xml": 1649317830983,
  "controller/LegalApprove.controller.js": 1649321013530,
  "model/attachmentData.json": 1649317830983,
  "model/StaticData.json": 1649317830983,
  "manifest.json": 1649940783990,
  "util/formatter.js": 1649321013598,
  "util/ServiceObj.js": 1649321013590,
  "model/models.js": 1649321013590,
  "controller/VendorRequest.controller.js": 1649317830979,
  "controller/Reviewer.controller.js": 1649854235734,
  "model/visibility.json": 1649321013590,
  "controller/GBSDetail.controller.js": 1649321013530,
  "controller/ExceptionFlow.controller.js": 1649321013518,
  "controller/EulaReject.controller.js": 1649321013426,
  "controller/BuyerRem.controller.js": 1649321013426,
  "controller/BPExtend.controller.js": 1649324316074,
  "controller/BPCreate.controller.js": 1649853889710,
  "controller/App.controller.js": 1649317830967,
  "ExtensionControl/ExtComboBox.js": 1649317830963,
  "Component.js": 1649321013274,
  "manifest-bundle.zip": 1649940780511,
  "Component-preload.js": 1649940782870,
  "ExtensionControl/ExtComboBox-dbg.js": 1649317830963,
  "util/ServiceObj-dbg.js": 1649321013590,
  "model/models-dbg.js": 1649321013590,
  "controller/VendorRequest-dbg.controller.js": 1649317830979,
  "controller/Reviewer-dbg.controller.js": 1649854235734,
  "controller/LegalApprove-dbg.controller.js": 1649321013530,
  "controller/GBSDetail-dbg.controller.js": 1649321013530,
  "controller/ExceptionFlow-dbg.controller.js": 1649321013518,
  "controller/EulaReject-dbg.controller.js": 1649321013426,
  "controller/BuyerRem-dbg.controller.js": 1649321013426,
  "controller/BPExtend-dbg.controller.js": 1649324316074,
  "controller/BPCreate-dbg.controller.js": 1649853889710,
  "controller/App-dbg.controller.js": 1649317830967,
  "util/formatter-dbg.js": 1649321013598,
  "Component-dbg.js": 1649321013274,
  "resources.json": 1649940783994,
  "i18n/i18n.properties": 1649321013586,
  "view/Reviewer.view.xml": 1649321013722,
  "view/LegalApprove.view.xml": 1649321013686,
  "view/GBSDetail.view.xml": 1649321013682,
  "view/ExceptionFlow.view.xml": 1649321013674,
  "view/EulaReject.view.xml": 1649321013642,
  "view/BuyerRem.view.xml": 1649317830983,
  "view/BPExtend.view.xml": 1649321013642,
  "view/BPCreate.view.xml": 1649317830983,
  "view/App.view.xml": 1649321013598,
  "util/ServiceObj.css": 1649321013590,
  "fragments/personalizationFilter.fragment.xml": 1649321013578,
  "fragments/bankInfo.fragment.xml": 1649940692462,
  "fragments/ValidateResult.fragment.xml": 1649321013570,
  "fragments/Sorter.fragment.xml": 1649321013570,
  "fragments/SMETabView.fragment.xml": 1649317830979,
  "fragments/SMEList.fragment.xml": 1649321013570,
  "fragments/PartnerDetail.fragment.xml": 1649321013570,
  "fragments/MitigationReason.fragment.xml": 1649321013570,
  "fragments/ExtendBuisnessPartner.fragment.xml": 1649321013566,
  "fragments/DraftSuccess.fragment.xml": 1649321013566,
  "fragments/CreateSuccessGBS.fragment.xml": 1649321013566,
  "fragments/CreateSuccessDraft.fragment.xml": 1649317830979,
  "fragments/CreateSuccess.fragment.xml": 1649321013566,
  "fragments/CreateBuisnessPartner.fragment.xml": 1649853852746,
  "fragments/BuyerAttachment.fragment.xml": 1649321013546,
  "fragments/AttachmentList.fragment.xml": 1649321013546,
  "fragments/AttachmentContent.fragment.xml": 1649321013546,
  "fragments/ApproverComments.fragment.xml": 1649321013542,
  "fragments/AdvancedSearch.fragment.xml": 1649321013538,
  "css/style.css": 1649321013538,
  "Image/Success.svg": 1649321013274,
  "index.html": 1649321013590
}