{
  "controller/Reviewer.controller.js": 1639061273398,
  "model/StaticData.json": 1634882533996,
  "model/attachmentData.json": 1638258664375,
  "model/visibility.json": 1634882533996,
  "manifest.json": 1639061463844,
  "util/formatter.js": 1638355716944,
  "util/ServiceObj.js": 1634882534000,
  "model/models.js": 1634882533996,
  "controller/VendorRequest.controller.js": 1635417874323,
  "i18n/i18n.properties": 1639061273398,
  "controller/LegalApprove.controller.js": 1638781515173,
  "controller/GBSDetail.controller.js": 1634882533992,
  "controller/ExceptionFlow.controller.js": 1638781515173,
  "controller/EulaReject.controller.js": 1634882533992,
  "controller/BuyerRem.controller.js": 1638339605420,
  "controller/BPExtend.controller.js": 1638884335754,
  "controller/BPCreate.controller.js": 1639061273398,
  "controller/App.controller.js": 1636459431484,
  "Component.js": 1634882533988,
  "manifest-bundle.zip": 1639061455886,
  "Component-preload.js": 1639061461609,
  "controller/App-dbg.controller.js": 1636459431484,
  "util/ServiceObj-dbg.js": 1634882534000,
  "model/models-dbg.js": 1634882533996,
  "controller/VendorRequest-dbg.controller.js": 1635417874323,
  "controller/Reviewer-dbg.controller.js": 1639061273398,
  "controller/LegalApprove-dbg.controller.js": 1638781515173,
  "controller/GBSDetail-dbg.controller.js": 1634882533992,
  "controller/ExceptionFlow-dbg.controller.js": 1638781515173,
  "controller/EulaReject-dbg.controller.js": 1634882533992,
  "controller/BuyerRem-dbg.controller.js": 1638339605420,
  "controller/BPExtend-dbg.controller.js": 1638884335754,
  "controller/BPCreate-dbg.controller.js": 1639061273398,
  "util/formatter-dbg.js": 1638355716944,
  "Component-dbg.js": 1634882533988,
  "resources.json": 1639061463852,
  "view/VendorRequest.view.xml": 1635417874323,
  "view/Reviewer.view.xml": 1639061273398,
  "view/LegalApprove.view.xml": 1638781515173,
  "view/GBSDetail.view.xml": 1634882534000,
  "view/ExceptionFlow.view.xml": 1638860438979,
  "view/EulaReject.view.xml": 1634882534000,
  "view/BuyerRem.view.xml": 1638442749735,
  "view/BPExtend.view.xml": 1638178827200,
  "view/BPCreate.view.xml": 1635417874323,
  "view/App.view.xml": 1634882534000,
  "util/ServiceObj.css": 1634882534000,
  "fragments/personalizationFilter.fragment.xml": 1634882533996,
  "fragments/bankInfo.fragment.xml": 1637747501778,
  "fragments/ValidateResult.fragment.xml": 1634882533996,
  "fragments/Sorter.fragment.xml": 1634882533996,
  "fragments/PartnerDetail.fragment.xml": 1634882533996,
  "fragments/MitigationReason.fragment.xml": 1638258664371,
  "fragments/ExtendBuisnessPartner.fragment.xml": 1638884321318,
  "fragments/DraftSuccess.fragment.xml": 1634882533996,
  "fragments/CreateSuccessGBS.fragment.xml": 1634882533996,
  "fragments/CreateSuccessDraft.fragment.xml": 1637747501778,
  "fragments/CreateSuccess.fragment.xml": 1634882533996,
  "fragments/CreateBuisnessPartner.fragment.xml": 1639061273398,
  "fragments/BuyerAttachment.fragment.xml": 1634882533996,
  "fragments/ApproverComments.fragment.xml": 1637649467980,
  "fragments/AdvancedSearch.fragment.xml": 1634882533996,
  "css/style.css": 1638442749735,
  "Image/Success.svg": 1634882533988,
  "index.html": 1634882533996
}