{
  "controller/BPExtend.controller.js": 1646378418471,
  "model/StaticData.json": 1646378366727,
  "model/attachmentData.json": 1646378366727,
  "model/visibility.json": 1646378418483,
  "manifest.json": 1646639301949,
  "util/formatter.js": 1646378366727,
  "util/ServiceObj.js": 1646378418487,
  "model/models.js": 1646378418483,
  "controller/VendorRequest.controller.js": 1646378366723,
  "controller/Reviewer.controller.js": 1646378418479,
  "controller/LegalApprove.controller.js": 1646378418479,
  "controller/GBSDetail.controller.js": 1646378418479,
  "controller/ExceptionFlow.controller.js": 1646378418475,
  "controller/EulaReject.controller.js": 1646378418471,
  "controller/BuyerRem.controller.js": 1646378366719,
  "i18n/i18n.properties": 1646378418483,
  "controller/BPCreate.controller.js": 1646378418471,
  "controller/App.controller.js": 1646378366707,
  "ExtensionControl/ExtComboBox.js": 1646378366707,
  "Component.js": 1646378418467,
  "manifest-bundle.zip": 1646639297773,
  "Component-preload.js": 1646639300609,
  "controller/LegalApprove-dbg.controller.js": 1646378418479,
  "util/ServiceObj-dbg.js": 1646378418487,
  "model/models-dbg.js": 1646378418483,
  "controller/VendorRequest-dbg.controller.js": 1646378366723,
  "controller/Reviewer-dbg.controller.js": 1646378418479,
  "util/formatter-dbg.js": 1646378366727,
  "controller/GBSDetail-dbg.controller.js": 1646378418479,
  "controller/ExceptionFlow-dbg.controller.js": 1646378418475,
  "controller/EulaReject-dbg.controller.js": 1646378418471,
  "controller/BuyerRem-dbg.controller.js": 1646378366719,
  "controller/BPExtend-dbg.controller.js": 1646378418471,
  "controller/BPCreate-dbg.controller.js": 1646378418471,
  "controller/App-dbg.controller.js": 1646378366707,
  "ExtensionControl/ExtComboBox-dbg.js": 1646378366707,
  "Component-dbg.js": 1646378418467,
  "resources.json": 1646639301954,
  "view/VendorRequest.view.xml": 1646378366731,
  "view/Reviewer.view.xml": 1646378418491,
  "view/LegalApprove.view.xml": 1646378418491,
  "view/GBSDetail.view.xml": 1646378418491,
  "view/ExceptionFlow.view.xml": 1646378418491,
  "view/EulaReject.view.xml": 1646378418487,
  "view/BuyerRem.view.xml": 1646378366731,
  "view/BPExtend.view.xml": 1646378418487,
  "view/BPCreate.view.xml": 1646378366727,
  "view/App.view.xml": 1646378418487,
  "util/ServiceObj.css": 1646378418487,
  "fragments/personalizationFilter.fragment.xml": 1646378418483,
  "fragments/bankInfo.fragment.xml": 1646378366727,
  "fragments/ValidateResult.fragment.xml": 1646378418483,
  "fragments/Sorter.fragment.xml": 1646378418483,
  "fragments/SMETabView.fragment.xml": 1646378366727,
  "fragments/SMEList.fragment.xml": 1646378366723,
  "fragments/PartnerDetail.fragment.xml": 1646378418483,
  "fragments/MitigationReason.fragment.xml": 1646378366723,
  "fragments/ExtendBuisnessPartner.fragment.xml": 1646378418483,
  "fragments/DraftSuccess.fragment.xml": 1646378418483,
  "fragments/CreateSuccessGBS.fragment.xml": 1646378418483,
  "fragments/CreateSuccessDraft.fragment.xml": 1646378366723,
  "fragments/CreateSuccess.fragment.xml": 1646378418483,
  "fragments/CreateBuisnessPartner.fragment.xml": 1646378366723,
  "fragments/BuyerAttachment.fragment.xml": 1646378418479,
  "fragments/ApproverComments.fragment.xml": 1646378366723,
  "fragments/AdvancedSearch.fragment.xml": 1646378418479,
  "css/style.css": 1646639187603,
  "Image/Success.svg": 1646378418467,
  "index.html": 1646378418483
}