{
  "controller/LegalApprove.controller.js": 1637925661361,
  "Component.js": 1632822280210,
  "model/attachmentData.json": 1632822280218,
  "model/StaticData.json": 1632822280218,
  "manifest.json": 1637925786033,
  "util/formatter.js": 1637831934379,
  "util/ServiceObj.js": 1632822280218,
  "model/models.js": 1632822280218,
  "controller/VendorRequest.controller.js": 1635331302525,
  "controller/Reviewer.controller.js": 1637921532507,
  "i18n/i18n.properties": 1637913477619,
  "controller/GBSDetail.controller.js": 1632822280214,
  "controller/ExceptionFlow.controller.js": 1637925335410,
  "controller/EulaReject.controller.js": 1632822280210,
  "controller/BuyerRem.controller.js": 1636528431336,
  "controller/BPExtend.controller.js": 1637925703961,
  "controller/BPCreate.controller.js": 1637734577326,
  "controller/App.controller.js": 1636444958603,
  "model/visibility.json": 1632822280218,
  "manifest-bundle.zip": 1637925781300,
  "Component-preload.js": 1637925784403,
  "controller/BPCreate-dbg.controller.js": 1637734577326,
  "util/ServiceObj-dbg.js": 1632822280218,
  "model/models-dbg.js": 1632822280218,
  "controller/VendorRequest-dbg.controller.js": 1635331302525,
  "controller/Reviewer-dbg.controller.js": 1637921532507,
  "controller/LegalApprove-dbg.controller.js": 1637925661361,
  "controller/GBSDetail-dbg.controller.js": 1632822280214,
  "controller/ExceptionFlow-dbg.controller.js": 1637925335410,
  "controller/EulaReject-dbg.controller.js": 1632822280210,
  "controller/BuyerRem-dbg.controller.js": 1636528431336,
  "controller/BPExtend-dbg.controller.js": 1637925703961,
  "util/formatter-dbg.js": 1637831934379,
  "controller/App-dbg.controller.js": 1636444958603,
  "Component-dbg.js": 1632822280210,
  "resources.json": 1637925786042,
  "view/VendorRequest.view.xml": 1636528314592,
  "view/Reviewer.view.xml": 1637662998967,
  "view/LegalApprove.view.xml": 1636528306576,
  "view/GBSDetail.view.xml": 1632822280218,
  "view/ExceptionFlow.view.xml": 1637055701554,
  "view/EulaReject.view.xml": 1632822280218,
  "view/BuyerRem.view.xml": 1636528335188,
  "view/BPExtend.view.xml": 1637925703961,
  "view/BPCreate.view.xml": 1635131585461,
  "view/App.view.xml": 1632822280218,
  "util/ServiceObj.css": 1632822280218,
  "fragments/personalizationFilter.fragment.xml": 1632822280214,
  "fragments/bankInfo.fragment.xml": 1637662419408,
  "fragments/ValidateResult.fragment.xml": 1632822280214,
  "fragments/Sorter.fragment.xml": 1632822280214,
  "fragments/PartnerDetail.fragment.xml": 1632822280214,
  "fragments/MitigationReason.fragment.xml": 1637912913861,
  "fragments/ExtendBuisnessPartner.fragment.xml": 1637734993676,
  "fragments/DraftSuccess.fragment.xml": 1637665334216,
  "fragments/CreateSuccessGBS.fragment.xml": 1632822280214,
  "fragments/CreateSuccessDraft.fragment.xml": 1637667020513,
  "fragments/CreateSuccess.fragment.xml": 1637666746499,
  "fragments/CreateBuisnessPartner.fragment.xml": 1637734758147,
  "fragments/BuyerAttachment.fragment.xml": 1632822280214,
  "fragments/ApproverComments.fragment.xml": 1637121713273,
  "fragments/AdvancedSearch.fragment.xml": 1632822280214,
  "css/style.css": 1637925703961,
  "Image/Success.svg": 1632822280210,
  "index.html": 1632822280214
}