{
  "controller/App.controller.js": 1636459431484,
  "controller/EulaReject.controller.js": 1634882533992,
  "model/attachmentData.json": 1638258664375,
  "model/StaticData.json": 1642497294496,
  "manifest.json": 1643282487636,
  "util/formatter.js": 1643273422911,
  "util/ServiceObj.js": 1634882534000,
  "model/models.js": 1634882533996,
  "controller/VendorRequest.controller.js": 1635417874323,
  "controller/Reviewer.controller.js": 1643273422911,
  "controller/LegalApprove.controller.js": 1643273422907,
  "controller/GBSDetail.controller.js": 1641892249299,
  "controller/ExceptionFlow.controller.js": 1641892249299,
  "model/visibility.json": 1634882533996,
  "controller/BuyerRem.controller.js": 1642674244951,
  "controller/BPExtend.controller.js": 1643273422907,
  "controller/BPCreate.controller.js": 1642497294492,
  "i18n/i18n.properties": 1643273422911,
  "ExtensionControl/ExtComboBox.js": 1639131348522,
  "Component.js": 1634882533988,
  "manifest-bundle.zip": 1643282482770,
  "Component-preload.js": 1643282486270,
  "controller/EulaReject-dbg.controller.js": 1634882533992,
  "util/ServiceObj-dbg.js": 1634882534000,
  "model/models-dbg.js": 1634882533996,
  "ExtensionControl/ExtComboBox-dbg.js": 1639131348522,
  "controller/VendorRequest-dbg.controller.js": 1635417874323,
  "controller/Reviewer-dbg.controller.js": 1643273422911,
  "controller/LegalApprove-dbg.controller.js": 1643273422907,
  "controller/GBSDetail-dbg.controller.js": 1641892249299,
  "controller/ExceptionFlow-dbg.controller.js": 1641892249299,
  "util/formatter-dbg.js": 1643273422911,
  "controller/BuyerRem-dbg.controller.js": 1642674244951,
  "controller/BPExtend-dbg.controller.js": 1643273422907,
  "controller/BPCreate-dbg.controller.js": 1642497294492,
  "controller/App-dbg.controller.js": 1636459431484,
  "Component-dbg.js": 1634882533988,
  "resources.json": 1643282487642,
  "view/VendorRequest.view.xml": 1635417874323,
  "view/Reviewer.view.xml": 1642403597448,
  "view/LegalApprove.view.xml": 1640090573658,
  "view/GBSDetail.view.xml": 1641462662168,
  "view/ExceptionFlow.view.xml": 1640090573658,
  "view/EulaReject.view.xml": 1634882534000,
  "view/BuyerRem.view.xml": 1642674244951,
  "view/BPExtend.view.xml": 1642666903139,
  "view/BPCreate.view.xml": 1642497294496,
  "view/App.view.xml": 1634882534000,
  "util/ServiceObj.css": 1634882534000,
  "fragments/personalizationFilter.fragment.xml": 1634882533996,
  "fragments/bankInfo.fragment.xml": 1637747501778,
  "fragments/ValidateResult.fragment.xml": 1634882533996,
  "fragments/Sorter.fragment.xml": 1634882533996,
  "fragments/SMETabView.fragment.xml": 1641462662168,
  "fragments/SMEList.fragment.xml": 1641462662168,
  "fragments/PartnerDetail.fragment.xml": 1634882533996,
  "fragments/MitigationReason.fragment.xml": 1640165793365,
  "fragments/ExtendBuisnessPartner.fragment.xml": 1643273422911,
  "fragments/DraftSuccess.fragment.xml": 1634882533996,
  "fragments/CreateSuccessGBS.fragment.xml": 1634882533996,
  "fragments/CreateSuccessDraft.fragment.xml": 1637747501778,
  "fragments/CreateSuccess.fragment.xml": 1634882533996,
  "fragments/CreateBuisnessPartner.fragment.xml": 1639376802429,
  "fragments/BuyerAttachment.fragment.xml": 1634882533996,
  "fragments/ApproverComments.fragment.xml": 1637649467980,
  "fragments/AdvancedSearch.fragment.xml": 1634882533996,
  "css/style.css": 1638442749735,
  "Image/Success.svg": 1634882533988,
  "index.html": 1634882533996
}