{
  "util/formatter-dbg.js": 1639637754943,
  "controller/BuyerRem.controller.js": 1639464738610,
  "model/attachmentData.json": 1638263117501,
  "model/StaticData.json": 1632717370000,
  "manifest.json": 1639752651444,
  "util/formatter.js": 1639637754943,
  "util/ServiceObj.js": 1632717370000,
  "model/models.js": 1632717370000,
  "controller/VendorRequest.controller.js": 1635332594361,
  "controller/Reviewer.controller.js": 1639637224159,
  "controller/LegalApprove.controller.js": 1638545588993,
  "controller/GBSDetail.controller.js": 1632717370000,
  "controller/ExceptionFlow.controller.js": 1639490265262,
  "controller/EulaReject.controller.js": 1632717370000,
  "model/visibility.json": 1632717370000,
  "controller/BPExtend.controller.js": 1639570368167,
  "controller/BPCreate.controller.js": 1639637754943,
  "controller/App.controller.js": 1636445054863,
  "ExtensionControl/ExtComboBox.js": 1639464738606,
  "Component.js": 1632717370000,
  "manifest-bundle.zip": 1639752647773,
  "Component-preload.js": 1639752650303,
  "controller/LegalApprove-dbg.controller.js": 1638545588993,
  "util/ServiceObj-dbg.js": 1632717370000,
  "model/models-dbg.js": 1632717370000,
  "controller/VendorRequest-dbg.controller.js": 1635332594361,
  "controller/Reviewer-dbg.controller.js": 1639637224159,
  "i18n/i18n.properties": 1639660165615,
  "controller/GBSDetail-dbg.controller.js": 1632717370000,
  "controller/ExceptionFlow-dbg.controller.js": 1639490265262,
  "controller/EulaReject-dbg.controller.js": 1632717370000,
  "controller/BuyerRem-dbg.controller.js": 1639464738610,
  "controller/BPExtend-dbg.controller.js": 1639570368167,
  "controller/BPCreate-dbg.controller.js": 1639637754943,
  "controller/App-dbg.controller.js": 1636445054863,
  "ExtensionControl/ExtComboBox-dbg.js": 1639464738606,
  "Component-dbg.js": 1632717370000,
  "resources.json": 1639752651460,
  "view/VendorRequest.view.xml": 1635332594365,
  "view/Reviewer.view.xml": 1639464738614,
  "view/LegalApprove.view.xml": 1639660165615,
  "view/GBSDetail.view.xml": 1632717370000,
  "view/ExceptionFlow.view.xml": 1639464738614,
  "view/EulaReject.view.xml": 1632717370000,
  "view/BuyerRem.view.xml": 1639464738610,
  "view/BPExtend.view.xml": 1638177452620,
  "view/BPCreate.view.xml": 1635143382889,
  "view/App.view.xml": 1632717370000,
  "util/ServiceObj.css": 1632717370000,
  "fragments/personalizationFilter.fragment.xml": 1632717370000,
  "fragments/bankInfo.fragment.xml": 1637665909048,
  "fragments/ValidateResult.fragment.xml": 1632717370000,
  "fragments/Sorter.fragment.xml": 1632717370000,
  "fragments/PartnerDetail.fragment.xml": 1632717370000,
  "fragments/MitigationReason.fragment.xml": 1638263117497,
  "fragments/ExtendBuisnessPartner.fragment.xml": 1639464738610,
  "fragments/DraftSuccess.fragment.xml": 1632717370000,
  "fragments/CreateSuccessGBS.fragment.xml": 1632717370000,
  "fragments/CreateSuccessDraft.fragment.xml": 1637684182233,
  "fragments/CreateSuccess.fragment.xml": 1632717370000,
  "fragments/CreateBuisnessPartner.fragment.xml": 1639464738610,
  "fragments/BuyerAttachment.fragment.xml": 1632717370000,
  "fragments/ApproverComments.fragment.xml": 1637143048794,
  "fragments/AdvancedSearch.fragment.xml": 1632717370000,
  "css/style.css": 1638545588997,
  "Image/Success.svg": 1632717370000,
  "index.html": 1632717370000
}