{
  "view/BPExtend.view.xml": 1633621593255,
  "controller/LegalApprove.controller.js": 1634017945471,
  "model/attachmentData.json": 1632915884654,
  "model/StaticData.json": 1632915884654,
  "manifest.json": 1634018651300,
  "util/formatter.js": 1632915884654,
  "util/ServiceObj.js": 1632915884654,
  "model/models.js": 1632915884654,
  "controller/VendorRequest.controller.js": 1633685413468,
  "controller/Reviewer.controller.js": 1633086860412,
  "model/visibility.json": 1632915884654,
  "controller/GBSDetail.controller.js": 1632915884650,
  "controller/ExceptionFlow.controller.js": 1633068791451,
  "controller/EulaReject.controller.js": 1632915884646,
  "controller/BuyerRem.controller.js": 1633068791443,
  "controller/BPExtend.controller.js": 1634018019399,
  "controller/BPCreate.controller.js": 1634017945559,
  "controller/App.controller.js": 1632915884646,
  "Component.js": 1632915884646,
  "manifest-bundle.zip": 1634018648156,
  "Component-preload.js": 1634018650211,
  "controller/App-dbg.controller.js": 1632915884646,
  "util/ServiceObj-dbg.js": 1632915884654,
  "model/models-dbg.js": 1632915884654,
  "controller/VendorRequest-dbg.controller.js": 1633685413468,
  "controller/Reviewer-dbg.controller.js": 1633086860412,
  "controller/LegalApprove-dbg.controller.js": 1634017945471,
  "controller/GBSDetail-dbg.controller.js": 1632915884650,
  "controller/ExceptionFlow-dbg.controller.js": 1633068791451,
  "controller/EulaReject-dbg.controller.js": 1632915884646,
  "controller/BuyerRem-dbg.controller.js": 1633068791443,
  "controller/BPExtend-dbg.controller.js": 1634018019399,
  "controller/BPCreate-dbg.controller.js": 1634017945559,
  "util/formatter-dbg.js": 1632915884654,
  "Component-dbg.js": 1632915884646,
  "resources.json": 1634018651311,
  "view/VendorRequest.view.xml": 1633685515568,
  "view/Reviewer.view.xml": 1634017945471,
  "view/LegalApprove.view.xml": 1634017945471,
  "view/GBSDetail.view.xml": 1632915884654,
  "view/ExceptionFlow.view.xml": 1633068791455,
  "view/EulaReject.view.xml": 1632915884654,
  "view/BuyerRem.view.xml": 1634017945471,
  "i18n/i18n.properties": 1634017945471,
  "view/BPCreate.view.xml": 1632915884654,
  "view/App.view.xml": 1632915884654,
  "util/ServiceObj.css": 1632915884654,
  "fragments/personalizationFilter.fragment.xml": 1632915884650,
  "fragments/bankInfo.fragment.xml": 1632915884650,
  "fragments/ValidateResult.fragment.xml": 1632915884650,
  "fragments/Sorter.fragment.xml": 1632915884650,
  "fragments/PartnerDetail.fragment.xml": 1632915884650,
  "fragments/ExtendBuisnessPartner.fragment.xml": 1634017945543,
  "fragments/DraftSuccess.fragment.xml": 1632915884650,
  "fragments/CreateSuccessGBS.fragment.xml": 1632915884650,
  "fragments/CreateSuccess.fragment.xml": 1632915884650,
  "fragments/CreateBuisnessPartner.fragment.xml": 1634017945547,
  "fragments/BuyerAttachment.fragment.xml": 1632915884650,
  "fragments/ApproverComments.fragment.xml": 1632915884650,
  "fragments/AdvancedSearch.fragment.xml": 1632915884650,
  "css/style.css": 1632915884650,
  "Image/Success.svg": 1632915884646,
  "index.html": 1632915884650
}