{
  "fragments/ValidateResult.fragment.xml": 1645623168162,
  "Component.js": 1645623168154,
  "model/attachmentData.json": 1645622515835,
  "model/StaticData.json": 1645622515835,
  "manifest.json": 1646128250170,
  "util/formatter.js": 1645622515835,
  "util/ServiceObj.js": 1645623168170,
  "model/models.js": 1645623168162,
  "controller/VendorRequest.controller.js": 1645622515831,
  "controller/Reviewer.controller.js": 1645622515831,
  "controller/LegalApprove.controller.js": 1645622515831,
  "controller/GBSDetail.controller.js": 1645622515831,
  "controller/ExceptionFlow.controller.js": 1645622515827,
  "controller/EulaReject.controller.js": 1645623168162,
  "controller/BuyerRem.controller.js": 1645622515827,
  "controller/BPExtend.controller.js": 1645622515827,
  "controller/BPCreate.controller.js": 1645623168162,
  "controller/App.controller.js": 1645622515815,
  "ExtensionControl/ExtComboBox.js": 1645622515815,
  "model/visibility.json": 1645623168162,
  "manifest-bundle.zip": 1646128246241,
  "Component-preload.js": 1646128248873,
  "controller/GBSDetail-dbg.controller.js": 1645622515831,
  "util/ServiceObj-dbg.js": 1645623168170,
  "model/models-dbg.js": 1645623168162,
  "controller/VendorRequest-dbg.controller.js": 1645622515831,
  "controller/Reviewer-dbg.controller.js": 1645622515831,
  "controller/LegalApprove-dbg.controller.js": 1645622515831,
  "util/formatter-dbg.js": 1645622515835,
  "controller/ExceptionFlow-dbg.controller.js": 1645622515827,
  "controller/EulaReject-dbg.controller.js": 1645623168162,
  "controller/BuyerRem-dbg.controller.js": 1645622515827,
  "controller/BPExtend-dbg.controller.js": 1645622515827,
  "controller/BPCreate-dbg.controller.js": 1645623168162,
  "controller/App-dbg.controller.js": 1645622515815,
  "ExtensionControl/ExtComboBox-dbg.js": 1645622515815,
  "Component-dbg.js": 1645623168154,
  "resources.json": 1646128250177,
  "view/VendorRequest.view.xml": 1645622515839,
  "view/Reviewer.view.xml": 1645622515839,
  "view/LegalApprove.view.xml": 1645622515839,
  "view/GBSDetail.view.xml": 1645622515839,
  "view/ExceptionFlow.view.xml": 1645622515839,
  "view/EulaReject.view.xml": 1645623168170,
  "view/BuyerRem.view.xml": 1645622515839,
  "view/BPExtend.view.xml": 1645622515839,
  "view/BPCreate.view.xml": 1645622515835,
  "view/App.view.xml": 1645623168170,
  "util/ServiceObj.css": 1645623168166,
  "fragments/personalizationFilter.fragment.xml": 1645623168162,
  "fragments/bankInfo.fragment.xml": 1645622515835,
  "i18n/i18n.properties": 1645622515835,
  "fragments/Sorter.fragment.xml": 1645623168162,
  "fragments/SMETabView.fragment.xml": 1645622515835,
  "fragments/SMEList.fragment.xml": 1645622515835,
  "fragments/PartnerDetail.fragment.xml": 1645623168162,
  "fragments/MitigationReason.fragment.xml": 1645622515835,
  "fragments/ExtendBuisnessPartner.fragment.xml": 1645622515835,
  "fragments/DraftSuccess.fragment.xml": 1645623168162,
  "fragments/CreateSuccessGBS.fragment.xml": 1645623168162,
  "fragments/CreateSuccessDraft.fragment.xml": 1645622515835,
  "fragments/CreateSuccess.fragment.xml": 1645623168162,
  "fragments/CreateBuisnessPartner.fragment.xml": 1645622515835,
  "fragments/BuyerAttachment.fragment.xml": 1645623168162,
  "fragments/ApproverComments.fragment.xml": 1645622515831,
  "fragments/AdvancedSearch.fragment.xml": 1645623168162,
  "css/style.css": 1645622515831,
  "Image/Success.svg": 1645623168154,
  "index.html": 1645623168162
}