{
  "view/BuyerRem.view.xml": 1633967855155,
  "controller/BPExtend.controller.js": 1634813020518,
  "model/attachmentData.json": 1632717370000,
  "model/StaticData.json": 1632717370000,
  "manifest.json": 1635327649614,
  "util/formatter.js": 1632717370000,
  "util/ServiceObj.js": 1632717370000,
  "model/models.js": 1632717370000,
  "controller/VendorRequest.controller.js": 1635316871714,
  "controller/Reviewer.controller.js": 1634565846445,
  "controller/LegalApprove.controller.js": 1634819312743,
  "controller/GBSDetail.controller.js": 1632717370000,
  "controller/ExceptionFlow.controller.js": 1634111733225,
  "controller/EulaReject.controller.js": 1632717370000,
  "controller/BuyerRem.controller.js": 1633070879354,
  "model/visibility.json": 1632717370000,
  "controller/BPCreate.controller.js": 1634819312743,
  "controller/App.controller.js": 1635316871714,
  "Component.js": 1632717370000,
  "manifest-bundle.zip": 1635327646542,
  "Component-preload.js": 1635327648642,
  "controller/App-dbg.controller.js": 1635316871714,
  "util/ServiceObj-dbg.js": 1632717370000,
  "model/models-dbg.js": 1632717370000,
  "controller/VendorRequest-dbg.controller.js": 1635316871714,
  "controller/Reviewer-dbg.controller.js": 1634565846445,
  "controller/LegalApprove-dbg.controller.js": 1634819312743,
  "controller/GBSDetail-dbg.controller.js": 1632717370000,
  "controller/ExceptionFlow-dbg.controller.js": 1634111733225,
  "controller/EulaReject-dbg.controller.js": 1632717370000,
  "controller/BuyerRem-dbg.controller.js": 1633070879354,
  "controller/BPExtend-dbg.controller.js": 1634813020518,
  "controller/BPCreate-dbg.controller.js": 1634819312743,
  "util/formatter-dbg.js": 1632717370000,
  "Component-dbg.js": 1632717370000,
  "resources.json": 1635327649623,
  "view/VendorRequest.view.xml": 1634028563906,
  "view/Reviewer.view.xml": 1634565846445,
  "view/LegalApprove.view.xml": 1634819312743,
  "view/GBSDetail.view.xml": 1632717370000,
  "view/ExceptionFlow.view.xml": 1634028563902,
  "view/EulaReject.view.xml": 1632717370000,
  "i18n/i18n.properties": 1634565846445,
  "view/BPExtend.view.xml": 1635143382889,
  "view/BPCreate.view.xml": 1635143382889,
  "view/App.view.xml": 1632717370000,
  "util/ServiceObj.css": 1632717370000,
  "fragments/personalizationFilter.fragment.xml": 1632717370000,
  "fragments/bankInfo.fragment.xml": 1634028563902,
  "fragments/ValidateResult.fragment.xml": 1632717370000,
  "fragments/Sorter.fragment.xml": 1632717370000,
  "fragments/PartnerDetail.fragment.xml": 1632717370000,
  "fragments/ExtendBuisnessPartner.fragment.xml": 1634565846445,
  "fragments/DraftSuccess.fragment.xml": 1632717370000,
  "fragments/CreateSuccessGBS.fragment.xml": 1632717370000,
  "fragments/CreateSuccess.fragment.xml": 1632717370000,
  "fragments/CreateBuisnessPartner.fragment.xml": 1634816974188,
  "fragments/BuyerAttachment.fragment.xml": 1632717370000,
  "fragments/ApproverComments.fragment.xml": 1632717370000,
  "fragments/AdvancedSearch.fragment.xml": 1632717370000,
  "css/style.css": 1632717370000,
  "Image/Success.svg": 1632717370000,
  "index.html": 1632717370000
}