{
  "fragments/CreateSuccessGBS.fragment.xml": 1632822280214,
  "model/attachmentData.json": 1638253701317,
  "model/visibility.json": 1632822280218,
  "model/StaticData.json": 1632822280218,
  "manifest.json": 1638510381443,
  "util/formatter.js": 1638340265312,
  "util/ServiceObj.js": 1632822280218,
  "model/models.js": 1632822280218,
  "controller/VendorRequest.controller.js": 1635331302525,
  "controller/Reviewer.controller.js": 1638510234332,
  "controller/LegalApprove.controller.js": 1638509913720,
  "controller/GBSDetail.controller.js": 1632822280214,
  "controller/ExceptionFlow.controller.js": 1638509893564,
  "controller/EulaReject.controller.js": 1632822280210,
  "controller/BuyerRem.controller.js": 1638268795528,
  "controller/BPExtend.controller.js": 1638341401387,
  "controller/BPCreate.controller.js": 1638347745537,
  "controller/App.controller.js": 1636444958603,
  "Component.js": 1632822280210,
  "manifest-bundle.zip": 1638510377924,
  "Component-preload.js": 1638510380388,
  "model/models-dbg.js": 1632822280218,
  "util/ServiceObj-dbg.js": 1632822280218,
  "util/formatter-dbg.js": 1638340265312,
  "controller/VendorRequest-dbg.controller.js": 1635331302525,
  "controller/Reviewer-dbg.controller.js": 1638510234332,
  "controller/LegalApprove-dbg.controller.js": 1638509913720,
  "controller/GBSDetail-dbg.controller.js": 1632822280214,
  "controller/ExceptionFlow-dbg.controller.js": 1638509893564,
  "controller/EulaReject-dbg.controller.js": 1632822280210,
  "controller/BuyerRem-dbg.controller.js": 1638268795528,
  "controller/BPExtend-dbg.controller.js": 1638341401387,
  "controller/BPCreate-dbg.controller.js": 1638347745537,
  "controller/App-dbg.controller.js": 1636444958603,
  "Component-dbg.js": 1632822280210,
  "resources.json": 1638510381448,
  "view/VendorRequest.view.xml": 1636528314592,
  "view/Reviewer.view.xml": 1638509098020,
  "view/LegalApprove.view.xml": 1636528306576,
  "view/GBSDetail.view.xml": 1632822280218,
  "view/ExceptionFlow.view.xml": 1638509629936,
  "view/EulaReject.view.xml": 1632822280218,
  "view/BuyerRem.view.xml": 1638441510097,
  "view/BPExtend.view.xml": 1638169472902,
  "view/BPCreate.view.xml": 1635131585461,
  "view/App.view.xml": 1632822280218,
  "util/ServiceObj.css": 1632822280218,
  "fragments/personalizationFilter.fragment.xml": 1632822280214,
  "fragments/bankInfo.fragment.xml": 1637662419408,
  "fragments/ValidateResult.fragment.xml": 1632822280214,
  "fragments/Sorter.fragment.xml": 1632822280214,
  "fragments/PartnerDetail.fragment.xml": 1632822280214,
  "fragments/MitigationReason.fragment.xml": 1638254765162,
  "fragments/ExtendBuisnessPartner.fragment.xml": 1638447417668,
  "fragments/DraftSuccess.fragment.xml": 1637665334216,
  "i18n/i18n.properties": 1638375531408,
  "fragments/CreateSuccessDraft.fragment.xml": 1637667020513,
  "fragments/CreateSuccess.fragment.xml": 1637666746499,
  "fragments/CreateBuisnessPartner.fragment.xml": 1638351026225,
  "fragments/BuyerAttachment.fragment.xml": 1632822280214,
  "fragments/ApproverComments.fragment.xml": 1637121713273,
  "fragments/AdvancedSearch.fragment.xml": 1632822280214,
  "css/style.css": 1638373549937,
  "Image/Success.svg": 1632822280210,
  "index.html": 1632822280214
}