{
  "Component-preload.js": 1632731620641,
  "controller/EulaReject.controller.js": 1632376511199,
  "model/attachmentData.json": 1632376511207,
  "model/StaticData.json": 1632376511207,
  "manifest.json": 1632731621653,
  "util/formatter.js": 1632730668149,
  "util/ServiceObj.js": 1632376511211,
  "model/models.js": 1632376511207,
  "controller/VendorRequest.controller.js": 1632376511203,
  "controller/Reviewer.controller.js": 1632399411784,
  "controller/LegalApprove.controller.js": 1632376511203,
  "controller/GBSDetail.controller.js": 1632376511203,
  "controller/ExceptionFlow.controller.js": 1632730668145,
  "model/visibility.json": 1632376511207,
  "controller/BuyerRem.controller.js": 1632730668145,
  "controller/BPExtend.controller.js": 1632730668145,
  "controller/BPCreate.controller.js": 1632730668141,
  "controller/App.controller.js": 1632376511195,
  "Component.js": 1632376511191,
  "manifest-bundle.zip": 1632731615182,
  "i18n/i18n.properties": 1632730668149,
  "controller/Reviewer-dbg.controller.js": 1632399411784,
  "util/ServiceObj-dbg.js": 1632376511211,
  "model/models-dbg.js": 1632376511207,
  "controller/VendorRequest-dbg.controller.js": 1632376511203,
  "util/formatter-dbg.js": 1632730668149,
  "controller/LegalApprove-dbg.controller.js": 1632376511203,
  "controller/GBSDetail-dbg.controller.js": 1632376511203,
  "controller/ExceptionFlow-dbg.controller.js": 1632730668145,
  "controller/EulaReject-dbg.controller.js": 1632376511199,
  "controller/BuyerRem-dbg.controller.js": 1632730668145,
  "controller/BPExtend-dbg.controller.js": 1632730668145,
  "controller/BPCreate-dbg.controller.js": 1632730668141,
  "controller/App-dbg.controller.js": 1632376511195,
  "Component-dbg.js": 1632376511191,
  "resources.json": 1632731621717,
  "view/VendorRequest.view.xml": 1632376511211,
  "view/Reviewer.view.xml": 1632399411784,
  "view/LegalApprove.view.xml": 1632376511211,
  "view/GBSDetail.view.xml": 1632376511211,
  "view/ExceptionFlow.view.xml": 1632730668149,
  "view/EulaReject.view.xml": 1632376511211,
  "view/BuyerRem.view.xml": 1632730668149,
  "view/BPExtend.view.xml": 1632376511211,
  "view/BPCreate.view.xml": 1632376511211,
  "view/App.view.xml": 1632376511211,
  "util/ServiceObj.css": 1632376511207,
  "fragments/personalizationFilter.fragment.xml": 1632376511207,
  "fragments/bankInfo.fragment.xml": 1632376511207,
  "fragments/ValidateResult.fragment.xml": 1632376511207,
  "fragments/Sorter.fragment.xml": 1632376511207,
  "fragments/PartnerDetail.fragment.xml": 1632376511207,
  "fragments/ExtendBuisnessPartner.fragment.xml": 1632730668145,
  "fragments/DraftSuccess.fragment.xml": 1632376511207,
  "fragments/CreateSuccessGBS.fragment.xml": 1632376511207,
  "fragments/CreateSuccess.fragment.xml": 1632376511207,
  "fragments/CreateBuisnessPartner.fragment.xml": 1632730668145,
  "fragments/BuyerAttachment.fragment.xml": 1632376511207,
  "fragments/ApproverComments.fragment.xml": 1632376511207,
  "fragments/AdvancedSearch.fragment.xml": 1632376511207,
  "css/style.css": 1632730668145,
  "Image/Success.svg": 1632376511191,
  "index.html": 1632376511207
}