{
  "controller/BPExtend.controller.js": 1647512063757,
  "controller/BPCreate.controller.js": 1647338404533,
  "model/attachmentData.json": 1638273502000,
  "model/StaticData.json": 1642510640000,
  "manifest.json": 1647942859830,
  "util/formatter.js": 1647861059033,
  "util/ServiceObj.js": 1632842080000,
  "model/models.js": 1632842080000,
  "controller/VendorRequest.controller.js": 1645536472000,
  "controller/Reviewer.controller.js": 1647588708360,
  "controller/LegalApprove.controller.js": 1647588694508,
  "controller/GBSDetail.controller.js": 1644582736000,
  "controller/ExceptionFlow.controller.js": 1647588852732,
  "controller/EulaReject.controller.js": 1632842080000,
  "controller/BuyerRem.controller.js": 1642687412000,
  "i18n/i18n.properties": 1647861059033,
  "model/visibility.json": 1641409028000,
  "controller/App.controller.js": 1636464758000,
  "ExtensionControl/ExtComboBox.js": 1641914750000,
  "Component.js": 1632842080000,
  "manifest-bundle.zip": 1647942855378,
  "Component-preload.js": 1647942858480,
  "controller/ExceptionFlow-dbg.controller.js": 1647588852732,
  "util/ServiceObj-dbg.js": 1632842080000,
  "model/models-dbg.js": 1632842080000,
  "controller/VendorRequest-dbg.controller.js": 1645536472000,
  "controller/Reviewer-dbg.controller.js": 1647588708360,
  "controller/LegalApprove-dbg.controller.js": 1647588694508,
  "controller/GBSDetail-dbg.controller.js": 1644582736000,
  "util/formatter-dbg.js": 1647861059033,
  "controller/EulaReject-dbg.controller.js": 1632842080000,
  "controller/BuyerRem-dbg.controller.js": 1642687412000,
  "controller/BPExtend-dbg.controller.js": 1647512063757,
  "controller/BPCreate-dbg.controller.js": 1647338404533,
  "controller/App-dbg.controller.js": 1636464758000,
  "ExtensionControl/ExtComboBox-dbg.js": 1641914750000,
  "Component-dbg.js": 1632842080000,
  "resources.json": 1647942859834,
  "view/VendorRequest.view.xml": 1636548114000,
  "view/Reviewer.view.xml": 1647861059033,
  "view/LegalApprove.view.xml": 1647338046725,
  "view/GBSDetail.view.xml": 1644582402000,
  "view/ExceptionFlow.view.xml": 1647942568303,
  "view/EulaReject.view.xml": 1632842080000,
  "view/BuyerRem.view.xml": 1642687506000,
  "view/BPExtend.view.xml": 1647413117608,
  "view/BPCreate.view.xml": 1642429290000,
  "view/App.view.xml": 1632842080000,
  "util/ServiceObj.css": 1632842080000,
  "fragments/personalizationFilter.fragment.xml": 1632842080000,
  "fragments/bankInfo.fragment.xml": 1646823997566,
  "fragments/ValidateResult.fragment.xml": 1632842080000,
  "fragments/Sorter.fragment.xml": 1632842080000,
  "fragments/SMETabView.fragment.xml": 1641328878000,
  "fragments/SMEList.fragment.xml": 1641313380000,
  "fragments/PartnerDetail.fragment.xml": 1632842080000,
  "fragments/MitigationReason.fragment.xml": 1640171208000,
  "fragments/ExtendBuisnessPartner.fragment.xml": 1647511976509,
  "fragments/DraftSuccess.fragment.xml": 1637685134000,
  "fragments/CreateSuccessGBS.fragment.xml": 1632842080000,
  "fragments/CreateSuccessDraft.fragment.xml": 1637686820000,
  "fragments/CreateSuccess.fragment.xml": 1637686546000,
  "fragments/CreateBuisnessPartner.fragment.xml": 1647338250501,
  "fragments/BuyerAttachment.fragment.xml": 1632842080000,
  "fragments/ApproverComments.fragment.xml": 1637141514000,
  "fragments/AdvancedSearch.fragment.xml": 1632842080000,
  "css/style.css": 1638393350000,
  "Image/Success.svg": 1632842080000,
  "index.html": 1632842080000
}