{
  "util/formatter.js": 1647950362027,
  "controller/App.controller.js": 1646651957366,
  "model/attachmentData.json": 1646651957382,
  "model/StaticData.json": 1646651957382,
  "manifest.json": 1648467396440,
  "i18n/i18n.properties": 1648115970528,
  "util/ServiceObj.js": 1646652008864,
  "model/models.js": 1646652008864,
  "controller/VendorRequest.controller.js": 1646651957378,
  "controller/Reviewer.controller.js": 1648115814955,
  "controller/LegalApprove.controller.js": 1647594325894,
  "controller/GBSDetail.controller.js": 1646652008856,
  "controller/ExceptionFlow.controller.js": 1647594325894,
  "controller/EulaReject.controller.js": 1646652008852,
  "controller/BuyerRem.controller.js": 1648467321111,
  "controller/BPExtend.controller.js": 1648115939420,
  "controller/BPCreate.controller.js": 1647933155809,
  "model/visibility.json": 1646652008864,
  "ExtensionControl/ExtComboBox.js": 1646651957362,
  "Component.js": 1646652008844,
  "manifest-bundle.zip": 1648467390412,
  "Component-preload.js": 1648467394910,
  "controller/App-dbg.controller.js": 1646651957366,
  "util/ServiceObj-dbg.js": 1646652008864,
  "model/models-dbg.js": 1646652008864,
  "controller/VendorRequest-dbg.controller.js": 1646651957378,
  "controller/Reviewer-dbg.controller.js": 1648115814955,
  "controller/LegalApprove-dbg.controller.js": 1647594325894,
  "controller/GBSDetail-dbg.controller.js": 1646652008856,
  "controller/ExceptionFlow-dbg.controller.js": 1647594325894,
  "controller/EulaReject-dbg.controller.js": 1646652008852,
  "controller/BuyerRem-dbg.controller.js": 1648467321111,
  "controller/BPExtend-dbg.controller.js": 1648115939420,
  "controller/BPCreate-dbg.controller.js": 1647933155809,
  "util/formatter-dbg.js": 1647950362027,
  "ExtensionControl/ExtComboBox-dbg.js": 1646651957362,
  "Component-dbg.js": 1646652008844,
  "resources.json": 1648467396446,
  "view/VendorRequest.view.xml": 1647605341169,
  "view/Reviewer.view.xml": 1648467321111,
  "view/LegalApprove.view.xml": 1648467321111,
  "view/GBSDetail.view.xml": 1646652008868,
  "view/ExceptionFlow.view.xml": 1648467321111,
  "view/EulaReject.view.xml": 1646652008868,
  "view/BuyerRem.view.xml": 1646651957386,
  "view/BPExtend.view.xml": 1647416158063,
  "view/BPCreate.view.xml": 1646651957386,
  "view/App.view.xml": 1646652008864,
  "util/ServiceObj.css": 1646652008864,
  "fragments/personalizationFilter.fragment.xml": 1646652008860,
  "fragments/bankInfo.fragment.xml": 1646734998634,
  "fragments/ValidateResult.fragment.xml": 1646652008860,
  "fragments/Sorter.fragment.xml": 1646652008860,
  "fragments/SMETabView.fragment.xml": 1646651957382,
  "fragments/SMEList.fragment.xml": 1646651957382,
  "fragments/PartnerDetail.fragment.xml": 1646652008860,
  "fragments/MitigationReason.fragment.xml": 1646651957382,
  "fragments/ExtendBuisnessPartner.fragment.xml": 1647518988692,
  "fragments/DraftSuccess.fragment.xml": 1646652008860,
  "fragments/CreateSuccessGBS.fragment.xml": 1646652008860,
  "fragments/CreateSuccessDraft.fragment.xml": 1646651957382,
  "fragments/CreateSuccess.fragment.xml": 1646652008860,
  "fragments/CreateBuisnessPartner.fragment.xml": 1648115939424,
  "fragments/BuyerAttachment.fragment.xml": 1646652008860,
  "fragments/AttachmentList.fragment.xml": 1648112854101,
  "fragments/AttachmentContent.fragment.xml": 1648115235189,
  "fragments/ApproverComments.fragment.xml": 1646651957378,
  "fragments/AdvancedSearch.fragment.xml": 1646652008860,
  "css/style.css": 1648467321111,
  "Image/Success.svg": 1646652008844,
  "index.html": 1646652008864
}