{
    "resources": [
        {
            "name": "../report/reports/manifest-bundle.zip"
        },
        {
            "name": "../report/reports/controller/App.controller.js"
        },
        {
            "name": "../report/reports/util/formatter.js"
        },
        {
            "name": "../report/reports/model/models.js"
        },
        {
            "name": "../report/reports/controlExtension/ExtVbox.js"
        },
        {
            "name": "../report/reports/controlExtension/ExtComboBox.js"
        },
        {
            "name": "../report/reports/controller/Reports.controller.js"
        },
        {
            "name": "../report/reports/controller/PreviewForm.controller.js"
        },
        {
            "name": "../report/reports/controller/Home.controller.js"
        },
        {
            "name": "../report/reports/controller/BaseController.js"
        },
        {
            "name": "../report/reports/manifest.json"
        },
        {
            "name": "../report/reports/Component.js"
        },
        {
            "name": "../report/reports/i18n/i18n.properties",
            "raw": "i18n/i18n.properties"
        },
        {
            "name": "../report/reports/Component-preload.js",
            "merged": true
        },
        {
            "name": "../report/reports/controller/App-dbg.controller.js",
            "isDebug": true
        },
        {
            "name": "../report/reports/model/models-dbg.js",
            "isDebug": true
        },
        {
            "name": "../report/reports/controller/Reports-dbg.controller.js",
            "isDebug": true
        },
        {
            "name": "../report/reports/controller/PreviewForm-dbg.controller.js",
            "isDebug": true
        },
        {
            "name": "../report/reports/controller/Home-dbg.controller.js",
            "isDebug": true
        },
        {
            "name": "../report/reports/controller/BaseController-dbg.js",
            "isDebug": true
        },
        {
            "name": "../report/reports/util/formatter-dbg.js",
            "isDebug": true
        },
        {
            "name": "../report/reports/controlExtension/ExtVbox-dbg.js",
            "isDebug": true
        },
        {
            "name": "../report/reports/controlExtension/ExtComboBox-dbg.js",
            "isDebug": true
        },
        {
            "name": "../report/reports/Component-dbg.js",
            "isDebug": true
        },
        {
            "name": "../../../sap-ui-version.json"
        },
        {
            "name": "../report/reports/view/Reports.view.xml"
        },
        {
            "name": "../report/reports/view/PreviewForm.view.xml"
        },
        {
            "name": "../report/reports/view/Home.view.xml"
        },
        {
            "name": "../report/reports/view/App.view.xml"
        },
        {
            "name": "../report/reports/fragment/UserWorkItemGraph.fragment.xml"
        },
        {
            "name": "../report/reports/fragment/TaskSummaryGraph.fragment.xml"
        },
        {
            "name": "../report/reports/fragment/TaskCompletionGraph.fragment.xml"
        },
        {
            "name": "../report/reports/fragment/Sorter.fragment.xml"
        },
        {
            "name": "../report/reports/fragment/ActiveTaskGraph.fragment.xml"
        },
        {
            "name": "../report/reports/css/style.css"
        },
        {
            "name": "../report/reports/css/font-opensans.css"
        },
        {
            "name": "../report/reports/css/font-awesome.css"
        },
        {
            "name": "../report/reports/index.html"
        }
    ]
}