<core:FragmentDefinition xmlns:core="sap.ui.core" xmlns="sap.m" xmlns:layout="sap.ui.layout" xmlns:f="sap.f"
	xmlns:grid="sap.ui.layout.cssgrid" xmlns:viz="sap.viz.ui5.controls" xmlns:viz.data="sap.viz.ui5.data"
	xmlns:viz.feeds="sap.viz.ui5.controls.common.feeds">
	<VBox id="ID_TASK_COMPLETION" renderType="Bare" alignItems="Center" width="100%" class="wbDashboardChartClass" visible="{oGraphDataModel>/graphTaskCompletionTrend}">
		<layoutData>
			<grid:GridItemLayoutData gridColumn="span 1"/>
		</layoutData>
		<HBox renderType="Bare" alignItems="Center" width="100%" justifyContent="SpaceBetween" class="wbDashboardHeaderComboClass">
			<Text text="{i18n>TASK_COMPLETION_TREND_TEXT}" class="wbDashboardTitleTextClass"/>
			<Select class="sapUiTinyMarginEnd wbDashBoardFilterSelect" items="{oGraphDataModel>/durationListData}"
				selectedKey="{oGraphDataModel>/selectedDuration}" change="fnGetTaskCompletionGraphData">
				<core:Item key="{oGraphDataModel>key}" text="{oGraphDataModel>text}"/>
			</Select>
		</HBox>
		<viz:VizFrame busy="{oGraphDataModel>/enableBusyIndicators/trendGraph}" busyIndicatorDelay="0" xmlns="sap.viz" id="WB_COLUMN_GRAPH"
			selectData="fetchGraphDetailFn" vizType="line" legendVisible="false" width="100%"
			height="{path : '/' ,formatter: 'oneapp.incture.report.reports.util.formatter.wbGraphHeight'}"/>
	</VBox>
</core:FragmentDefinition>