{
  "controller/EulaReject-dbg.controller.js": 1632822280210,
  "controller/Reviewer.controller.js": 1644564566492,
  "model/attachmentData.json": 1638253701317,
  "model/StaticData.json": 1642490839293,
  "manifest.json": 1646285968954,
  "util/formatter.js": 1643097848103,
  "util/ServiceObj.js": 1632822280218,
  "model/models.js": 1632822280218,
  "controller/VendorRequest.controller.js": 1645516672477,
  "model/visibility.json": 1641389228963,
  "controller/LegalApprove.controller.js": 1644222395958,
  "controller/GBSDetail.controller.js": 1644562935152,
  "controller/ExceptionFlow.controller.js": 1646054117744,
  "controller/EulaReject.controller.js": 1632822280210,
  "controller/BuyerRem.controller.js": 1642667611011,
  "controller/BPExtend.controller.js": 1646285829092,
  "controller/BPCreate.controller.js": 1646033842223,
  "controller/App.controller.js": 1636444958603,
  "ExtensionControl/ExtComboBox.js": 1641894949107,
  "Component.js": 1632822280210,
  "manifest-bundle.zip": 1646285962927,
  "Component-preload.js": 1646285967163,
  "util/formatter-dbg.js": 1643097848103,
  "util/ServiceObj-dbg.js": 1632822280218,
  "model/models-dbg.js": 1632822280218,
  "controller/VendorRequest-dbg.controller.js": 1645516672477,
  "controller/Reviewer-dbg.controller.js": 1644564566492,
  "controller/LegalApprove-dbg.controller.js": 1644222395958,
  "controller/GBSDetail-dbg.controller.js": 1644562935152,
  "controller/ExceptionFlow-dbg.controller.js": 1646054117744,
  "i18n/i18n.properties": 1644847483710,
  "controller/BuyerRem-dbg.controller.js": 1642667611011,
  "controller/BPExtend-dbg.controller.js": 1646285829092,
  "controller/BPCreate-dbg.controller.js": 1646033842223,
  "controller/App-dbg.controller.js": 1636444958603,
  "ExtensionControl/ExtComboBox-dbg.js": 1641894949107,
  "Component-dbg.js": 1632822280210,
  "resources.json": 1646285968961,
  "view/VendorRequest.view.xml": 1636528314592,
  "view/Reviewer.view.xml": 1644564714932,
  "view/LegalApprove.view.xml": 1644217795808,
  "view/GBSDetail.view.xml": 1644562602643,
  "view/ExceptionFlow.view.xml": 1646054024256,
  "view/EulaReject.view.xml": 1632822280218,
  "view/BuyerRem.view.xml": 1642667706003,
  "view/BPExtend.view.xml": 1645106349473,
  "view/BPCreate.view.xml": 1642409490621,
  "view/App.view.xml": 1632822280218,
  "util/ServiceObj.css": 1632822280218,
  "fragments/personalizationFilter.fragment.xml": 1632822280214,
  "fragments/bankInfo.fragment.xml": 1637662419408,
  "fragments/ValidateResult.fragment.xml": 1632822280214,
  "fragments/Sorter.fragment.xml": 1632822280214,
  "fragments/SMETabView.fragment.xml": 1641309078674,
  "fragments/SMEList.fragment.xml": 1641293579708,
  "fragments/PartnerDetail.fragment.xml": 1632822280214,
  "fragments/MitigationReason.fragment.xml": 1640151407926,
  "fragments/ExtendBuisnessPartner.fragment.xml": 1644563108301,
  "fragments/DraftSuccess.fragment.xml": 1637665334216,
  "fragments/CreateSuccessGBS.fragment.xml": 1632822280214,
  "fragments/CreateSuccessDraft.fragment.xml": 1637667020513,
  "fragments/CreateSuccess.fragment.xml": 1637666746499,
  "fragments/CreateBuisnessPartner.fragment.xml": 1645191956955,
  "fragments/BuyerAttachment.fragment.xml": 1632822280214,
  "fragments/ApproverComments.fragment.xml": 1637121713273,
  "fragments/AdvancedSearch.fragment.xml": 1632822280214,
  "css/style.css": 1638373549937,
  "Image/Success.svg": 1632822280210,
  "index.html": 1632822280214
}