{
  "model/StaticData.json": 1642490839000,
  "ExtensionControl/ExtComboBox.js": 1641894949000,
  "model/attachmentData.json": 1638253701000,
  "i18n/i18n.properties": 1644847483000,
  "manifest.json": 1646377572654,
  "util/formatter.js": 1643097848000,
  "util/ServiceObj.js": 1632822280000,
  "model/models.js": 1632822280000,
  "controller/VendorRequest.controller.js": 1645516672000,
  "controller/Reviewer.controller.js": 1644564566000,
  "controller/LegalApprove.controller.js": 1644222395000,
  "controller/GBSDetail.controller.js": 1644562935000,
  "controller/ExceptionFlow.controller.js": 1646054117000,
  "controller/EulaReject.controller.js": 1632822280000,
  "controller/BuyerRem.controller.js": 1642667611000,
  "controller/BPExtend.controller.js": 1646285829000,
  "controller/BPCreate.controller.js": 1646033842000,
  "controller/App.controller.js": 1636444958000,
  "model/visibility.json": 1641389228000,
  "Component.js": 1632822280000,
  "manifest-bundle.zip": 1646377554292,
  "Component-preload.js": 1646377564897,
  "controller/Reviewer-dbg.controller.js": 1644564566000,
  "util/ServiceObj-dbg.js": 1632822280000,
  "model/models-dbg.js": 1632822280000,
  "controller/VendorRequest-dbg.controller.js": 1645516672000,
  "util/formatter-dbg.js": 1643097848000,
  "controller/LegalApprove-dbg.controller.js": 1644222395000,
  "controller/GBSDetail-dbg.controller.js": 1644562935000,
  "controller/ExceptionFlow-dbg.controller.js": 1646054117000,
  "controller/EulaReject-dbg.controller.js": 1632822280000,
  "controller/BuyerRem-dbg.controller.js": 1642667611000,
  "controller/BPExtend-dbg.controller.js": 1646285829000,
  "controller/BPCreate-dbg.controller.js": 1646033842000,
  "controller/App-dbg.controller.js": 1636444958000,
  "ExtensionControl/ExtComboBox-dbg.js": 1641894949000,
  "Component-dbg.js": 1632822280000,
  "resources.json": 1646377572669,
  "view/VendorRequest.view.xml": 1636528314000,
  "view/Reviewer.view.xml": 1644564714000,
  "view/LegalApprove.view.xml": 1644217795000,
  "view/GBSDetail.view.xml": 1644562602000,
  "view/ExceptionFlow.view.xml": 1646054024000,
  "view/EulaReject.view.xml": 1632822280000,
  "view/BuyerRem.view.xml": 1642667706000,
  "view/BPExtend.view.xml": 1645106349000,
  "view/BPCreate.view.xml": 1642409490000,
  "view/App.view.xml": 1632822280000,
  "util/ServiceObj.css": 1632822280000,
  "fragments/personalizationFilter.fragment.xml": 1632822280000,
  "fragments/bankInfo.fragment.xml": 1637662419000,
  "fragments/ValidateResult.fragment.xml": 1632822280000,
  "fragments/Sorter.fragment.xml": 1632822280000,
  "fragments/SMETabView.fragment.xml": 1641309078000,
  "fragments/SMEList.fragment.xml": 1641293579000,
  "fragments/PartnerDetail.fragment.xml": 1632822280000,
  "fragments/MitigationReason.fragment.xml": 1640151407000,
  "fragments/ExtendBuisnessPartner.fragment.xml": 1644563108000,
  "fragments/DraftSuccess.fragment.xml": 1637665334000,
  "fragments/CreateSuccessGBS.fragment.xml": 1632822280000,
  "fragments/CreateSuccessDraft.fragment.xml": 1637667020000,
  "fragments/CreateSuccess.fragment.xml": 1637666746000,
  "fragments/CreateBuisnessPartner.fragment.xml": 1645191956000,
  "fragments/BuyerAttachment.fragment.xml": 1632822280000,
  "fragments/ApproverComments.fragment.xml": 1637121713000,
  "fragments/AdvancedSearch.fragment.xml": 1632822280000,
  "css/style.css": 1638373549000,
  "Image/Success.svg": 1632822280000,
  "index.html": 1632822280000
}