{
    "resources": [
        {
            "name": "controlExtension/ExtVbox-dbg.js",
            "isDebug": true
        },
        {
            "name": "i18n/i18n_in.properties",
            "raw": "i18n/i18n.properties",
            "locale": "_in"
        },
        {
            "name": "i18n/i18n_en_US.properties",
            "raw": "i18n/i18n.properties",
            "locale": "_en_US"
        },
        {
            "name": "i18n/i18n_en.properties",
            "raw": "i18n/i18n.properties",
            "locale": "_en"
        },
        {
            "name": "i18n/i18n_zh.properties",
            "raw": "i18n/i18n.properties",
            "locale": "_zh"
        },
        {
            "name": "i18n/i18n.properties",
            "raw": "i18n/i18n.properties"
        },
        {
            "name": "util/workbox.js"
        },
        {
            "name": "manifest.json"
        },
        {
            "name": "model/localData.json"
        },
        {
            "name": "util/utility.js"
        },
        {
            "name": "util/taskManagement.js"
        },
        {
            "name": "util/taggingMember.js"
        },
        {
            "name": "util/formatter.js"
        },
        {
            "name": "util/ODataOperationManager.js"
        },
        {
            "name": "model/models.js"
        },
        {
            "name": "controller/UserWorkLoad.controller.js"
        },
        {
            "name": "controller/UnifiedInbox.controller.js"
        },
        {
            "name": "controller/TaskDetail.controller.js"
        },
        {
            "name": "controller/ProcessFlow.controller.js"
        },
        {
            "name": "controller/Dashboard.controller.js"
        },
        {
            "name": "controller/CreateTask.controller.js"
        },
        {
            "name": "controller/Chat.controller.js"
        },
        {
            "name": "controller/BaseController.js"
        },
        {
            "name": "controller/App.controller.js"
        },
        {
            "name": "controller/AdminConsole.controller.js"
        },
        {
            "name": "controlExtension/Table.js"
        },
        {
            "name": "controlExtension/NetworkGraphCustomNode.js"
        },
        {
            "name": "controlExtension/ExtVbox.js"
        },
        {
            "name": "controlExtension/ExtSideNavigation.js"
        },
        {
            "name": "controlExtension/ExtRTE.js"
        },
        {
            "name": "controlExtension/ExtNavigationListItem.js"
        },
        {
            "name": "controlExtension/ExtList.js"
        },
        {
            "name": "controlExtension/ExtHbox.js"
        },
        {
            "name": "controlExtension/ExtDateRangeSelection.js"
        },
        {
            "name": "controlExtension/ExtDatePicker.js"
        },
        {
            "name": "controlExtension/ExtComboBox.js"
        },
        {
            "name": "Component.js"
        },
        {
            "name": "manifest-bundle.zip"
        },
        {
            "name": "Component-preload.js",
            "merged": true
        },
        {
            "name": "controlExtension/ExtDatePicker-dbg.js",
            "isDebug": true
        },
        {
            "name": "util/utility-dbg.js",
            "isDebug": true
        },
        {
            "name": "util/taskManagement-dbg.js",
            "isDebug": true
        },
        {
            "name": "util/taggingMember-dbg.js",
            "isDebug": true
        },
        {
            "name": "util/formatter-dbg.js",
            "isDebug": true
        },
        {
            "name": "util/ODataOperationManager-dbg.js",
            "isDebug": true
        },
        {
            "name": "model/models-dbg.js",
            "isDebug": true
        },
        {
            "name": "controller/UserWorkLoad-dbg.controller.js",
            "isDebug": true
        },
        {
            "name": "controller/UnifiedInbox-dbg.controller.js",
            "isDebug": true
        },
        {
            "name": "controller/TaskDetail-dbg.controller.js",
            "isDebug": true
        },
        {
            "name": "controller/ProcessFlow-dbg.controller.js",
            "isDebug": true
        },
        {
            "name": "controller/Dashboard-dbg.controller.js",
            "isDebug": true
        },
        {
            "name": "controller/CreateTask-dbg.controller.js",
            "isDebug": true
        },
        {
            "name": "controller/Chat-dbg.controller.js",
            "isDebug": true
        },
        {
            "name": "controller/BaseController-dbg.js",
            "isDebug": true
        },
        {
            "name": "controller/App-dbg.controller.js",
            "isDebug": true
        },
        {
            "name": "controller/AdminConsole-dbg.controller.js",
            "isDebug": true
        },
        {
            "name": "controlExtension/Table-dbg.js",
            "isDebug": true
        },
        {
            "name": "controlExtension/NetworkGraphCustomNode-dbg.js",
            "isDebug": true
        },
        {
            "name": "i18n/i18n_ar.properties",
            "raw": "i18n/i18n.properties",
            "locale": "_ar"
        },
        {
            "name": "controlExtension/ExtSideNavigation-dbg.js",
            "isDebug": true
        },
        {
            "name": "controlExtension/ExtRTE-dbg.js",
            "isDebug": true
        },
        {
            "name": "controlExtension/ExtNavigationListItem-dbg.js",
            "isDebug": true
        },
        {
            "name": "controlExtension/ExtList-dbg.js",
            "isDebug": true
        },
        {
            "name": "controlExtension/ExtHbox-dbg.js",
            "isDebug": true
        },
        {
            "name": "controlExtension/ExtDateRangeSelection-dbg.js",
            "isDebug": true
        },
        {
            "name": "util/workbox-dbg.js",
            "isDebug": true
        },
        {
            "name": "controlExtension/ExtComboBox-dbg.js",
            "isDebug": true
        },
        {
            "name": "Component-dbg.js",
            "isDebug": true
        },
        {
            "name": "../../../sap-ui-version.json"
        },
        {
            "name": "css/fonts/icomoon.woff"
        },
        {
            "name": "css/fonts/icomoon.ttf"
        },
        {
            "name": "css/fonts/icomoon.svg"
        },
        {
            "name": "css/fonts/icomoon.eot"
        },
        {
            "name": "view/UserWorkLoad.view.xml"
        },
        {
            "name": "view/UnifiedInbox.view.xml"
        },
        {
            "name": "view/TaskDetail.view.xml"
        },
        {
            "name": "view/ProcessFlow.view.xml"
        },
        {
            "name": "view/Dashboard.view.xml"
        },
        {
            "name": "view/CreateTask.view.xml"
        },
        {
            "name": "view/Chat.view.xml"
        },
        {
            "name": "view/App.view.xml"
        },
        {
            "name": "view/AdminConsole.view.xml"
        },
        {
            "name": "images/workbox.png"
        },
        {
            "name": "images/skipCurrentAssignement.svg"
        },
        {
            "name": "images/notification.svg"
        },
        {
            "name": "images/dummy.svg"
        },
        {
            "name": "images/Withdraw.svg"
        },
        {
            "name": "images/VolumeUp.svg"
        },
        {
            "name": "images/VolumeOff.svg"
        },
        {
            "name": "images/ViewIcon.png"
        },
        {
            "name": "images/UserWorkloadIconNav.svg"
        },
        {
            "name": "images/Upload.svg"
        },
        {
            "name": "images/UnPin.png"
        },
        {
            "name": "images/TableSettings.png"
        },
        {
            "name": "images/Suspend.svg"
        },
        {
            "name": "images/SortIcon.png"
        },
        {
            "name": "images/SentStatus.svg"
        },
        {
            "name": "images/SendArrow.png"
        },
        {
            "name": "images/SeenStatus.svg"
        },
        {
            "name": "images/ScienceBlueTheme.png"
        },
        {
            "name": "images/SaveIcon.png"
        },
        {
            "name": "images/Resume.svg"
        },
        {
            "name": "images/ResetIcon.png"
        },
        {
            "name": "images/Renew.svg"
        },
        {
            "name": "images/Release.svg"
        },
        {
            "name": "images/PushBack.svg"
        },
        {
            "name": "images/PrintIcon.png"
        },
        {
            "name": "images/PinIcon.png"
        },
        {
            "name": "images/NoRecord.gif"
        },
        {
            "name": "images/MoreIcon.png"
        },
        {
            "name": "images/Microphone.svg"
        },
        {
            "name": "images/Microphone.png"
        },
        {
            "name": "images/ListRightArrow.png"
        },
        {
            "name": "images/InctureBlueTheme.png"
        },
        {
            "name": "images/InboxIconNav.svg"
        },
        {
            "name": "images/ImageSelector.png"
        },
        {
            "name": "images/GroupsIcon.png"
        },
        {
            "name": "images/GifSelector.png"
        },
        {
            "name": "images/Forward.svg"
        },
        {
            "name": "images/Favorite.svg"
        },
        {
            "name": "images/EyeOff.svg"
        },
        {
            "name": "images/EyeIcon.svg"
        },
        {
            "name": "images/Eye.svg"
        },
        {
            "name": "images/ExportIcon.png"
        },
        {
            "name": "images/EmojiSelector.png"
        },
        {
            "name": "images/DragonRedTheme.png"
        },
        {
            "name": "images/DragIcon.png"
        },
        {
            "name": "images/DirectMessage.png"
        },
        {
            "name": "images/DeliveredStatus.svg"
        },
        {
            "name": "images/DeclineReject.svg"
        },
        {
            "name": "images/DashboardIconNav.svg"
        },
        {
            "name": "images/CreateSubtask.svg"
        },
        {
            "name": "images/CosmicCobaltTheme.png"
        },
        {
            "name": "images/Complete.svg"
        },
        {
            "name": "images/Claim.svg"
        },
        {
            "name": "images/Cherrywork_logo.png"
        },
        {
            "name": "images/CherryRedTheme.png"
        },
        {
            "name": "images/ChatbotIcon.svg"
        },
        {
            "name": "images/ChatIconNav.svg"
        },
        {
            "name": "images/ChatIcon.png"
        },
        {
            "name": "images/ChatGroups.svg"
        },
        {
            "name": "images/ChatDirect.svg"
        },
        {
            "name": "images/ChatChannelsTasks.svg"
        },
        {
            "name": "images/ChatBotIcon.png"
        },
        {
            "name": "images/ChannelsTasksIcon.png"
        },
        {
            "name": "images/AttachmentZIP.png"
        },
        {
            "name": "images/AttachmentXML.png"
        },
        {
            "name": "images/AttachmentXLS.png"
        },
        {
            "name": "images/AttachmentRAR.png"
        },
        {
            "name": "images/AttachmentPPT.png"
        },
        {
            "name": "images/AttachmentPNG.png"
        },
        {
            "name": "images/AttachmentPDF.png"
        },
        {
            "name": "images/AttachmentMSG.jpg"
        },
        {
            "name": "images/AttachmentMP4.png"
        },
        {
            "name": "images/AttachmentMP3.png"
        },
        {
            "name": "images/AttachmentJPG.png"
        },
        {
            "name": "images/AttachmentImage.png"
        },
        {
            "name": "images/AttachmentExcel.png"
        },
        {
            "name": "images/AttachmentDOC.png"
        },
        {
            "name": "images/AttachmentCSV.png"
        },
        {
            "name": "images/Archive.svg"
        },
        {
            "name": "images/ApproveAccept.svg"
        },
        {
            "name": "images/AdminConsoleIconNav.svg"
        },
        {
            "name": "images/AdHoc.svg"
        },
        {
            "name": "fragment/WorkLoadView.fragment.xml"
        },
        {
            "name": "fragment/WorkFlowView.fragment.xml"
        },
        {
            "name": "fragment/WorkFlowPreview.fragment.xml"
        },
        {
            "name": "fragment/VersionDetails.fragment.xml"
        },
        {
            "name": "fragment/UserWorkItemGraph.fragment.xml"
        },
        {
            "name": "fragment/UserSubstitutions.fragment.xml"
        },
        {
            "name": "fragment/UserProfile.fragment.xml"
        },
        {
            "name": "fragment/UIGenerator.fragment.xml"
        },
        {
            "name": "fragment/TaskTypeTemplateAC.fragment.xml"
        },
        {
            "name": "fragment/TaskTableView.fragment.xml"
        },
        {
            "name": "fragment/TaskSummaryGraph.fragment.xml"
        },
        {
            "name": "fragment/TaskOwnerOrderBy.fragment.xml"
        },
        {
            "name": "fragment/TaskLevelMessageAction.fragment.xml"
        },
        {
            "name": "fragment/TaskLevelChat.fragment.xml"
        },
        {
            "name": "fragment/TaskDetailView.fragment.xml"
        },
        {
            "name": "fragment/TaskDetailConfiguration.fragment.xml"
        },
        {
            "name": "fragment/TaskCreationDynamic.fragment.xml"
        },
        {
            "name": "fragment/TaskCompletionTrendGraph.fragment.xml"
        },
        {
            "name": "fragment/TaskCompletionGraph.fragment.xml"
        },
        {
            "name": "fragment/TaskChatMoreAction.fragment.xml"
        },
        {
            "name": "fragment/TaskCardView.fragment.xml"
        },
        {
            "name": "fragment/TaskBoardView.fragment.xml"
        },
        {
            "name": "fragment/StatusGraph.fragment.xml"
        },
        {
            "name": "fragment/SorterFragment.fragment.xml"
        },
        {
            "name": "fragment/SignInAction.fragment.xml"
        },
        {
            "name": "fragment/ShowSuggestion.fragment.xml"
        },
        {
            "name": "fragment/Settings.fragment.xml"
        },
        {
            "name": "fragment/SaveAdvancedFilter.fragment.xml"
        },
        {
            "name": "fragment/RightClickMenu.fragment.xml"
        },
        {
            "name": "fragment/QuickFilter.fragment.xml"
        },
        {
            "name": "fragment/ProcessStory.fragment.xml"
        },
        {
            "name": "fragment/ProcessJsonHelpAC.fragment.xml"
        },
        {
            "name": "fragment/ProcessFlow.fragment.xml"
        },
        {
            "name": "fragment/OriginSystemGraph.fragment.xml"
        },
        {
            "name": "fragment/NotificationPopover.fragment.xml"
        },
        {
            "name": "fragment/NotificationBanner.fragment.xml"
        },
        {
            "name": "fragment/MySubstitutes.fragment.xml"
        },
        {
            "name": "fragment/MoreActions.fragment.xml"
        },
        {
            "name": "fragment/MessageAction.fragment.xml"
        },
        {
            "name": "fragment/ManageWorkFlowView.fragment.xml"
        },
        {
            "name": "fragment/ManageVersionControl.fragment.xml"
        },
        {
            "name": "fragment/ManageSubstitutionsAdminConsole.fragment.xml"
        },
        {
            "name": "fragment/ManageSubstitutions.fragment.xml"
        },
        {
            "name": "fragment/ManageNotificationSettings.fragment.xml"
        },
        {
            "name": "fragment/ManageIndividualBudget.fragment.xml"
        },
        {
            "name": "fragment/ManageGroupsView.fragment.xml"
        },
        {
            "name": "fragment/ManageFilter.fragment.xml"
        },
        {
            "name": "fragment/ImageViewer.fragment.xml"
        },
        {
            "name": "fragment/GraphSettings.fragment.xml"
        },
        {
            "name": "fragment/GraphConfigurationView.fragment.xml"
        },
        {
            "name": "fragment/ForwardPopup.fragment.xml"
        },
        {
            "name": "fragment/FilterTokens.fragment.xml"
        },
        {
            "name": "fragment/ExcelUploadCustomInput.fragment.xml"
        },
        {
            "name": "fragment/Emojis.fragment.xml"
        },
        {
            "name": "fragment/EmailTemplate.fragment.xml"
        },
        {
            "name": "fragment/EditAttributeAC.fragment.xml"
        },
        {
            "name": "fragment/CustomiseStatusAC.fragment.xml"
        },
        {
            "name": "fragment/CustomGraphs.fragment.xml"
        },
        {
            "name": "fragment/CustomAttributeView.fragment.xml"
        },
        {
            "name": "fragment/CreateNewTask.fragment.xml"
        },
        {
            "name": "fragment/CreateLayoutAC.fragment.xml"
        },
        {
            "name": "fragment/CopyLayoutAC.fragment.xml"
        },
        {
            "name": "fragment/ConfigureConnectorAC.fragment.xml"
        },
        {
            "name": "fragment/ConfigProcessAC.fragment.xml"
        },
        {
            "name": "fragment/ChatBot.fragment.xml"
        },
        {
            "name": "fragment/CalendarView.fragment.xml"
        },
        {
            "name": "fragment/CFAApproverMatrix.fragment.xml"
        },
        {
            "name": "fragment/AuditLogsViewAC.fragment.xml"
        },
        {
            "name": "fragment/AdvancedWorkflowView.fragment.xml"
        },
        {
            "name": "fragment/AdvanceFilter.fragment.xml"
        },
        {
            "name": "fragment/AddTaskTemplate.fragment.xml"
        },
        {
            "name": "fragment/AddTaskRuleAC.fragment.xml"
        },
        {
            "name": "fragment/AddSubstitute.fragment.xml"
        },
        {
            "name": "fragment/AddResourceGroup.fragment.xml"
        },
        {
            "name": "fragment/AddNotifSettings.fragment.xml"
        },
        {
            "name": "fragment/AddLayoutAttributesAC.fragment.xml"
        },
        {
            "name": "fragment/AddDescriptionAC.fragment.xml"
        },
        {
            "name": "fragment/AddAttributesAC.fragment.xml"
        },
        {
            "name": "fragment/ActiveTaskGraph.fragment.xml"
        },
        {
            "name": "fragment/ActionComments.fragment.xml"
        },
        {
            "name": "css/style.css"
        },
        {
            "name": "css/font-opensans.css"
        },
        {
            "name": "css/font-awesome.css"
        },
        {
            "name": "css/Helvetica.ttf"
        },
        {
            "name": "audio/Xylophone.mp3"
        },
        {
            "name": "audio/NightOwl.mp3"
        },
        {
            "name": "audio/Classic.mp3"
        },
        {
            "name": "logout.html"
        },
        {
            "name": "index.html"
        },
        {
            "name": "extended_runnable_file.html"
        },
        {
            "name": ".gitignore"
        }
    ]
}