{
  "css/font-awesome.css": 1646652008952,
  "i18n/i18n_zh.properties": 1646652008960,
  "i18n/i18n_en_US.properties": 1646652008960,
  "i18n/i18n_en.properties": 1646652008960,
  "i18n/i18n_ar.properties": 1646652008960,
  "i18n/i18n.properties": 1646652008960,
  "controller/TaskDetail.controller.js": 1646651957458,
  "manifest.json": 1648028300141,
  "util/workbox.js": 1646652008968,
  "util/utility.js": 1646652008968,
  "util/taskManagement.js": 1646652008968,
  "util/taggingMember.js": 1646652008968,
  "util/formatter.js": 1646652008968,
  "util/ODataOperationManager.js": 1646652008968,
  "model/models.js": 1646652008968,
  "controller/UserWorkLoad.controller.js": 1646652008948,
  "controller/UnifiedInbox.controller.js": 1646827512137,
  "model/localData.json": 1646651957458,
  "controller/ProcessFlow.controller.js": 1646652008948,
  "controller/Dashboard.controller.js": 1646652008944,
  "controller/CreateTask.controller.js": 1646652008944,
  "controller/Chat.controller.js": 1646652008944,
  "controller/BaseController.js": 1646978615565,
  "controller/App.controller.js": 1646902124970,
  "controller/AdminConsole.controller.js": 1646652008944,
  "controlExtension/Table.js": 1646652008944,
  "controlExtension/NetworkGraphCustomNode.js": 1646652008944,
  "controlExtension/ExtVbox.js": 1646652008944,
  "controlExtension/ExtSideNavigation.js": 1646652008944,
  "controlExtension/ExtRTE.js": 1646652008944,
  "controlExtension/ExtNavigationListItem.js": 1646652008944,
  "controlExtension/ExtList.js": 1646652008944,
  "controlExtension/ExtHbox.js": 1646652008944,
  "controlExtension/ExtDateRangeSelection.js": 1646652008944,
  "controlExtension/ExtDatePicker.js": 1646652008944,
  "controlExtension/ExtComboBox.js": 1646652008944,
  "testsuite.qunit.js": 1646652008968,
  "Component.js": 1646652008944,
  "manifest-bundle.zip": 1648028294518,
  "Component-preload.js": 1648028298507,
  "controller/Dashboard-dbg.controller.js": 1646652008944,
  "util/utility-dbg.js": 1646652008968,
  "util/taskManagement-dbg.js": 1646652008968,
  "util/taggingMember-dbg.js": 1646652008968,
  "util/formatter-dbg.js": 1646652008968,
  "util/ODataOperationManager-dbg.js": 1646652008968,
  "model/models-dbg.js": 1646652008968,
  "controller/UserWorkLoad-dbg.controller.js": 1646652008948,
  "controller/UnifiedInbox-dbg.controller.js": 1646827512137,
  "controller/TaskDetail-dbg.controller.js": 1646651957458,
  "controller/ProcessFlow-dbg.controller.js": 1646652008948,
  "util/workbox-dbg.js": 1646652008968,
  "controller/CreateTask-dbg.controller.js": 1646652008944,
  "controller/Chat-dbg.controller.js": 1646652008944,
  "controller/BaseController-dbg.js": 1646978615565,
  "controller/App-dbg.controller.js": 1646902124970,
  "controller/AdminConsole-dbg.controller.js": 1646652008944,
  "controlExtension/Table-dbg.js": 1646652008944,
  "controlExtension/NetworkGraphCustomNode-dbg.js": 1646652008944,
  "controlExtension/ExtVbox-dbg.js": 1646652008944,
  "controlExtension/ExtSideNavigation-dbg.js": 1646652008944,
  "controlExtension/ExtRTE-dbg.js": 1646652008944,
  "controlExtension/ExtNavigationListItem-dbg.js": 1646652008944,
  "controlExtension/ExtList-dbg.js": 1646652008944,
  "controlExtension/ExtHbox-dbg.js": 1646652008944,
  "controlExtension/ExtDateRangeSelection-dbg.js": 1646652008944,
  "controlExtension/ExtDatePicker-dbg.js": 1646652008944,
  "controlExtension/ExtComboBox-dbg.js": 1646652008944,
  "testsuite.qunit-dbg.js": 1646652008968,
  "Component-dbg.js": 1646652008944,
  "resources.json": 1648028300175,
  "css/fonts/icomoon.woff": 1646652008952,
  "css/fonts/icomoon.ttf": 1646652008952,
  "css/fonts/icomoon.svg": 1646652008952,
  "css/fonts/icomoon.eot": 1646652008952,
  "view/UserWorkLoad.view.xml": 1646652008968,
  "view/UnifiedInbox.view.xml": 1646651957462,
  "view/TaskDetail.view.xml": 1646652008968,
  "view/ProcessFlow.view.xml": 1646652008968,
  "view/Dashboard.view.xml": 1646652008968,
  "view/CreateTask.view.xml": 1646652008968,
  "view/Chat.view.xml": 1646652008968,
  "view/App.view.xml": 1646902124970,
  "view/AdminConsole.view.xml": 1646652008968,
  "images/workbox.png": 1646652008964,
  "images/skipCurrentAssignement.svg": 1646652008964,
  "images/notification.svg": 1646652008964,
  "images/dummy.svg": 1646652008964,
  "images/Withdraw.svg": 1646652008964,
  "images/VolumeUp.svg": 1646652008964,
  "images/VolumeOff.svg": 1646652008964,
  "images/ViewIcon.png": 1646652008964,
  "images/UserWorkloadIconNav.svg": 1646652008964,
  "images/Upload.svg": 1646652008964,
  "images/UnPin.png": 1646652008964,
  "images/TableSettings.png": 1646652008964,
  "images/Suspend.svg": 1646652008964,
  "images/SortIcon.png": 1646652008964,
  "images/SentStatus.svg": 1646652008964,
  "images/SendArrow.png": 1646652008964,
  "images/SeenStatus.svg": 1646652008964,
  "images/ScienceBlueTheme.png": 1646652008964,
  "images/SaveIcon.png": 1646652008964,
  "images/Resume.svg": 1646652008964,
  "images/ResetIcon.png": 1646652008964,
  "images/Renew.svg": 1646652008964,
  "images/Release.svg": 1646652008964,
  "images/PushBack.svg": 1646652008964,
  "images/PrintIcon.png": 1646652008964,
  "images/PinIcon.png": 1646652008964,
  "images/NoRecord.gif": 1646652008964,
  "images/MoreIcon.png": 1646652008964,
  "images/Microphone.svg": 1646652008964,
  "images/Microphone.png": 1646652008964,
  "images/ListRightArrow.png": 1646652008964,
  "images/InctureBlueTheme.png": 1646652008964,
  "images/InboxIconNav.svg": 1646652008964,
  "images/ImageSelector.png": 1646652008964,
  "images/GroupsIcon.png": 1646652008964,
  "images/GifSelector.png": 1646652008964,
  "images/Forward.svg": 1646652008964,
  "images/Favorite.svg": 1646652008964,
  "images/EyeOff.svg": 1646652008964,
  "images/EyeIcon.svg": 1646652008964,
  "images/Eye.svg": 1646652008964,
  "images/ExportIcon.png": 1646652008964,
  "images/EmojiSelector.png": 1646652008964,
  "images/DragonRedTheme.png": 1646652008964,
  "images/DragIcon.png": 1646652008964,
  "images/DirectMessage.png": 1646652008964,
  "images/DeliveredStatus.svg": 1646652008964,
  "images/DeclineReject.svg": 1646652008964,
  "images/DashboardIconNav.svg": 1646652008964,
  "images/CreateSubtask.svg": 1646652008964,
  "images/CosmicCobaltTheme.png": 1646652008964,
  "images/Complete.svg": 1646652008964,
  "images/Claim.svg": 1646652008964,
  "images/Cherrywork_logo.png": 1646652008964,
  "images/CherryRedTheme.png": 1646652008964,
  "images/ChatbotIcon.svg": 1646652008964,
  "images/ChatIconNav.svg": 1646652008964,
  "images/ChatIcon.png": 1646652008964,
  "images/ChatGroups.svg": 1646652008964,
  "images/ChatDirect.svg": 1646652008964,
  "images/ChatChannelsTasks.svg": 1646652008964,
  "images/ChatBotIcon.png": 1646652008964,
  "images/ChannelsTasksIcon.png": 1646652008964,
  "images/AttachmentZIP.png": 1646652008964,
  "images/AttachmentXML.png": 1646652008960,
  "images/AttachmentXLS.png": 1646652008960,
  "images/AttachmentRAR.png": 1646652008960,
  "images/AttachmentPPT.png": 1646652008960,
  "images/AttachmentPNG.png": 1646652008960,
  "images/AttachmentPDF.png": 1646652008960,
  "images/AttachmentMSG.jpg": 1646652008960,
  "images/AttachmentMP4.png": 1646652008960,
  "images/AttachmentMP3.png": 1646652008960,
  "images/AttachmentJPG.png": 1646652008960,
  "images/AttachmentImage.png": 1646652008960,
  "images/AttachmentExcel.png": 1646652008960,
  "images/AttachmentDOC.png": 1646652008960,
  "images/AttachmentCSV.png": 1646652008960,
  "images/Archive.svg": 1646652008960,
  "images/ApproveAccept.svg": 1646652008960,
  "images/AdminConsoleIconNav.svg": 1646652008960,
  "images/AdHoc.svg": 1646652008960,
  "fragment/WorkLoadView.fragment.xml": 1646652008960,
  "fragment/WorkFlowView.fragment.xml": 1646652008960,
  "fragment/WorkFlowPreview.fragment.xml": 1646652008960,
  "fragment/VersionDetails.fragment.xml": 1646652008960,
  "fragment/UserWorkItemGraph.fragment.xml": 1646652008956,
  "fragment/UserSubstitutions.fragment.xml": 1646652008956,
  "fragment/UserProfile.fragment.xml": 1646652008956,
  "fragment/UIGenerator.fragment.xml": 1646652008956,
  "fragment/TaskTypeTemplateAC.fragment.xml": 1646652008956,
  "fragment/TaskTableView.fragment.xml": 1646652008956,
  "fragment/TaskSummaryGraph.fragment.xml": 1646652008956,
  "fragment/TaskOwnerOrderBy.fragment.xml": 1646652008956,
  "fragment/TaskLevelMessageAction.fragment.xml": 1646652008956,
  "fragment/TaskLevelChat.fragment.xml": 1646652008956,
  "fragment/TaskDetailView.fragment.xml": 1646651957458,
  "fragment/TaskDetailConfiguration.fragment.xml": 1646652008956,
  "fragment/TaskCreationDynamic.fragment.xml": 1646652008956,
  "fragment/TaskCompletionTrendGraph.fragment.xml": 1646652008956,
  "fragment/TaskCompletionGraph.fragment.xml": 1646652008956,
  "fragment/TaskChatMoreAction.fragment.xml": 1646652008956,
  "fragment/TaskCardView.fragment.xml": 1646902124970,
  "fragment/TaskBoardView.fragment.xml": 1646652008956,
  "fragment/StatusGraph.fragment.xml": 1646652008956,
  "fragment/SorterFragment.fragment.xml": 1646652008956,
  "fragment/SignInAction.fragment.xml": 1646652008956,
  "fragment/ShowSuggestion.fragment.xml": 1646652008956,
  "fragment/Settings.fragment.xml": 1646652008956,
  "fragment/SaveAdvancedFilter.fragment.xml": 1646652008956,
  "fragment/RightClickMenu.fragment.xml": 1646652008956,
  "fragment/QuickFilter.fragment.xml": 1646652008956,
  "fragment/ProcessStory.fragment.xml": 1646652008956,
  "fragment/ProcessJsonHelpAC.fragment.xml": 1646652008956,
  "fragment/ProcessFlow.fragment.xml": 1646652008956,
  "fragment/OriginSystemGraph.fragment.xml": 1646652008956,
  "fragment/NotificationPopover.fragment.xml": 1646652008956,
  "fragment/NotificationBanner.fragment.xml": 1646652008956,
  "fragment/MySubstitutes.fragment.xml": 1646652008956,
  "fragment/MoreActions.fragment.xml": 1646652008956,
  "fragment/MessageAction.fragment.xml": 1646652008956,
  "fragment/ManageWorkFlowView.fragment.xml": 1646652008956,
  "fragment/ManageVersionControl.fragment.xml": 1646652008956,
  "fragment/ManageSubstitutionsAdminConsole.fragment.xml": 1646652008956,
  "fragment/ManageSubstitutions.fragment.xml": 1646652008956,
  "fragment/ManageNotificationSettings.fragment.xml": 1646652008956,
  "fragment/ManageIndividualBudget.fragment.xml": 1646652008956,
  "fragment/ManageGroupsView.fragment.xml": 1646652008956,
  "fragment/ManageFilter.fragment.xml": 1646652008956,
  "fragment/ImageViewer.fragment.xml": 1646652008956,
  "fragment/GraphSettings.fragment.xml": 1646652008956,
  "fragment/GraphConfigurationView.fragment.xml": 1646652008956,
  "fragment/ForwardPopup.fragment.xml": 1646652008956,
  "fragment/FilterTokens.fragment.xml": 1646652008956,
  "fragment/ExcelUploadCustomInput.fragment.xml": 1646652008956,
  "fragment/Emojis.fragment.xml": 1646652008956,
  "fragment/EmailTemplate.fragment.xml": 1646652008956,
  "fragment/EditAttributeAC.fragment.xml": 1646652008956,
  "fragment/CustomiseStatusAC.fragment.xml": 1646652008956,
  "fragment/CustomGraphs.fragment.xml": 1646652008956,
  "fragment/CustomAttributeView.fragment.xml": 1646652008956,
  "fragment/CreateNewTask.fragment.xml": 1646652008956,
  "fragment/CreateLayoutAC.fragment.xml": 1646652008956,
  "fragment/CopyLayoutAC.fragment.xml": 1646652008956,
  "fragment/ConfigureConnectorAC.fragment.xml": 1646652008956,
  "fragment/ConfigProcessAC.fragment.xml": 1646652008956,
  "fragment/ChatBot.fragment.xml": 1646652008956,
  "fragment/CalendarView.fragment.xml": 1646652008956,
  "fragment/CFAApproverMatrix.fragment.xml": 1646652008956,
  "fragment/AuditLogsViewAC.fragment.xml": 1646652008956,
  "fragment/AdvancedWorkflowView.fragment.xml": 1646652008956,
  "fragment/AdvanceFilter.fragment.xml": 1646652008956,
  "fragment/AddTaskTemplate.fragment.xml": 1646652008956,
  "fragment/AddTaskRuleAC.fragment.xml": 1646652008956,
  "fragment/AddSubstitute.fragment.xml": 1646652008956,
  "fragment/AddResourceGroup.fragment.xml": 1646652008956,
  "fragment/AddNotifSettings.fragment.xml": 1646652008956,
  "fragment/AddLayoutAttributesAC.fragment.xml": 1646652008952,
  "fragment/AddDescriptionAC.fragment.xml": 1646652008952,
  "fragment/AddAttributesAC.fragment.xml": 1646652008952,
  "fragment/ActiveTaskGraph.fragment.xml": 1646652008952,
  "fragment/ActionComments.fragment.xml": 1646652008952,
  "css/style.css": 1646651957458,
  "css/font-opensans.css": 1646652008952,
  "i18n/i18n_in.properties": 1646652008960,
  "css/Helvetica.ttf": 1646652008952,
  "audio/Xylophone.mp3": 1646652008944,
  "audio/NightOwl.mp3": 1646652008944,
  "audio/Classic.mp3": 1646652008944,
  "testsuite.qunit.html": 1646652008968,
  "logout.html": 1646652008968,
  "index.html": 1646652008964,
  "extended_runnable_file.html": 1646652008952,
  ".gitignore": 1646734276905
}