<?xml version="1.0" encoding="UTF-8"?>
<core:FragmentDefinition xmlns="sap.m" xmlns:core="sap.ui.core">
	<Dialog title="{i18n>Comments}" contentWidth="25%">
		<content>
        <VBox fitContainer="true" alignContent="Center" class="sapUiSizeCompact sapUiTinyMarginBottom">   
            <Label required="{JMAppvrComments>/required}" text="{JMAppvrComments>/commentsTxt}" class="sapUiTinyMarginTop sapUiSmallMarginBegin"  wrapping="true"></Label>
            <TextArea change="fnInputSpaceCheck" value="{JMAppvrComments>/Comments}" liveChange="fnLiveChangeCmntTxtArea" valueState="{JMAppvrComments>/Commentse}" valueStateText="{JMAppvrComments>/Commentsm}" class="sapUiSmallMarginBegin" required="true" maxLength="2000" width="90%" ></TextArea>
            </VBox>
			<OverflowToolbar class="barClass sapUiTinyMarginTop">
            	<ToolbarSpacer/>
				<Button class="cl_VRActnBtnClear" text="{i18n>close}" visible="true" press="fnCloseBankComments" tooltip="{i18n>close}"/>
				<Button  class="cl_VRActnBtnApply" text="{i18n>submit}" press="fnSubmitComments" tooltip="{i18n>submit}"/>
			</OverflowToolbar>
		</content>
	</Dialog>
</core:FragmentDefinition>