<core:FragmentDefinition
   xmlns:mvc="sap.ui.core.mvc" xmlns:core="sap.ui.core" xmlns:u="sap.ui.unified" xmlns:grid="sap.ui.layout.cssgrid"
	xmlns:g="sap.f" displayBlock="true"
	xmlns="sap.m"  xmlns:l="sap.ui.layout">	
    <l:Grid defaultSpan="XL12 L12 M12 S12" class="sapUiSizeCompact cl_ExtendMarginBottom">
        <VBox class="cl_BPExctendBlock  " >
       <Toolbar class="cl_ToolbarBorder" >
      <Label class="  cl_BPCrSectHeaderExtend sapUiSmallMarginBegin sapUiSmallMarginTop" wrapping="true" text="{i18n>EnterBPDetails}"></Label>
       <ToolbarSpacer ></ToolbarSpacer>
       	<Button type="Transparent" visible="{oConfigMdl>/enterFullScreen}" icon="sap-icon://full-screen"  press="fnPressFullScreen" class="sapUiSizeCompact" tooltip="{i18n>BPCEnterFullScreen}" />
		  	<Button type="Transparent" visible="{oConfigMdl>/exitFullScreen}" icon="sap-icon://exit-full-screen"  press="fnExitFullScreen" class="sapUiSizeCompact" tooltip="{i18n>BPCExitFullScreen}" />		
                    		<Button type="Transparent" tooltip="{i18n>close}" visible="{oConfigMdl>/closeFullScreenButton}" icon="sap-icon://decline" class="sapUiSizeCompact" press="fnCloseFullScreen"/>
       </Toolbar>
                        		
								<l:Grid defaultSpan="XL3 L3 M3 S12" class="sapUiSizeCompact sapUiTinyMarginTop sapUiSmallMarginBegin cl_extendBuyerRegGrid">
									<VBox class="VRVboxStyle1">
										<Label text="{i18n>BPCCompanyCode}" required="true" class="cl_VRLablCls "></Label>
										<ComboBox width="95%" items="{oBPLookUpMdl>/CompanyCode}" editable="{oConfigMdl>/screenEditable}"  autocomplete="false" valueState="{JMBPCreate>/companyCodee}" valueStateText="{JMBPCreate>/companyCodem}"
											filterSecondaryValues="true"  change="fnLiveChangeCompCode" showSecondaryValues="true" selectedKey="{JMBPCreate>/companyCode}"
											class="cl_VRInputCls"    >
											<core:ListItem key="{oBPLookUpMdl>code}"  text="{oBPLookUpMdl>code}" additionalText="{oBPLookUpMdl>description}"/>
										</ComboBox>
									</VBox>
									<VBox class="VRVboxStyle1">
										<Label text="{i18n>BPCPlant}" required="true" class="cl_VRLablCls "></Label>
										<ComboBox width="95%" items="{oBPLookUpMdl>/Plant}" editable="{oConfigMdl>/screenEditable}" valueState="{JMBPCreate>/plante}" valueStateText="{JMBPCreate>/plantm}"
											filterSecondaryValues="true" change="fnLiveChangePlant" showSecondaryValues="true" selectedKey="{JMBPCreate>/plant}"
											class="cl_VRInputCls"  >
											<core:ListItem key="{oBPLookUpMdl>code}" text="{oBPLookUpMdl>code}" additionalText="{oBPLookUpMdl>description}"/>
										</ComboBox>
									</VBox>
									<VBox class="VRVboxStyle1">
										<Label text="{i18n>BPPurchasingOrg}" required="true" class="cl_VRLablCls "></Label>
											<ComboBox width="95%" items="{oBPLookUpMdl>/PurOrg}" editable="{oConfigMdl>/screenEditable}" valueState="{JMBPCreate>/purchasingOrge}" valueStateText="{JMBPCreate>/purchasingOrgm}"
											filterSecondaryValues="true" change="fnLiveChangePurchOrg" showSecondaryValues="true" selectedKey="{JMBPCreate>/purchasingOrg}"
											class="cl_VRInputCls"   >
											<core:ListItem key="{oBPLookUpMdl>code}" text="{oBPLookUpMdl>code}" additionalText="{oBPLookUpMdl>description}"/>
										</ComboBox>
									</VBox>
								</l:Grid>
                                
                                	<l:Grid defaultSpan="XL3 L3 M3 S12" class="sapUiSizeCompact sapUiSmallMarginBegin cl_extendBuyerRegGrid">
									<VBox class="VRVboxStyle1">
										<Label text="{i18n>BPCCorporationName}" class="cl_VRLablCls "></Label>
										<Label text="{JMBPCreate>/corporationName}"  class="cl_VRLablClsValue "></Label>
									</VBox>
									<!-- <VBox class="VRVboxStyle1">
										<Label text="{i18n>BPCBuyerName}" class="cl_VRLablCls "></Label>
										<Label text="{JMBPCreate>/buyerName}" class="cl_VRLablClsValue "></Label>
									</VBox> -->
									<VBox class="VRVboxStyle1">
										<Label text="{i18n>BPCWorkcell}" required="true" class="cl_VRLablCls "></Label>
										<!-- <Label text="{JMBPCreate>/workCelld}" class="cl_VRLablClsValue "></Label> -->
								<!-- <ComboBox width="95%" items="{oBPLookUpMdl>/WorkCell}" enabled="{oConfigMdl>/screenEditable}"  valueState="{JMBPCreate>/workCelle}" valueStateText="{JMBPCreate>/workCellm}"
											filterSecondaryValues="true"  change="fnLiveChangeWorkCell" showSecondaryValues="true" selectedKey="{JMBPCreate>/workCell}"
											class="cl_VRInputCls" editable="{oBTHeaderMdl>/EDITABLE}">
											<core:ListItem key="{oBPLookUpMdl>id}" text="{oBPLookUpMdl>description}" additionalText="{oBPLookUpMdl>code}"/>
										</ComboBox> -->
<<<<<<< HEAD
                                        	<Input width="95%" editable="{oConfigMdl>/screenEditable}" value="{JMBPCreate>/workCell}" liveChange="fnLiveChangeWorkCell" valueState="{JMBPCreate>/workCelle}" valueStateText="{JMBPCreate>/workCellm}" class="cl_VRInputCls"></Input>
=======
                                        	<Input width="95%" enabled="{oConfigMdl>/screenEditable}" value="{JMBPCreate>/workCell}" liveChange="fnLiveChangeWorkCell" change="fnInputSpaceCheck" valueState="{JMBPCreate>/workCelle}" valueStateText="{JMBPCreate>/workCellm}" class="cl_VRInputCls"></Input>
>>>>>>> b44f2e11ceb533886dcf229f2f312661c75bbb4b
                                	</VBox>
								
                                    
								</l:Grid>
                                    <HBox class="cl_HBoxBlockSep">
                                </HBox>
                                	<Label class="sapUiSmallMarginBegin sapUiSmallMarginTop cl_BPCrSectHeaderExtend" wrapping="true" text="{i18n>Address}"></Label>
								<l:Grid defaultSpan="XL3 L3 M3 S12" class="sapUiSizeCompact sapUiTinyMarginTop sapUiSmallMarginBegin cl_extendBuyerRegGrid">
									<VBox class="VRVboxStyle1">
										<Label text="{i18n>BPCAddressLine1}" required="false" class="cl_VRLablCls "></Label>
										<Label text="{JMBPCreate>/address1}" tooltip="{JMBPCreate>/address1}" wrapping="true" class="cl_VRLablClsValue "></Label>
									</VBox>
									
									<VBox class="VRVboxStyle1">
										<Label text="{i18n>BPCCity}" required="false" class="cl_VRLablCls "></Label>
									<Label text="{JMBPCreate>/city}" class="cl_VRLablClsValue "></Label>
									</VBox>
									<VBox class="VRVboxStyle1">
										<Label text="{i18n>BPCStateProvince}" required="false" class="cl_VRLablCls "></Label>
										<Label text="{JMBPCreate>/stated}" class="cl_VRLablClsValue "></Label>
									
									</VBox>
								
                                    <VBox class="VRVboxStyle1">
										<Label text="{i18n>BPCDistrict}" required="false" class="cl_VRLablCls "></Label>
										<Label text="{JMBPCreate>/district}" class="cl_VRLablClsValue "></Label>
									
									</VBox>
									<VBox class="VRVboxStyle1">
										<Label text="{i18n>BPCCountry}" required="false" class="cl_VRLablCls "></Label>
										<Label text="{JMBPCreate>/countryd}" class="cl_VRLablClsValue "></Label>								
									</VBox>
                                    	
                                    	<VBox class="VRVboxStyle1">
										<Label text="{i18n>BPCPostalCode}" required="false" class="cl_VRLablCls "></Label>
										<Label text="{JMBPCreate>/postalCode}" class="cl_VRLablClsValue "></Label>								
									</VBox>
<!-- <VBox class="VRVboxStyle1">
	<Label text="{i18n>BPCPOBox}" required="false" class="cl_VRLablCls "></Label>
										<Label text="{JMBPCreate>/poBoxPostalCode}" class="cl_VRLablClsValue "></Label>								
							
									</VBox> -->
                               
								
									
                                   
									<VBox class="VRVboxStyle1">
                                    	<Label text="{i18n>BPCFaxNumber}" required="false" class="cl_VRLablCls "></Label>
										<Label text="{JMBPCreate>/fax}" class="cl_VRLablClsValue "></Label>
						
									</VBox>
                                    <VBox class="VRVboxStyle1">
                                    	<Label text="{i18n>BPCSupUrl}" required="false" class="cl_VRLablCls "></Label>
										<Label text="{JMBPCreate>/supplierUrlCompanyWebsite}" class="cl_VRLablClsValue "></Label>
									</VBox>
                                         <VBox class="VRVboxStyle1" visible="{= ${JMBPCreate>/country} === 'MX' ? true : false}">
                                    	<Label text="{i18n>BPCRFC}" required="false" class="cl_VRLablCls "></Label>
										<Label text="{JMBPCreate>/rfc}" class="cl_VRLablClsValue "></Label>								
									
									</VBox>
								</l:Grid>
                                
                                  <HBox class="cl_HBoxBlockSep">
                                </HBox>
                              
                	<Label class="sapUiSmallMarginBegin sapUiSmallMarginTop cl_BPCrSectHeaderExtend" wrapping="true" text="{i18n>BPCContact}"></Label>
								<l:Grid defaultSpan="XL3 L3 M3 S12"  class="sapUiSizeCompact sapUiTinyMarginTop sapUiSmallMarginBegin cl_extendBuyerRegGrid">
								<VBox class="VRVboxStyle1">
										<Label text="{i18n>BPCFirstName}" required="true" class="cl_VRLablCls "></Label>
<<<<<<< HEAD
										<Input width="95%" editable="{oConfigMdl>/screenEditable}" value="{JMBPCreate>/firstName}" liveChange="fnChangeFirstName" valueState="{JMBPCreate>/firstNamee}" valueStateText="{JMBPCreate>/firstNamem}" class="cl_VRInputCls"></Input>
									</VBox>
									<VBox class="VRVboxStyle1">
										<Label text="{i18n>BPCLastName}" required="true" class="cl_VRLablCls "></Label>
										<Input width="95%" editable="{oConfigMdl>/screenEditable}" value="{JMBPCreate>/lastName}" liveChange="fnChangeLastName" valueState="{JMBPCreate>/lastNamee}" valueStateText="{JMBPCreate>/lastNamem}" class="cl_VRInputCls"></Input>
=======
										<Input width="95%" enabled="{oConfigMdl>/screenEditable}" value="{JMBPCreate>/firstName}" liveChange="fnChangeFirstName" change="fnInputSpaceCheck" valueState="{JMBPCreate>/firstNamee}" valueStateText="{JMBPCreate>/firstNamem}" class="cl_VRInputCls"></Input>
									</VBox>
									<VBox class="VRVboxStyle1">
										<Label text="{i18n>BPCLastName}" required="true" class="cl_VRLablCls "></Label>
										<Input width="95%" enabled="{oConfigMdl>/screenEditable}" value="{JMBPCreate>/lastName}" liveChange="fnChangeLastName" change="fnInputSpaceCheck" valueState="{JMBPCreate>/lastNamee}" valueStateText="{JMBPCreate>/lastNamem}" class="cl_VRInputCls"></Input>
>>>>>>> b44f2e11ceb533886dcf229f2f312661c75bbb4b
									</VBox>
									
									<VBox class="VRVboxStyle1">
										<Label text="{i18n>BPCEmail}" required="true" class="cl_VRLablCls "></Label>
										<Input width="95%" editable="{oConfigMdl>/screenEditable}" change="fnChangeEmailID" value="{JMBPCreate>/email}" valueState="{JMBPCreate>/emaile}" valueStateText="{JMBPCreate>/emailm}"  class="cl_VRInputCls"></Input>
									</VBox>
									
                          
                            <VBox>
									<Label text="{i18n>countryCode}" required="true"  class="cl_VRLablCls"></Label>
                                 
									<VBox>
										<ComboBox width="100%"  filterSecondaryValues="true" editable="{oConfigMdl>/screenEditable}" selectedKey="{JMBPCreate>/contactCountryCode}" valueState="{JMBPCreate>/contactCountryCodee}" valueStateText="{JMBPCreate>/contactCountryCodem}" change="fnLiveChangeCountryCode" showSecondaryValues="true" items="{oBPLookUpMdl>/countryContactCode}"  class="cl_VRInputCls">
                                          <core:ListItem key="{oBPLookUpMdl>code}" text="{oBPLookUpMdl>code}" additionalText="{oBPLookUpMdl>description}"/>
                                        </ComboBox>	
                                    </VBox>
                                  <layoutData>
                                  <l:GridData spanM="1" spanL="1" spanXL="1"></l:GridData></layoutData>
                                       </VBox>
								<VBox>
                             	<Label text="{i18n>BPCContact1}" required="true" class="cl_VRLablCls"></Label>
											<Input width="93%" editable="{oConfigMdl>/screenEditable}" liveChange="fnLiveChangeTelephone" type="Number" value="{JMBPCreate>/telephone}" valueState="{JMBPCreate>/telephonee}" valueStateText="{JMBPCreate>/telephonem}" class="cl_VRInputCls"></Input>
                                <layoutData>
                                  <l:GridData spanM="2" spanL="2" spanXL="1"></l:GridData></layoutData>
                                        </VBox>



                                    
                                    	<VBox class="VRVboxStyle1">
										<Label text="{i18n>BPCMobilePhone}" required="true" class="cl_VRLablCls "></Label>
											<Input width="95%" editable="{oConfigMdl>/screenEditable}" liveChange="fnLiveChangeTelephoneMob" type="Number" value="{JMBPCreate>/contactMobilePhone}" valueState="{JMBPCreate>/contactMobilePhonee}" valueStateText="{JMBPCreate>/contactMobilePhonem}" class="cl_VRInputCls"></Input>
									</VBox>
								
								</l:Grid>
                              <HBox class="cl_HBoxBlockSep">
                                </HBox>
                                  <Label class="sapUiSmallMarginBegin sapUiSmallMarginTop cl_BPCrSectHeaderExtend" wrapping="true" text="{i18n>BPCAltrnateContaact}"></Label>
								<l:Grid defaultSpan="XL3 L3 M3 S12"  class="sapUiSizeCompact sapUiTinyMarginTop sapUiSmallMarginBegin cl_extendBuyerRegGrid">
									
                            
									<VBox class="VRVboxStyle1">
										<Label text="{i18n>BPCFirstName}" required="true" class="cl_VRLablCls "></Label>
<<<<<<< HEAD
										<Input width="95%" value="{JMBPCreate>/altContactFirstName}" editable="{oConfigMdl>/screenEditable}" liveChange="fnChangeFirstName1" valueState="{JMBPCreate>/altContactFirstNamee}" valueStateText="{JMBPCreate>/altContactFirstNamem}" class="cl_VRInputCls"></Input>
									</VBox>
									<VBox class="VRVboxStyle1">
										<Label text="{i18n>BPCLastName}" required="true" class="cl_VRLablCls "></Label>
										<Input width="95%" value="{JMBPCreate>/altContactLastName}" editable="{oConfigMdl>/screenEditable}" liveChange="fnChangeLastName1" valueState="{JMBPCreate>/altContactLastNamee}" valueStateText="{JMBPCreate>/altContactLastNamem}" class="cl_VRInputCls"></Input>
=======
										<Input width="95%" value="{JMBPCreate>/altContactFirstName}" enabled="{oConfigMdl>/screenEditable}" liveChange="fnChangeFirstName1" change="fnInputSpaceCheck" valueState="{JMBPCreate>/altContactFirstNamee}" valueStateText="{JMBPCreate>/altContactFirstNamem}" class="cl_VRInputCls"></Input>
									</VBox>
									<VBox class="VRVboxStyle1">
										<Label text="{i18n>BPCLastName}" required="true" class="cl_VRLablCls "></Label>
										<Input width="95%" value="{JMBPCreate>/altContactLastName}" enabled="{oConfigMdl>/screenEditable}" liveChange="fnChangeLastName1" change="fnInputSpaceCheck" valueState="{JMBPCreate>/altContactLastNamee}" valueStateText="{JMBPCreate>/altContactLastNamem}" class="cl_VRInputCls"></Input>
>>>>>>> b44f2e11ceb533886dcf229f2f312661c75bbb4b
									</VBox> 
									<!-- <VBox class="VRVboxStyle1">
										<Label text="{i18n>BPCJobTitle}" required="false" class="cl_VRLablCls "></Label>
										<Input width="95%" value="{JMBPCreate>/altContactJobTitle}" enabled="{oConfigMdl>/screenEditable}" liveChange="fnChangeJobTitle1" valueState="{JMBPCreate>/altContactJobTitlee}" valueStateText="{JMBPCreate>/altContactJobTitlem}" class="cl_VRInputCls"></Input>
									</VBox> -->
									<VBox class="VRVboxStyle1">
										<Label text="{i18n>BPCEmail}" required="true" class="cl_VRLablCls "></Label>
										<Input width="95%" change="fnChangeEmailID1" editable="{oConfigMdl>/screenEditable}" value="{JMBPCreate>/altEmail}" valueState="{JMBPCreate>/altEmaile}" valueStateText="{JMBPCreate>/altEmailm}"  class="cl_VRInputCls"></Input>
									</VBox>
                                     <VBox>
									<Label text="{i18n>countryCode}" required="true"  class="cl_VRLablCls"></Label>
                                 
									<VBox>
										<ComboBox width="100%" showSecondaryValues="true" filterSecondaryValues="true" editable="{oConfigMdl>/screenEditable}" items="{oBPLookUpMdl>/countryContactCode}" selectedKey="{JMBPCreate>/altContactCountryCode}" valueState="{JMBPCreate>/altContactCountryCodee}" valueStateText="{JMBPCreate>/altContactCountryCodem}" change="fnLiveChangeCountryCode1" class="cl_VRInputCls">
                                        <core:ListItem key="{oBPLookUpMdl>code}" text="{oBPLookUpMdl>code}" additionalText="{oBPLookUpMdl>description}"/>
                                        </ComboBox>	
                                    </VBox>
                                  <layoutData>
                                  <l:GridData spanM="1" spanL="1" spanXL="1"></l:GridData></layoutData>
                                       </VBox>
								<VBox>
                             	<Label text="{i18n>BPCContact1}" required="true" class="cl_VRLablCls"></Label>
											<Input width="95%"   value="{JMBPCreate>/altPhoneNumber}" editable="{oConfigMdl>/screenEditable}" liveChange="fnChangeContactNumber1" valueState="{JMBPCreate>/altPhoneNumbere}" valueStateText="{JMBPCreate>/altPhoneNumberm}" type="Number"  class="cl_VRInputCls "></Input>
                                <layoutData>
                                  <l:GridData spanM="2" spanL="2" spanXL="1"></l:GridData></layoutData>
                                        </VBox>

								</l:Grid>
                                 <!-- <HBox class="cl_HBoxBlockSep">
                                </HBox>
                              <Label class="sapUiTinyMarginBegin sapUiTinyMarginTop cl_BPCrSectHeaderExtend" required="false" wrapping="true"  text="{i18n>BPCProduct}"></Label>
								<l:Grid defaultSpan="XL3 L3 M3 S12" class="sapUiSizeCompact sapUiSmallMarginBegin cl_extendBuyerRegGrid sapUiTinyMarginTop">
									<VBox class="VRVboxStyle1">
										<Label text="{i18n>BPCProductOrServiceTxt}" required="true" class="cl_VRLablCls "></Label>
                                        <Input width="95%" value="{JMBPCreate>/product}" enabled="{oConfigMdl>/screenEditable}" liveChange="fnLiveChangeProduct" valueState="{JMBPCreate>/producte}" valueStateText="{JMBPCreate>/productm}" class="cl_VRInputCls"></Input>
									</VBox>
									
								</l:Grid> -->
    
				
                                   <HBox class="cl_HBoxBlockSep">
                                </HBox>
                                	<Label class="sapUiSmallMarginBegin sapUiSmallMarginTop cl_BPCrSectHeaderExtend" wrapping="true" text="{i18n>BPCPayment}"></Label>
								<l:Grid defaultSpan="XL3 L3 M3 S12" class="sapUiSizeCompact sapUiTinyMarginTop sapUiSmallMarginBegin cl_extendBuyerRegGrid">
									<VBox class="VRVboxStyle1">
										<Label text="{i18n>BPCPayemntTerms}" class="cl_VRLablCls "></Label>
										<Label text="{JMBPCreate>/paymentTermsd}" class="cl_VRLablClsValue "></Label>
									</VBox>

									<VBox class="VRVboxStyle1">
										<Label text="{i18n>BPCCurrency}" class="cl_VRLablCls "></Label>
										<Label text="{JMBPCreate>/currency}" class="cl_VRLablClsValue "></Label>
									</VBox>
									<VBox class="VRVboxStyle1">
										<Label text="{i18n>BPCDUNSNumnber}" class="cl_VRLablCls "></Label>
									<Label text="{JMBPCreate>/dunsNumber}" class="cl_VRLablClsValue "></Label>
									</VBox>
                                    <VBox class="VRVboxStyle1">
										<Label text="{i18n>BPCIncoterms}" class="cl_VRLablCls "></Label>
										<Label text="{JMBPCreate>/incoTermsd}" class="cl_VRLablClsValue "></Label>
									</VBox>
									
	
									<VBox class="VRVboxStyle1">
										<Label text="{i18n>BPCIncotermNameLocation}" class="cl_VRLablCls "></Label>
										<Label text="{JMBPCreate>/incotermNameLocation}"  class="cl_VRLablClsValue "></Label>
									</VBox>
									
								</l:Grid>
                                 <HBox class="cl_HBoxBlockSep">
                                </HBox>
                                    
                                       <Label class="sapUiTinyMarginBegin sapUiSmallMarginTop cl_BPCrSectHeaderCompExtend sapUiSmallMarginBegin" wrapping="true" text="{i18n>BPCPaymentNew}"></Label>
								<l:Grid defaultSpan="XL3 L3 M3 S12" class="sapUiSizeCompact sapUiTinyMarginTop sapUiSmallMarginBegin cl_extendBuyerRegGrid">
									<VBox class="VRVboxStyle1">
										<Label text="{i18n>BPCNewPaymentTerms}" class="cl_VRLablCls "></Label>
										<ComboBox width="95%" items="{oBPLookUpMdl>/PaymentTerms}" editable="{oConfigMdl>/screenEditable}"  valueState="{JMBPCreate>/paymentTermse}" valueStateText="{JMBPCreate>/paymentTermsm}"
											filterSecondaryValues="true" selectedKey="{JMBPCreate>/newPaymentTerms}" change="fnChangeDropDown" showSecondaryValues="true" 
											class="cl_VRInputCls" >
											<core:ListItem key="{oBPLookUpMdl>code}" text="{oBPLookUpMdl>description}" additionalText="{oBPLookUpMdl>code}" />
										</ComboBox>
                                       
									</VBox>

									
									<VBox class="VRVboxStyle1">
										<Label text="{i18n>BPCNewIncoterm}" class="cl_VRLablCls "></Label>
                                        <ComboBox width="95%" items="{oBPLookUpMdl>/Incoterms}" valueState="{JMBPCreate>/incoTermse}" valueStateText="{JMBPCreate>/incoTermsm}"
											filterSecondaryValues="true"  change="fnChangeDropDown" editable="{oConfigMdl>/screenEditable}" showSecondaryValues="true" selectedKey="{JMBPCreate>/newIncoTerms}"
											class="cl_VRInputCls" >
											<core:ListItem key="{oBPLookUpMdl>code}" text="{oBPLookUpMdl>description}" additionalText="{oBPLookUpMdl>code}" />
										</ComboBox>
									</VBox> 
                                    <VBox class="VRVboxStyle1">
										<Label text="{i18n>BPCNewIncotermNamedLocation}" class="cl_VRLablCls "></Label>
									<Input width="95%" value="{JMBPCreate>/newIncoTermsNameLocation}" editable="{oConfigMdl>/screenEditable}" liveChange="fnLiveChangeIncotermLoc"   valueState="{JMBPCreate>/incotermNameLocatione}" valueStateText="{JMBPCreate>/incotermNameLocationm}" class="cl_VRInputCls"></Input>
									</VBox>        
								</l:Grid>
                              <HBox class="cl_HBoxBlockSep">
                                </HBox>
                                				
                                  <l:Grid  class="sapUiSizeCompact sapUiSmallMarginBegin cl_extendBuyerRegGrid" defaultSpan="XL3 L3 M3 S12">
                                <VBox >
								<Label text="{i18n>cisoGrub}" tooltip="{i18n>cisoGrub}" required="true" class="cl_ConflictQtnCls sapUiTinyMarginTop"></Label>
									<RadioButtonGroup  enabled="{oConfigMdl>/screenEditable}" select="fnChangeCiscoGrub"  selectedIndex="{JMBPCreate>/isExclCiscoGhub}" valueState="{JMBPCreate>/isExclCiscoGhube}" columns="2">
									<RadioButton  class=" cl_BPCRadioBtnTxt" selected="false" text="{i18n>Yes}"/>
									<RadioButton  class="cl_BPCRadioBtnTxt" text="{i18n>No}"/>
                                    		</RadioButtonGroup>
                                 <layoutData>
              <l:GridData
                span="XL12 L12 M12 S12" />
            </layoutData>
                                </VBox>
                                 <VBox visible="false">
								<Label text="{i18n>RequesterConflictofInterest}" tooltip="{i18n>RequesterConflictofInterest}" required="false" class="cl_ConflictQtnCls sapUiTinyMarginTop"></Label>
									<RadioButtonGroup select="fnChangeReqCOI" enabled="{oConfigMdl>/screenEditable}"  selectedIndex="{JMBPCreate>/requestorConflictOfInterests}"  columns="2">
									<RadioButton  class=" cl_BPCRadioBtnTxt" selected="false" text="{i18n>Yes}"/>
									<RadioButton  class="cl_BPCRadioBtnTxt" text="{i18n>No}"/>
                                    		</RadioButtonGroup>
                                 <layoutData>
              <l:GridData
                span="XL12 L12 M12 S12" />
            </layoutData>
                                </VBox>
                                </l:Grid>
                                 <l:Grid  class="sapUiSizeCompact  sapUiSmallMarginBegin cl_extendBuyerRegGrid" defaultSpan="XL3 L3 M3 S12">
                                 <VBox class="VRVboxStyle1" visible="{JMBPCreate>/reqCoIFields}">
										<Label text="{i18n>BPCNameReq}" required="true" class="cl_VRLablCls "></Label>
										<Input width="95%" editable="{oConfigMdl>/screenEditable}" value="{JMBPCreate>/requestorCOIName}" liveChange="fnChangeFirstName2" valueState="{JMBPCreate>/requestorCOINamee}" valueStateText="{JMBPCreate>/requestorCOINamem}" class="cl_VRInputCls"></Input>
									</VBox>
								
									<VBox class="VRVboxStyle1" visible="{JMBPCreate>/reqCoIFields}">
										<Label text="{i18n>BPCEmailReq}" required="true" class="cl_VRLablCls "></Label>
										<Input width="95%" editable="{oConfigMdl>/screenEditable}" change="fnChangeEmailID2" value="{JMBPCreate>/requestorCOIEmail}" valueState="{JMBPCreate>/requestorCOIEmaile}" valueStateText="{JMBPCreate>/requestorCOIEmailm}"  class="cl_VRInputCls"></Input>
									</VBox>
								
                                  
								</l:Grid>
                              
                                  <!-- <VBox>
                                	<Label text="{i18n>BPCDoYouRepresentAnotherCountry}" class="sapUiSmallMarginBegin sapUiSmallMarginTop cl_BPCrSectHeaderCompExtend"></Label>
<Label text="{path: 'JMBPCreate>/representAnotherCompany', formatter: 'ns.BuyerRegistration.util.formatter.fnFormatRadioBtnTxt'}" class="cl_VRLablClsValueExtend sapUiSmallMarginBegin"></Label>	
</VBox> -->
	                            	   

                                   <HBox class="cl_BPCBlockSep">
                                </HBox> 
                                	<l:Grid defaultSpan="XL3 L3 M3 S12" class="sapUiSizeCompact sapUiSmallMarginTop">
									 <VBox class="VRVboxStyle1">
										<Label text="{i18n>BPCOneTimePOIndicator}" required="true" class="cl_VRLablCls sapUiTinyMarginBegin"></Label>
						
                            <RadioButtonGroup columns="2"  selectedIndex="{JMBPCreate>/oneTimePurchaseSupplierIndicators}" select="fnChangeOneTimePurchInd"  valueState="{JMBPCreate>/oneTimePurchaseSupplierIndicatorse}" enabled="{oConfigMdl>/screenEditable}">
									<RadioButton  class=" cl_BPCRadioBtnTxt" text="{i18n>Yes}"/>
									<RadioButton  class="cl_BPCRadioBtnTxt" text="{i18n>No}"/>
                                    		</RadioButtonGroup>
								
									</VBox>
                                    <VBox class="VRVboxStyle1">
										<Label text="{i18n>BPCSupplierTypeCl1}" class="cl_VRLablCls "></Label>
                                        <Input width="95%" editable="{oConfigMdl>/screenEditable}" value="{JMBPCreate>/supplierTypeClassificationL1}" liveChange="fnLiveChangeSuppClass" valueState="{JMBPCreate>/supplierTypeClassificationL1e}" valueStateText="{JMBPCreate>/supplierTypeClassificationL1m}" class="cl_VRInputCls"></Input>
										
						
									</VBox>
									<VBox class="VRVboxStyle1">
										<Label text="{i18n>BPCSupplierTypeCl2}" required="false" class="cl_VRLablCls "></Label>
                                        <Input width="95%" editable="{oConfigMdl>/screenEditable}" value="{JMBPCreate>/supplierCommodityClassificationL2}" liveChange="fnLiveChangeSupplierCommodityCL2" valueState="{JMBPCreate>/supplierCommodityClassificationL2e}" valueStateText="{JMBPCreate>/supplierCommodityClassificationL2m}" class="cl_VRInputCls"></Input>
											
									</VBox>
									
								
								
                                    <!-- <VBox class="VRVboxStyle1">
										<Label text="{i18n>BPCOutsideProcessInd}" required="false" class="cl_VRLablCls sapUiTinyMarginBegin"></Label>
										<RadioButtonGroup columns="2" selectedIndex="{JMBPCreate>/outsideProcessiongSupplierIndicators}" enabled="{oConfigMdl>/screenEditable}">
									<RadioButton  class=" cl_BPCRadioBtnTxt" text="{i18n>Yes}"/>
									<RadioButton  class="cl_BPCRadioBtnTxt" text="{i18n>No}"/>
                                    		</RadioButtonGroup>
									</VBox> -->
                                    <!-- <VBox class="VRVboxStyle1">
										<Label text="{i18n>BPCManualAddressOver-rideIndicator}" required="false" class="cl_VRLablCls sapUiTinyMarginBegin"></Label>
										<RadioButtonGroup columns="2" selectedIndex="{JMBPCreate>/manualAddressOverrideSupplierIndicators}" enabled="{oConfigMdl>/screenEditable}">
									<RadioButton  class=" cl_BPCRadioBtnTxt" text="{i18n>Yes}"/>
									<RadioButton  class="cl_BPCRadioBtnTxt" text="{i18n>No}"/>
                                    		</RadioButtonGroup>
									</VBox> -->
								</l:Grid>
                                 
                                	<l:Grid defaultSpan="XL3 L3 M3 S12" class="sapUiSizeCompact sapUiSmallMarginTop">
	<VBox class="VRVboxStyle1">
										<Label text="{i18n>BPCCustDirectedSupInd}" required="true" class="cl_VRLablCls sapUiTinyMarginBegin"></Label>
										<RadioButtonGroup columns="2" selectedIndex="{JMBPCreate>/customerDirectedSupplierIndicators}" valueState="{JMBPCreate>/customerDirectedSupplierIndicatorse}" select="fnCustDirChange" enabled="{oConfigMdl>/screenEditable}">
									<RadioButton  class=" cl_BPCRadioBtnTxt" text="{i18n>Yes}"/>
									<RadioButton  class="cl_BPCRadioBtnTxt" text="{i18n>No}"/>
                                    		</RadioButtonGroup>
									</VBox> 
                                    	<VBox class="VRVboxStyle1">
										<Label text="{i18n>BPCCustDirCustName}" required="{JMBPCreate>/customerDirectedSupplierIndicatorsMan}" class="cl_VRLablCls "></Label>
									<Input width="95%" editable="{oConfigMdl>/screenEditable}" liveChange="fnLiveChangeCustomerDirectSupplierCustNmbr" value="{JMBPCreate>/customerDirectedSupplierCustName}" valueState="{JMBPCreate>/customerDirectedSupplierCustNamee}" valueStateText="{JMBPCreate>/customerDirectedSupplierCustNamem}" class="cl_VRInputCls"></Input>
									</VBox>
                                    <VBox class="VRVboxStyle1">
										<Label text="{i18n>BPCCustDirContact}" required="{JMBPCreate>/customerDirectedSupplierIndicatorsMan}" class="cl_VRLablCls "></Label>
									<Input width="95%" editable="{oConfigMdl>/screenEditable}" liveChange="fnLiveChangeCustomerDirectContact" value="{JMBPCreate>/customerDirectedSupplierContract}" valueState="{JMBPCreate>/customerDirectedSupplierContracte}" valueStateText="{JMBPCreate>/customerDirectedSupplierContractm}" class="cl_VRInputCls"></Input>
									</VBox>
</l:Grid>

                                     <HBox class="cl_BPCBlockSep">
                                      </HBox>
                                       <Label class="sapUiTinyMarginBegin sapUiTinyMarginTop cl_BPCrSectHeader" visible="false" required="false" wrapping="true"  text="{i18n>BPCProduct}"></Label>
								<l:Grid defaultSpan="XL3 L3 M3 S12" visible="false" class="sapUiSizeCompact sapUiTinyMarginTop">
									<VBox class="VRVboxStyle1">
										<Label text="{i18n>BPCProductOrServiceTxt}" required="true" class="cl_VRLablCls sapUiTinyMarginTop"></Label>
                                        <Input width="95%" editable="{oConfigMdl>/screenEditable}" value="{JMBPCreate>/product}" liveChange="fnLiveChangeProduct" valueState="{JMBPCreate>/producte}" valueStateText="{JMBPCreate>/productm}" class="cl_VRInputCls"></Input>
									</VBox>
									
								</l:Grid>
                            
                                    
                                <l:Grid  class="sapUiSizeCompact sapUiTinyMarginTop">
                                <VBox >
                       
								<Label text="{i18n>ConflitOfIntrest}" required="true"  class="cl_ConflictQtnCls "></Label>
									<RadioButtonGroup  enabled="{oConfigMdl>/screenEditable}" select="fnConflictOfIntChnage" valueState="{JMBPCreate>/conflicte}" selectedIndex="{JMBPCreate>/conflictOfInterests}"  columns="1">
									<RadioButton  class=" cl_BPCRadioBtnTxt" selected="false" text="{i18n>BPCIDoNotHaveCOI}"/>
									<RadioButton  class="cl_BPCRadioBtnTxt" text="{i18n>BPCIHaveCOI}"/>
                                    		</RadioButtonGroup>
								
                                 <layoutData>
              <l:GridData
                span="XL3 L3 M3 S3" />
            </layoutData>
                                </VBox>
                                 <VBox 
                                >
                                  <Link  text="{i18n>COILinkTxt}" target="_blank" href="https://jabil.sharepoint.com/en/employees/JabilCodePolicies/Documents/Corporate%20Policies/FCPA,%20UK%20Bribery%20Act%20and%20Anti-Corruption%20Policy_English%20RV0414C.pdf" wrapping="true" class="" />
                                  <layoutData>
              <l:GridData
                span="XL12 L12 M12 S12" />
            </layoutData>
                                </VBox>
                               
                                
                                 
                                	</l:Grid>
                                         <l:Grid visible="{JMBPCreate>/CoIFields}"  class="sapUiSizeCompact">
 <VBox  class="VRVboxStyle1">
										<Label text="{i18n>ExplainConflictofInterest}" required="true" class="cl_VRLablCls "></Label>
										<Input width="98%" editable="{oConfigMdl>/screenEditable}" value="{JMBPCreate>/additionalInformation}" liveChange="fnLiveChangeAdditionalInfo" valueState="{JMBPCreate>/additionalInformatione}" valueStateText="{JMBPCreate>/additionalInformationm}"  class="cl_VRInputCls" ></Input>
                                           <layoutData>
              <l:GridData
                span="XL6 L6 M6 S6" />
            </layoutData>
									</VBox> 
								</l:Grid>
                           
                                                <l:Grid  class="sapUiSizeCompact sapUiTinyMarginTop sapUiSmallMarginBottom">
                               
                                 <VBox class="sapUiSmallMarginBegin cl_extendBuyerRegGrid" visible="false">
								<Label text="{i18n>AdditionalSurveyforSupp}" required="false" class="cl_ConflictQtnCls "></Label>
									<RadioButtonGroup select="fnChangeAttachmentVis" enabled="{oConfigMdl>/screenEditable}"  selectedIndex="{JMBPCreate>/addlSurveyForSuppliers}"  columns="2">
									<RadioButton  class=" cl_BPCRadioBtnTxt" selected="false" text="{i18n>Yes}"/>
									<RadioButton  class="cl_BPCRadioBtnTxt" text="{i18n>No}"/>
                                    		</RadioButtonGroup>
                               
                                </VBox>
                               
                                
								</l:Grid>
			<!-- <HBox wrap="Wrap" class="sapUiSmallMarginBegin cl_extendBuyerRegGrid"  visible="{JMBPCreate>/buyerAttachmentVis}" > -->
         <HBox wrap="Wrap" class="sapUiSmallMarginBegin cl_extendBuyerRegGrid"  visible="false" >
            <Button icon="sap-icon://add"  enabled="{oConfigMdl>/screenEditable}" text="{i18n>addAttachment}" press="fnAddBuyerAttachment" iconFirst="true"></Button>
				
				<g:GridList width="auto" items="{oAttachmentList>/buyerAttachment}" growing="true" class=" sapUiSizeCompact addMoreBtn attachmentMargin sapUiMediumMarginBegin">
					<g:customLayout>
						<grid:GridResponsiveLayout>
							<grid:layoutS>
								<grid:GridSettings gridTemplateColumns="1fr" gridGap="1rem"/>
							</grid:layoutS>
							<grid:layoutM>
								<grid:GridSettings gridTemplateColumns="1fr 1fr" gridGap="1rem"/>
							</grid:layoutM>
							<grid:layoutL>
								<grid:GridSettings gridTemplateColumns="1fr 1fr 1fr" gridGap="1rem"/>
							</grid:layoutL>
							<grid:layoutXL>
								<grid:GridSettings gridTemplateColumns="1fr 1fr 1fr" gridGap="1rem"/>
							</grid:layoutXL>
						</grid:GridResponsiveLayout>
					</g:customLayout>
					<g:GridListItem>
						<HBox>
							<HBox width="90%" class="sapUiTinyMarginBegin sapUiSizeCompact">
								<core:Icon src="{path:'oAttachmentList>fileExt',formatter:'ns.BuyerRegistration.util.formatter.mediaTypeformatter'}"
									class="attachmentIcon sapUiTinyMarginBegin sapUiTinyMarginTop sapUiTinyMarginBottom" size="2.5rem" color="#48639d"/>
							<VBox>	<Text text="{oAttachmentList>name}" class="sapUiTinyMarginBegin sapUiTinyMarginTop sapUiTinyMarginBottom sapUiLargeMarginEnd"/>
						<Text text="{oAttachmentList>fileSize}" class="sapUiTinyMarginBegin sapUiTinyMarginBottom sapUiLargeMarginEnd"/>
                      </VBox>  	</HBox>
							<VBox alignItems="Center" class="sapUiTinyMarginEnd sapUiTinyMarginTop sapUiTinyMarginBottom">
								<core:Icon src="sap-icon://decline"  class="docIconStyle" press="fnOnCancelAttachment"/>
								<core:Icon src="sap-icon://download" class="docIconStyle" press="fnOnDownlAttachment"/>
							</VBox>
						</HBox>
					</g:GridListItem>
				</g:GridList>
			</HBox>     	
          </VBox>
          
        
         	
    </l:Grid>
     
</core:FragmentDefinition>