<?xml version="1.0" encoding="UTF-8"?>
<core:FragmentDefinition xmlns="sap.m" xmlns:grid="sap.ui.layout.cssgrid" xmlns:un="sap.ui.unified" xmlns:g="sap.f" xmlns:core="sap.ui.core">
	<Dialog title="{i18n>MitigationReason}" contentWidth="35%">
		<content>
        <VBox fitContainer="true" alignContent="Center" class="sapUiSizeCompact sapUiTinyMarginBottom">   
            <Label required="true" text="{i18n>FirstLevelReason}" class="sapUiTinyMarginTop sapUiSmallMarginBegin"  wrapping="true"></Label>
          <ComboBox width="95%"  items="{oBPLookUpMdl>/firstLevelReason}" valueState="{JMAppvrComments>/firstLevelReasone}" valueStateText="{JMAppvrComments>/firstLevelReasonm}"
											filterSecondaryValues="true" change="fnChangeMitigationReason" showSecondaryValues="false" selectedKey="{JMAppvrComments>/firstLevelReason}"
											class="cl_VRInputCls sapUiSmallMarginBegin"  >
											<core:ListItem key="{oBPLookUpMdl>}" text="{oBPLookUpMdl>}" />
										</ComboBox>
            </VBox>
            <VBox fitContainer="true" alignContent="Center" class="sapUiSizeCompact sapUiTinyMarginBottom">   
            <Label required="true" text="{i18n>SecondLevelReason}" class="sapUiTinyMarginTop sapUiSmallMarginBegin"  wrapping="true"></Label>
          <ComboBox width="95%"  items="{oBPLookUpMdl>/SecondLevelReason}" valueState="{JMAppvrComments>/secondLevelReasone}" valueStateText="{JMAppvrComments>/secondLevelReasonm}"
											filterSecondaryValues="true"  change="fnChangeSeconLevelReason" showSecondaryValues="false" selectedKey="{JMAppvrComments>/secondLevelReason}"
											class="cl_VRInputCls sapUiSmallMarginBegin"  >
											<core:ListItem key="{oBPLookUpMdl>}" text="{oBPLookUpMdl>}" />
										</ComboBox>
            </VBox>
             <VBox fitContainer="true" visible="{JMAppvrComments>/commentVisible}" alignContent="Center" class="sapUiSizeCompact sapUiTinyMarginBottom">   
            <Label required="true" text="Comments" class="sapUiTinyMarginTop sapUiSmallMarginBegin"  wrapping="true"></Label>
            <TextArea change="fnInputSpaceCheck" value="{JMAppvrComments>/Comments}" liveChange="fnLiveChangeCmntTxtArea" valueState="{JMAppvrComments>/Commentse}" valueStateText="{JMAppvrComments>/Commentsm}" class="sapUiSmallMarginBegin" required="true"  width="95%" ></TextArea>
            </VBox>
            <Text text="{i18n>Attachments}" class="sapUiSmallMarginBegin sapUiTinyMarginTop cl_TIDescTxt"/>
			<HBox wrap="Wrap"  >
				<un:FileUploader id="id_MitigationDoc" buttonOnly="true" buttonText="{i18n>addAttachment}" iconFirst="true" icon="sap-icon://add" multiple="true"
					useMultipart="true"  change="fnOnFileUploadMitigate" sameFilenameAllowed="true" uploadComplete="fnOnUploadComplete"
					class="sapUiSizeCompact sapUiTinyMarginTop sapUiSmallMarginBegin"></un:FileUploader>
				<g:GridList width="auto" items="{oAttachmentList>/MitigationDoc}" growing="true" class=" sapUiSizeCompact addMoreBtn attachmentMargin sapUiSmallMarginBegin">
					<g:customLayout>
						<grid:GridResponsiveLayout>
							<grid:layoutS>
								<grid:GridSettings gridTemplateColumns="1fr" gridGap="1rem"/>
							</grid:layoutS>
							<grid:layoutM>
								<grid:GridSettings gridTemplateColumns="1fr" gridGap="1rem"/>
							</grid:layoutM>
							<grid:layoutL>
								<grid:GridSettings gridTemplateColumns="1fr" gridGap="1rem"/>
							</grid:layoutL>
							<grid:layoutXL>
								<grid:GridSettings gridTemplateColumns="1fr" gridGap="1rem"/>
							</grid:layoutXL>
						</grid:GridResponsiveLayout>
					</g:customLayout>
					<g:GridListItem>
						<HBox>
							<HBox width="90%" class="sapUiTinyMarginBegin sapUiSizeCompact">
								<core:Icon src="{path:'oAttachmentList>fileExt',formatter:'ns.BuyerRegistration.util.formatter.mediaTypeformatter'}"
									class="attachmentIcon sapUiTinyMarginBegin sapUiTinyMarginTop sapUiTinyMarginBottom" size="2.5rem" color="#48639d"/>
							<VBox>	<Text text="{oAttachmentList>name}" class="sapUiTinyMarginBegin sapUiTinyMarginTop sapUiTinyMarginBottom sapUiLargeMarginEnd"/>
						<Text text="{oAttachmentList>fileSize}" class="sapUiTinyMarginBegin sapUiTinyMarginBottom sapUiLargeMarginEnd"/>
                      </VBox>  	</HBox>
							<VBox alignItems="Center" class="sapUiTinyMarginEnd sapUiTinyMarginTop sapUiTinyMarginBottom">
								<core:Icon src="sap-icon://decline" class="docIconStyle" press="fnOnCancelAttachmentMitigate"/>
								<core:Icon src="sap-icon://download" class="docIconStyle" press="fnOnDownlAttachmentMitigate"/>
							</VBox>
						</HBox>
					</g:GridListItem>
				</g:GridList>
			</HBox>
			<OverflowToolbar class="barClass sapUiTinyMarginTop">
            	<ToolbarSpacer/>
				<Button class="cl_VRActnBtnClear" text="{i18n>close}" visible="true" press="fnCloseMitigationReason" tooltip="{i18n>close}"/>
				<Button  class="cl_VRActnBtnApply" text="{i18n>submit}" press="fnSubmitMitigation" tooltip="{i18n>submit}"/>
			</OverflowToolbar>
		</content>
	</Dialog>
</core:FragmentDefinition>