<core:FragmentDefinition xmlns="sap.m" xmlns:mvc="sap.ui.core.mvc" xmlns:core="sap.ui.core">
	<Dialog title="{i18n>PersonalizeColumns}" class="sapUiSizeCompact custBox" contentWidth="60%">
		<content>
            <Table inset="false" items="{currentSelectedClmnModel>/columnList}" id="personalizationTableId">
                <headerToolbar>
                    
                <Toolbar class="GBSTableTBHeight sapUiSizeCompact">
                    <ToolbarSpacer/>
                    <SearchField width="50%" liveChange=".onSearchColumn" placeholder="Search Column"/>
                </Toolbar>
                </headerToolbar>
					<columns>
						<Column width="3rem">
                            <CheckBox id="id_SelectAllClm" class="sapUiSizeCompact cl_ChkBoxHeight" select="fnSelectAllColumns"/>
                        </Column>
                        <Column>
                            <Text text="Select All" class="cl_GBSLablCls "/>
                        </Column>
                      
					</columns>
					<items>
						<ColumnListItem>
							<cells>
                                
								
									<CheckBox selected="{path: 'currentSelectedClmnModel>isSelect', formatter: 'ns.BuyerRegistration.util.formatter.selectColumn'}" select="onChangeCheckbox"/>
									<Text text="{currentSelectedClmnModel>name}" class="sapUiTinyMarginTop"/>
								
                               
							</cells>
						</ColumnListItem>
					</items>
			</Table>
        </content>
        <buttons>
            <Button text="{i18n>OK}" press="onSavePersonaliseTable" class="cl_GBSActnBtnApply sapUisizeCompact"/>
            <Button text="{i18n>Cancel}" press="onCancelPersonalization" class="cl_GBSActnBtnApply sapUiTinyarginBegin sapUiSizeCompact"/>
            <Button text="{i18n>Reset}" press="onResetPersonalization" class="cl_GBSActnBtnApply sapUiTinyarginBegin sapUiSizeCompact"/>
        </buttons>
    </Dialog>
</core:FragmentDefinition>
     
