<?xml version="1.0" encoding="UTF-8"?>
<core:FragmentDefinition xmlns="sap.m" xmlns:grid="sap.ui.layout.cssgrid" xmlns:l="sap.ui.layout"  xmlns:un="sap.ui.unified" xmlns:g="sap.f" xmlns:core="sap.ui.core">
	<Dialog title="{i18n>SMEDialogHeader}">
		<content>
       <Panel width="auto"   expandable="false" expanded="false" class="cl_VRPanelClass cl_PanelMargonTop  sapUiTinyMarginBegin  sapUiTinyMarginEnd">
 	<headerToolbar>
							<Toolbar class="cl_VRHeaderBackGrndPnl">
								<Title text="{i18n>Search}"/>
								<ToolbarSpacer/>
								
								<Button text="{i18n>Search}" press="fnSearchSME" class="cl_VRActnBtnApply sapUiSmallMarginEnd"/>
							</Toolbar>
						</headerToolbar>
 	<l:Grid defaultSpan="XL2 L2 M2 S12" class="sapUiSizeCompact sapUiTinyMarginTop">
							
                            <VBox class="VRVboxStyle1">
								
								<Label text="{i18n>BPCCompanyCode}" required="false" class="cl_VRLablCls "></Label>
										<ComboBox width="95%" items="{oBPLookUpMdl>/CompanyCode}"  autocomplete="false" valueState="{JMFilter>/companyCodee}" valueStateText="{JMFilter>/companyCodem}"
											filterSecondaryValues="true" editable="{oConfigMdl>/screenEditable}" change="fnLiveChangeCompCodeSME" showSecondaryValues="true" selectedKey="{JMFilter>/companyCode}"
											class="cl_VRInputCls"  >
											<core:ListItem key="{oBPLookUpMdl>code}"  text="{oBPLookUpMdl>code}" additionalText="{oBPLookUpMdl>description}"/>
										</ComboBox>
							</VBox>
                             <VBox class="VRVboxStyle1">
									<Label text="{i18n>BPPurchasingOrg}" required="false" class="cl_VRLablCls "></Label>
										<ComboBox width="95%" items="{oBPLookUpMdl>/PurOrg}" valueState="{JMFilter>/purchasingOrge}" valueStateText="{JMFilter>/purchasingOrgm}"
											filterSecondaryValues="true" editable="{oConfigMdl>/screenEditable}"  showSecondaryValues="true" selectedKey="{JMFilter>/purchasingOrg}"
											class="cl_VRInputCls"  >
											<core:ListItem key="{oBPLookUpMdl>code}" text="{oBPLookUpMdl>code}" additionalText="{oBPLookUpMdl>description}"/>
										</ComboBox>
							</VBox>

							</l:Grid>
                            <Table id="id_SMEListContent" class="sapUiSizeCompact cl_BPListTable"  mode="SingleSelectLeft"  alternateRowColors="true" items="{JMCompSearchResult>/}">
										
										<columns>
    
											<Column >
												<Label text="{i18n>BPECompanyCode}" class="cl_VRLablCls "></Label>
											</Column>
                                            
                                            <Column>
												<Label text="{i18n>BPEPurchasingOrg}" class="cl_VRLablCls "></Label>
											</Column>
                                            
                                            <Column>
												<Label text="{i18n>SmeEmail}" class="cl_VRLablCls "></Label>
											</Column>
                                            <Column>
												<Label text="{i18n>SmeFName}" class="cl_VRLablCls "></Label>
											</Column>
                                            <Column>
												<Label text="{i18n>SmeLName}" class="cl_VRLablCls "></Label>
											</Column>
                                               <Column width="6rem">
											
											</Column>
                                               <Column width="6rem" >
												
											</Column>
											
										
										</columns>
										<items>
											<ColumnListItem press="fnCaseListPressNav"  type="Active"  >
												<cells>
                                                    
													<Text text="{JMCompSearchResult>companyCode}" class="cl_ListNameClass"></Text>
                                                    <Text text="{JMCompSearchResult>purchasingOrganisation}"  wrapping="false" class="cl_ListNameClass"></Text>
												    
                                                    <Text text="{JMCompSearchResult>smeEmail}" class="cl_ListNameClass"></Text>
                                                    <Text text="{JMCompSearchResult>smeFirstName}" class="cl_ListNameClass"></Text>
                                                    <Text text="{JMCompSearchResult>smeLastName}" class="cl_ListNameClass"></Text>
                                                    
														
                                                    
			
                                                </cells>
											</ColumnListItem>
										</items>
									</Table>
						
</Panel>

			<OverflowToolbar class="barClass sapUiTinyMarginTop">
            	<ToolbarSpacer/>
				<Button class="cl_VRActnBtnClear" text="{i18n>close}" visible="true" press="fnCloseSMEList" tooltip="{i18n>close}"/>
				<Button  class="cl_VRActnBtnApply" text="{i18n>Select}" press="fnSelectSMEList" tooltip="{i18n>Select}"/>
			</OverflowToolbar>
		</content>
	</Dialog>
</core:FragmentDefinition>