{
  "manifest.json": 1623044966474,
  "i18n/i18n.properties": 1622721928788,
  "util/formatter.js": 1622618234302,
  "model/models.js": 1622618234302,
  "controller/BPExtend.controller.js": 1622618234302,
  "controller/App.controller.js": 1622618234302,
  "Component.js": 1622618234302,
  "manifest-bundle.zip": 1623044965700,
  "Component-preload.js": 1623044966332,
  "controller/BPExtend-dbg.controller.js": 1622618234302,
  "model/models-dbg.js": 1622618234302,
  "util/formatter-dbg.js": 1622618234302,
  "controller/App-dbg.controller.js": 1622618234302,
  "Component-dbg.js": 1622618234302,
  "buyerextinbox/resources.json": 1623044966480,
  "view/BPExtend.view.xml": 1622618234302,
  "view/App.view.xml": 1622618234302,
  "fragments/personalizationFilter.fragment.xml": 1622618234302,
  "fragments/Sorter.fragment.xml": 1622618234302,
  "fragments/ExtendBuisnessPartner.fragment.xml": 1622618234302,
  "fragments/DraftSuccess.fragment.xml": 1622618234302,
  "fragments/CreateSuccess.fragment.xml": 1622618234302,
  "fragments/CreateBuisnessPartner.fragment.xml": 1622618234302,
  "fragments/AdvancedSearch.fragment.xml": 1622618234302,
  "css/style.css": 1622618234302,
  "index.html": 1622721928788
}