<core:FragmentDefinition xmlns="sap.m" xmlns:f="sap.ui.layout.form" xmlns:core="sap.ui.core" xmlns:l="sap.ui.layout"
	xmlns:u="sap.ui.unified" xmlns:grid="sap.ui.layout.cssgrid" xmlns:g="sap.f">
	<Panel width="100%" class="sapUiTinyMarginTop panelPadding">
		<content>
			<Text text="{i18n>bankInformation}" class="fontBold sapUiTinyMarginBegin sapUiTinyMarginBottom"/>
			<l:Grid containerQuery="true" defaultSpan="XL2 L3 M4 S12" class="gridSpacing sapUiSizeCompact sapUiNoContentPadding ">
				<VBox  class="fontStyle">
					<Label text="{i18n>bankName}" required="true"></Label>
					<Input required="true" class="inputStyle"></Input>
				</VBox>
				<VBox class="fontStyle">
					<Label text="{i18n>bankAddr}"  required="true"></Label>
					<Input required="true" class="inputStyle"></Input>
				</VBox>
				<VBox  class="fontStyle">
					<Label text="{i18n>bankAccNum}" required="true"></Label>
					<Input required="true" class="inputStyle"></Input>
				</VBox>
				<VBox  class="fontStyle">
					<Label text="{i18n>bankKey}"></Label>
					<Input class="inputStyle"></Input>
				</VBox>
				<VBox class="fontStyle" >
					<Label text="{i18n>accHolderName}" required="true"></Label>
					<Input required="true" class="inputStyle"></Input>
				</VBox>
				<!-- <VBox>
					<Label text="{i18n>clabe}" class="fontStyle"></Label>
					<Input ></Input>
				</VBox>
				<VBox>
					<Label text="{i18n>aba}" class="fontStyle"></Label>
					<Input ></Input>
				</VBox>
				<VBox>
					<Label text="{i18n>achAbaNo}" class="fontStyle"></Label>
					<Input ></Input>
				</VBox> -->
				<VBox  class="fontStyle">
					<Label text="{i18n>swift}" required="true"></Label>
					<Input required="true" class="inputStyle"></Input>
				</VBox>
				<VBox class="fontStyle">
					<Label text="{i18n>iban}" ></Label>
					<Input class="inputStyle"></Input>
				</VBox>
                <VBox class="fontStyle">
					<Label text="{i18n>bankCity}" ></Label>
					<Input class="inputStyle"></Input>
				</VBox>
				<VBox  class="fontStyle">
					<Label text="{i18n>state}" required="true"></Label>
					<Input required="true" class="inputStyle"></Input>
				</VBox>
				<VBox  class="fontStyle">
					<Label text="{i18n>bankCountry}"></Label>
					<Input class="inputStyle"></Input>
				</VBox>
				<VBox class="fontStyle">
					<Label text="{i18n>bankBranch}"  required="true"></Label>
					<Input required="true" class="inputStyle"></Input>
				</VBox>
				<VBox  class="fontStyle">
					<Label text="{i18n>bankCtrlKey}"></Label>
					<Input class="inputStyle"></Input>
                    <Text text="{i18n>bankCtrlKeyHint}" textAlign="End" class="disabledFontClr"/>
				</VBox>
				<VBox class="fontStyle">
					<Label text="{i18n>instKey}" ></Label>
					<Input class="inputStyle"></Input>
                     <Text text="{i18n>instKeyHint}" textAlign="End" class="disabledFontClr"/>
				</VBox>
			</l:Grid>
		</content>
		<layoutData>
			<FlexItemData minWidth="100%"/>
		</layoutData>
	</Panel>
	
	<VBox class="sapUiMediumMarginTop">
		<Text text="{i18n>Attachments}" class="fontBold gridSpacing sapUiTinyMarginBegin"/>

			<HBox wrap="Wrap">
				<u:FileUploader id="fileUploader_BA" buttonOnly="true" buttonText="Add Attachment" iconFirst="true" icon="sap-icon://add" multiple="true"
					useMultipart="true" change="fnOnFileUpload" sameFilenameAllowed="true" uploadComplete="fnOnUploadComplete"
					class="sapUiSizeCompact sapUiTinyMarginTop sapUiTinyMarginBegin"></u:FileUploader>
				<g:GridList width="auto" items="{oAttachmentList>/0/bankDArray}" growing="true" class="attachmentList1 sapUiSizeCompact addMoreBtn attachmentMargin sapUiMediumMarginBegin">
					<g:customLayout>
						<grid:GridResponsiveLayout>
							<grid:layoutS>
								<grid:GridSettings gridTemplateColumns="1fr" gridGap="1rem"/>
							</grid:layoutS>
							<grid:layoutM>
								<grid:GridSettings gridTemplateColumns="1fr 1fr" gridGap="1rem"/>
							</grid:layoutM>
							<grid:layoutL>
								<grid:GridSettings gridTemplateColumns="1fr 1fr 1fr" gridGap="1rem"/>
							</grid:layoutL>
							<grid:layoutXL>
								<grid:GridSettings gridTemplateColumns="1fr 1fr 1fr" gridGap="1rem"/>
							</grid:layoutXL>
						</grid:GridResponsiveLayout>
					</g:customLayout>
					<g:GridListItem>
						<HBox>
							<HBox width="90%" class="sapUiTinyMarginBegin sapUiSizeCompact">
								<core:Icon src="{path:'oAttachmentList>fileExt',formatter:'com.jabil.suverform.formatter.formatter.mediaTypeformatter'}"
									class="attachmentIcon sapUiTinyMarginBegin sapUiTinyMarginTop sapUiTinyMarginBottom" color="#48639d"/>
								<Text text="{oAttachmentList>fileName}" class="sapUiTinyMarginBegin sapUiTinyMarginTop sapUiTinyMarginBottom sapUiLargeMarginEnd"/>
							</HBox>
							<VBox alignItems="Center" class="sapUiTinyMarginEnd sapUiTinyMarginTop sapUiTinyMarginBottom">
								<core:Icon src="sap-icon://decline" class="docIconStyle" press="fnOnCancelAttachment"/>
								<core:Icon src="sap-icon://download" class="docIconStyle" press="fnOnDownlAttachment"/>
							</VBox>
						</HBox>
					</g:GridListItem>
				</g:GridList>
			</HBox>
	</VBox>
</core:FragmentDefinition>