<core:FragmentDefinition xmlns="sap.m" xmlns:f="sap.ui.layout.form" xmlns:core="sap.ui.core" xmlns:l="sap.ui.layout"
	xmlns:u="sap.ui.unified" xmlns:uc="sap.ui.unified.calendar" xmlns:grid="sap.ui.layout.cssgrid" xmlns:g="sap.f" xmlns:upload="sap.m.upload">
	<VBox class=" sapUiTinyMarginTop">
		<Panel width="100%" class="panelPadding">
			<Text text="{oi18n_En>businessPartInfo}&#10;&#10;{i18n>businessPartInfo}" class="fontStyle sapUiTinyMarginBegin sapUiTinyMarginBottom"/>
		</Panel>
		<!-- <Panel visible="{=!${oVisibilityModel>/createflag}}" width="100%" class="sapUiTinyMarginTop panelPadding"> -->
        <Panel visible="true" width="100%" class="sapUiTinyMarginTop panelPadding">
				<Text text="{oi18n_En>information}/&#160;{i18n>information}" class="fontBold sapUiTinyMarginBegin"/>
				<l:Grid containerQuery="true" width="90%" defaultSpan="XL3 L3 M3 S12"
					class="gridSpacing sapUiSizeCompact sapUiTinyMarginTop">
					<VBox class="fontStyle">
						<Label text="{oi18n_En>legalName}&#10;{i18n>legalName}" wrapping="true" required="true"></Label>
						<Input value="{suppReg>/form/legalName}" class="inputStyle" required="true" enabled="{=!${oVisibilityModel>/isLegalCorrect}}"></Input>
					</VBox>
					<VBox class="fontStyle sapUiSizeCompact">
						<Label labelFor="legal" text="{oi18n_En>isCorrect}&#10;{i18n>isCorrect}" wrapping="true"/>
						<RadioButtonGroup id="legal" columns="2" selectedIndex="{suppReg>/form/islegalCorrect}" select="fnIsLegalCorrect">
							<RadioButton text="{oi18n_En>yes}/&#160;{i18n>yes}" selected="{oVisibilityModel>/isLegalCorrect}"/>
							<RadioButton text="{oi18n_En>no}/&#160;{i18n>no}"/>
						</RadioButtonGroup>
					</VBox>
					<VBox class="fontStyle sapUiSizeCompact">
						<Label text="{oi18n_En>dunsNum}&#10;{i18n>dunsNum}" wrapping="true"></Label>
						<Input value="{oDataModel>/form/dunsNum}" enabled="{=!${oVisibilityModel>/isDunsCorrect}}" class="inputStyle"></Input>
					</VBox>
					<VBox class="fontStyle">
						<Label labelFor="dunsNum" text="{oi18n_En>isCorrect}&#10;{i18n>isCorrect}" wrapping="true"/>
						<RadioButtonGroup id="dunsNum" columns="2" selectedIndex="{suppReg>/form/isdunsCorrect}" select="fnIsDunsNumCorrect">
							<RadioButton text="{oi18n_En>yes}/&#160;{i18n>yes}" selected="{oVisibilityModel>/isDunsCorrect}"/>
							<RadioButton text="{oi18n_En>no}/&#160;{i18n>no}"/>
						</RadioButtonGroup>
					</VBox>
				</l:Grid>
			<layoutData>
				<FlexItemData minWidth="100%"/>
			</layoutData>
		</Panel>
		<Panel visible="{oVisibilityModel>/createflag}" width="100%" class="panelPadding sapUiTinyMarginBottom">
			<HBox class="fontStyle sapUiSizeCompact">
				<Label labelFor="site" class="fontBold sapUiTinyMarginBegin sapUiTinyMarginTop sapUiSizeCompact" text="{oi18n_En>isSiteRegwithDunandBrad}&#10;{i18n>isSiteRegwithDunandBrad}"
					wrapping="true"></Label>
				<RadioButtonGroup id="site" columns="2" selectedIndex="0">
					<RadioButton text="{oi18n_En>yes}/&#160;{i18n>yes}" selected="{oVisibilityModel>/isSiteRegWithDuns}"/>
					<RadioButton text="{oi18n_En>no}/&#160;{i18n>no}"  selected="{oVisibilityModel>/isSiteNotRegWithDuns}"/>
				</RadioButtonGroup>
			</HBox>
			<VBox alignContent="Start" visible="{oVisibilityModel>/isSiteRegWithDuns}" class="fontStyle">
				<l:Grid containerQuery="true" width="90%" defaultSpan="XL3 L3 M4 S12" class="gridSpacing">
					<VBox class="fontStyle sapUiSizeCompact">
						<Label text="{oi18n_En>dunsRegNum}&#10;{i18n>dunsRegNum}" wrapping="true"></Label>
						<Input value="{oDataModel>/form/dunsNum}" class="inputStyle"></Input>
					</VBox>
					<VBox class="fontStyle sapUiSizeCompact">
						<Label text="{oi18n_En>dandBLegalName}&#10;{i18n>dandBLegalName}" wrapping="true" ></Label>
						<Input value="{suppReg>/form/dBLegalName}" class="inputStyle"></Input>
					</VBox>
				</l:Grid>
			</VBox>
			<VBox visible="{oVisibilityModel>/isSiteNotRegWithDuns}" class="fontStyle sapUiSizeCompact">
				<Label labelFor="regnew" wrapping="true" class="sapUiTinyMarginBegin" text="{oi18n_En>isSiteNotRegwithDunandBradText}&#10;{i18n>isSiteNotRegwithDunandBradText}" required="true"></Label>
				<RadioButtonGroup id="regnew" columns="2" selectedIndex="{suppReg>/form/isNewReg}">
					<RadioButton text="{oi18n_En>yes}/&#160;{i18n>yes}"/>
					<RadioButton text="{oi18n_En>no}/&#160;{i18n>no}"/>
				</RadioButtonGroup>
				<Label labelFor="corpHead" wrapping="true" text="{oi18n_En>isSiteTheCorpHead}&#10;{i18n>isSiteTheCorpHead}" class="fontStyle sapUiTinyMarginBegin" required="true"></Label>
				<RadioButtonGroup id="corpHead" columns="2" selectedIndex="{suppReg>/form/isSiteCorp}">
					<RadioButton text="{oi18n_En>yes}/&#160;{i18n>yes}"/>
					<RadioButton text="{oi18n_En>no}/&#160;{i18n>no}"/>
				</RadioButtonGroup>
				<l:Grid containerQuery="true" class="gridSpacing fontStyle" width="90%" defaultSpan="XL3 L3 M4 S12">
					<VBox class="fontStyle sapUiSizeCompact">
						<Label text="{oi18n_En>numOfEmployees}&#10;{i18n>numOfEmployees}" wrapping="true" ></Label>
						<ComboBox width="100%" placeholder="{i18n>select}" items="{oLookUpModel>/employeeCount}" class="inputStyle">
							<core:Item key="{oLookUpModel>key}" text="{oLookUpModel>value}"/>
						</ComboBox>
					</VBox>
					<VBox class="fontStyle sapUiSizeCompact">
						<Label text="{oi18n_En>compStartYear}&#10;{i18n>compStartYear}" wrapping="true"></Label>
                      
						<DatePicker displayFormat="yyyy" valueFormat="yyyy" minDate="{path: 'oLookUpModel>/startYear/minYear',formatter:'com.jabil.suverform.formatter.formatter.formatYear'}" maxDate="{path: 'oLookUpModel>/startYear/maxYear',formatter:'com.jabil.suverform.formatter.formatter.formatYear'}"  class="inputStyle"></DatePicker>
					
                    
                    </VBox>
				</l:Grid>
			</VBox>
			<layoutData>
				<FlexItemData minWidth="100%"/>
			</layoutData>
		</Panel>
		<Panel width="100%" class="sapUiTinyMarginTop panelPadding">
			<content>
				<l:Grid containerQuery="true" width="90%" defaultSpan="XL3 L3 M4 S12" class="gridSpacing">
					<VBox class="fontStyle sapUiSizeCompact">
						<Label labelFor="cfrCompliant" wrapping="true" text="{oi18n_En>zCFRCompliant}&#10;{i18n>zCFRCompliant}"></Label>
						<RadioButtonGroup id="cfrCompliant" columns="2" selectedIndex="">
							<RadioButton text="{oi18n_En>yes}/&#160;{i18n>yes}"/>
							<RadioButton text="{oi18n_En>no}/&#160;{i18n>no}"/></RadioButtonGroup>
						<!-- <Input value=""></Input> -->
					</VBox>
					<VBox class="fontStyle sapUiSizeCompact">
						<Label labelFor="iTARCInd" text="{oi18n_En>iTARCertIndtr}&#10;{i18n>iTARCertIndtr}" wrapping="true"></Label>
						<RadioButtonGroup id="iTARCInd" columns="2" selectedIndex="">
							<RadioButton text="{oi18n_En>yes}/&#160;{i18n>yes}"/>
							<RadioButton text="{oi18n_En>no}/&#160;{i18n>no}"/></RadioButtonGroup>
					</VBox>
				</l:Grid>
			</content>
			<layoutData>
				<FlexItemData minWidth="100%"/>
			</layoutData>
		</Panel>
		<Panel id="gridTaxRegDetails" width="100%" class="sapUiTinyMarginTop panelPadding sapUiTinyMarginBottom">
			<Text text="{oi18n_En>comRegInfo}/&#160;{i18n>comRegInfo}" wrapping="true" class="sapUiTinyMarginBegin fontBold"/>
			<l:Grid containerQuery="true" hSpacing="0.1" vSpacing="0.3" defaultSpan="XL2 L2 M2 S12"
				class="gridSpacing sapUiSizeCompact sapUiMediumMarginTop">
				<VBox class="fontStyle sapUiSizeCompact">
					<Label text="{oi18n_En>taxID}/&#160;{i18n>taxID}"></Label>
					<Input class="inputStyle"></Input>
                      <layoutData>
                                  <l:GridData spanM="3" spanL="3" spanXL="3"></l:GridData></layoutData>
				</VBox>
				<VBox class="fontStyle sapUiSizeCompact">
					<Label text="{oi18n_En>country}/&#160;{i18n>country}"></Label>
					<ComboBox width="100%" placeholder="{i18n>select}" class="inputStyle"></ComboBox>
                      <layoutData>
                                  <l:GridData spanM="3" spanL="3" spanXL="3"></l:GridData></layoutData>
				</VBox>
				<VBox class="fontStyle sapUiSizeCompact">
					<Label text="{oi18n_En>type}/&#160;{i18n>type}"></Label>
					<ComboBox width="100%" placeholder="{i18n>select}" class="inputStyle"></ComboBox>
                      <layoutData>
                                  <l:GridData spanM="2" spanL="2" spanXL="2"></l:GridData></layoutData>
				</VBox>
				<VBox class="fontStyle sapUiSizeCompact">
					<Label text="{oi18n_En>other}/&#160;{i18n>other}"></Label>
					<Input class="inputStyle"></Input>
                      <layoutData>
                                  <l:GridData spanM="2" spanL="2" spanXL="2"></l:GridData></layoutData>
				</VBox>
				<VBox class="sapUiSizeCompact">
					<Label/>
					<Button icon="sap-icon://add" text="{oi18n_En>addMore}/&#160;{i18n>addMore}" type="Transparent" iconFirst="true" press="addTaxRegistration" class="addMoreBtn"/>
					<!-- <layoutData>
						<l:GridData span="XL3 L3 M3 S12"></l:GridData>
					</layoutData> -->
                      <layoutData>
                                  <l:GridData spanM="2" spanL="2" spanXL="2"></l:GridData></layoutData>
				</VBox>
			</l:Grid>
			<layoutData>
				<FlexItemData minWidth="100%"/>
			</layoutData>
		</Panel>
		<Text class="sapUiTinyMarginBegin sapUiTinyMarginTop fontBold" text="{oi18n_En>ndaAgreementText}&#10;&#10;{i18n>ndaAgreementText}"/>
<VBox class="fontStyle sapUiSizeCompact">
<Label labelFor="agreement" text="{oi18n_En>isNdaActive}&#10;{i18n>isNdaActive}" class="sapUiTinyMarginBegin sapUiTinyMarginTop" wrapping="true"/>
							<RadioButtonGroup id="agreement" columns="3" selectedIndex="{suppReg>/form/signedAgreement}" class="sapUiSizeCompact sapUiMediumMarginBottom">
								<RadioButton text="{oi18n_En>yes}/&#160;{i18n>yes}"/>
								<RadioButton text="{oi18n_En>no}/&#160;{i18n>no}"/>
								<RadioButton text="{oi18n_En>iDontKnow}/&#160;{i18n>iDontKnow}"/>
							</RadioButtonGroup>
                            </VBox>
		<VBox>
			<Text text="{oi18n_En>Attachments}&#10;{i18n>Attachments}" wrapping="true" class="sapUiTinyMarginBegin sapUiSmallMarginTop fontBold"/>
			<HBox wrap="Wrap">
				<u:FileUploader id="fileUploader" buttonOnly="true" buttonText="{oi18n_En>addAttachment}/&#160;{i18n>addAttachment}" iconFirst="true" icon="sap-icon://add" multiple="true"
					useMultipart="true" change="fnOnFileUpload" sameFilenameAllowed="true" uploadComplete="fnOnUploadComplete"
					class="sapUiSizeCompact sapUiTinyMarginTop sapUiTinyMarginBegin"></u:FileUploader>
				<g:GridList width="auto" items="{oAttachmentList>/}" growing="true" class="sapUiSizeCompact addMoreBtn attachmentMargin sapUiMediumMarginBegin">
					<g:customLayout>
						<!-- <grid:GridBasicLayout gridTemplateColumns="repeat(auto-fit, minmax(16rem, 1fr))" gridAutoFlow="Column" gridGap="0.5rem" /> -->
						<!-- <grid:GridBasicLayout gridTemplateColumns="1fr 1fr 1fr" gridGap="1rem" />  -->
						<grid:GridResponsiveLayout layoutChange="onLayoutChange">
							<grid:layoutS>
								<grid:GridSettings gridTemplateColumns="1fr" gridGap="1rem"/>
							</grid:layoutS>
							<grid:layoutM>
								<grid:GridSettings gridTemplateColumns="1fr 1fr" gridGap="1rem"/>
							</grid:layoutM>
							<grid:layoutL>
								<grid:GridSettings gridTemplateColumns="1fr 1fr 1fr" gridGap="1rem"/>
							</grid:layoutL>
							<grid:layoutXL>
								<grid:GridSettings gridTemplateColumns="1fr 1fr 1fr" gridGap="1rem"/>
							</grid:layoutXL>
						</grid:GridResponsiveLayout>
					</g:customLayout>
					<g:GridListItem>
						<HBox>
							<HBox width="90%" class="sapUiTinyMarginBegin sapUiSizeCompact">
								<core:Icon src="{path:'oAttachmentList>fileExt',formatter:'com.jabil.suverform.formatter.formatter.mediaTypeformatter'}"
									class="attachmentIcon sapUiTinyMarginBegin sapUiTinyMarginTop sapUiTinyMarginBottom" color="#48639d"/>
								<Text text="{oAttachmentList>fileName}" class="sapUiTinyMarginBegin sapUiTinyMarginTop sapUiTinyMarginBottom sapUiLargeMarginEnd"/>
							</HBox>
							<VBox alignItems="Center" class="sapUiTinyMarginEnd sapUiTinyMarginTop sapUiTinyMarginBottom">
								<core:Icon src="sap-icon://decline" class="docIconStyle" press="fnOnCancelAttachment"/>
								<core:Icon src="sap-icon://download" class="docIconStyle" press="fnOnDownlAttachment"/>
							</VBox>
						</HBox>
					</g:GridListItem>
				</g:GridList>
			</HBox>
		</VBox>
		<!-- <upload:UploadSet instantUpload="true"
				showIcons="true"
				uploadEnabled="true"
                uploadUrl="../../../../upload"
				items="{path: 'oAttachmentList>/', templateShareable: false}"
                class="attachmentList sapUiTinyMarginEnd"
                uploadCompleted="fnOnUploadComplete">
                 <upload:toolbar>
				<OverflowToolbar>
					 
				</OverflowToolbar>
			</upload:toolbar> 
                	<upload:items>
				 <upload:UploadSetItem fileName="{oAttachmentList>fullName}" visibleEdit="false" enabledEdit="false"
                >
              <upload:attributes> 
						<ObjectAttribute
								title="{MediaType}"
								/> 
					</upload:attributes>
                 </upload:UploadSetItem>
                
                </upload:items>
      
                        </upload:UploadSet>   -->
	</VBox>
</core:FragmentDefinition>