<core:FragmentDefinition xmlns="sap.m" xmlns:f="sap.ui.layout.form" xmlns:core="sap.ui.core" xmlns:l="sap.ui.layout" xmlns:u="sap.ui.unified"
	xmlns:grid="sap.ui.layout.cssgrid"
	xmlns:g="sap.f"
    >
    <l:VerticalLayout width="100%" class="sapUiSizeCompact">
                   <Text text="{i18n>orderfromAddr}" class="fontStyle fontBold sapUiTinyMarginBegin sapUiTinyMarginTop sapUiTinyMarginBottom"/>
							<l:Grid containerQuery="true" defaultSpan="XL3 L3 M4 S12" class="gridSpacing sapUiSizeCompact sapUiTinyMarginTop">
								<VBox class="fontStyle">
									<Label text="{i18n>name}"  required="true"></Label>
									<Input value="" class="inputStyle"></Input>
     	
								</VBox> 
                                <VBox class="fontStyle">
									<Label text="{i18n>addressL1}" required="true"></Label>
									<Input value="" class="inputStyle"></Input>
     	
								</VBox> 
								<VBox class="fontStyle">
									<Label text="{i18n>addressL2}"></Label>
									<Input value="" class="inputStyle"></Input>
     	
								</VBox>
                                <VBox class="fontStyle">
									<Label text="{i18n>dist}" required="true"></Label>
									<Input value="" class="inputStyle"></Input>
     	
								</VBox>
                                <VBox class="fontStyle">
									<Label text="{i18n>postalCode}" required="true"></Label>
									<Input value="" class="inputStyle"></Input>
									
                                </VBox>
                                <VBox class="fontStyle">
									<Label text="{i18n>city}"  required="true"></Label>
									<Input value="" class="inputStyle"></Input>
									
                                </VBox>
                                <VBox class="fontStyle">
									<Label text="{i18n>region}" required="true"></Label>
								<ComboBox width="100%" placeholder="{i18n>select}" class="inputStyle"></ComboBox>
							
                                </VBox>
								
								<VBox class="fontStyle">
									<Label text="{i18n>countrykey}"  required="true"></Label>
									<ComboBox width="100%" placeholder="{i18n>select}" value="{oDataModel>/form/or_fromAddrCountry}" class="inputStyle"></ComboBox>
										
                                </VBox>
								<VBox class="fontStyle">
									<Label text="{i18n>teleNum}"  required="true"></Label>
									<Input value="" class="inputStyle"></Input>
								</VBox>
								<VBox class="fontStyle">
									<Label text="{i18n>faxNum}"></Label>
									<Input value="" class="inputStyle"></Input>
								</VBox>
                                <VBox class="fontStyle">
									<Label text="{i18n>postOfcBox}"></Label>
									<Input value="" class="inputStyle"></Input>
								</VBox>
                                 <VBox class="fontStyle">
									<Label text="{i18n>postOfcBoxZipCode}"></Label>
									<Input value="" class="inputStyle"></Input>
								</VBox>
							</l:Grid>
                              <Text text="{i18n>remittoAddr}" class="fontStyle fontBold sapUiTinyMarginBegin sapUiTinyMarginTop sapUiTinyMarginBottom"/>
							<l:Grid containerQuery="true" defaultSpan="XL3 L3 M4 S12" class="gridSpacing sapUiSizeCompact sapUiTinyMarginTop">
							<VBox class="fontStyle">
									<Label text="{i18n>name}" required="true"></Label>
									<Input value="" class="inputStyle"></Input>
     	
								</VBox> 
                            	<VBox class="fontStyle">
									<Label text="{i18n>addressL1}" required="true"></Label>
									<Input value="" class="inputStyle"></Input>
     	
								</VBox> 
								<VBox class="fontStyle">
									<Label text="{i18n>addressL2}"></Label>
									<Input value="" class="inputStyle"></Input>
     	
								</VBox>
                                <VBox class="fontStyle">
									<Label text="{i18n>dist}"  required="true"></Label>
									<ComboBox width="100%" placeholder="{i18n>select}" class="inputStyle"></ComboBox>
									
                                </VBox>
                                <VBox class="fontStyle">
									<Label text="{i18n>postalCode}"  required="true"></Label>
									<Input value="" class="inputStyle"></Input>
								</VBox>
                                <VBox class="fontStyle">
									<Label text="{i18n>city}"  required="true"></Label>
								<ComboBox width="100%"  placeholder="{i18n>select}" class="inputStyle"></ComboBox>
							
                                </VBox>
								
								<VBox class="fontStyle">
									<Label text="{i18n>region}" required="true"></Label>
									<ComboBox width="100%" placeholder="{i18n>select}" class="inputStyle"></ComboBox>
										
                                </VBox>
								
								<VBox class="fontStyle">
									<Label text="{i18n>countrykey}" required="true"></Label>
									<ComboBox width="100%" placeholder="{i18n>select}" class="inputStyle"></ComboBox>
								</VBox>
                                <VBox class="fontStyle">
									<Label text="{i18n>teleNum}" required="true"></Label>
									<Input value="" class="inputStyle"></Input>
								</VBox>
                                <VBox class="fontStyle">
									<Label text="{i18n>faxNum}"></Label>
									<Input value="" class="inputStyle"></Input>
								</VBox>
                                <VBox class="fontStyle">
									<Label text="{i18n>postOfcBox}"></Label>
									<Input value="" class="inputStyle"></Input>
								</VBox>
                                 <VBox class="fontStyle">
									<Label text="{i18n>postOfcBoxZipCode}"></Label>
									<Input value="" class="inputStyle"></Input>
								</VBox>
							</l:Grid>
                            
    </l:VerticalLayout>
    <VBox visible= "{=${oDataModel>/form/or_fromAddrCountry} === 'US'}" class="fontStyle sapUiSizeCompact">
      <Label labelFor="divCert" text="{i18n>divCertText}" wrapping="true" class="sapUiTinyMarginTop sapUiTinyMarginBegin"/>
		<RadioButtonGroup id="divCert" columns="2" selectedIndex="0">
			<RadioButton text="{i18n>yes}" selected="{oVisibilityModel>/diversityCert}"></RadioButton>
			<RadioButton text="{i18n>no}"></RadioButton>
		</RadioButtonGroup>
        <g:GridList visible="{oVisibilityModel>/diversityCert}" class="gList sapUiTinyMarginTop sapUiSizeCompact">
     	<g:customLayout>
			  <grid:GridBasicLayout gridTemplateColumns="1fr" gridGap="0.5rem" /> 
			
        </g:customLayout> 
        
     	<g:GridListItem>	
         <CheckBox class="inputStyle"></CheckBox>
        <Text text="Minority Business Enterprise" class="fontStyle sapUiTinyMarginTop sapUiLargeMarginEnd"/>
         <Label text="{i18n>smallBusWeb}" required="true" class="fontStyle sapUiTinyMarginTop"/>
          <Link text="https://www.sba.gov/" target="_blank" href="https://www.sba.gov/" wrapping="true" class="sapUiTinyMarginTop"/>
        </g:GridListItem>
        <g:GridListItem>
       
        <!-- <g:layoutData>
        <grid:GridItemLayoutData gridColumn="2" /> 
        </g:layoutData> -->
        </g:GridListItem>
        <g:GridListItem>	
         <CheckBox class="inputStyle"></CheckBox>
        <Text text="Woman-Owned Business Enterprise" class="fontStyle sapUiTinyMarginTop"/>
        </g:GridListItem>
        <g:GridListItem>
        <VBox>
        <HBox>	
         <CheckBox select="fnAddSmallDisAdvBusi" class="inputStyle" selected="{oVisibilityModel>/smallDisAdvBusiness}"></CheckBox>
        <Text text="Small Disadvantaged Business" class="fontStyle sapUiTinyMarginTop"/>
       <Link text="{i18n>moreInfo}" target="_blank" href="" wrapping="true" class="sapUiTinyMarginBegin sapUiTinyMarginTop"/>
      </HBox>
        <g:GridList visible="{oVisibilityModel>/smallDisAdvBusiness}" class="gList sapUiTinyMarginBegin sapUiTinyMarginTop sapUiSizeCompact">
     	<g:customLayout>
			  <grid:GridBasicLayout gridTemplateColumns="1fr 1fr" gridGap="0.5rem" /> 
			
        </g:customLayout> 
        
     	<g:GridListItem>	
         <CheckBox class="inputStyle"></CheckBox>
        <Text text="Woman-Owned Small Business" class="fontStyle sapUiTinyMarginTop"/> 
        </g:GridListItem>
        <g:GridListItem>	
         <CheckBox class="inputStyle"></CheckBox>
        <Text text="HUBZone Small Business" class="fontStyle sapUiTinyMarginTop"/>
        </g:GridListItem>    
        <g:GridListItem>	
         <CheckBox class="inputStyle"></CheckBox>
        <Text text="Veteran-Owned Small Business" class="fontStyle sapUiTinyMarginTop"/> 
        </g:GridListItem>
        <g:GridListItem>	
         <CheckBox class="inputStyle"></CheckBox>
        <Text text="Service-Disabled Veteran-Owned Small Business" class="fontStyle sapUiTinyMarginTop"/>
        </g:GridListItem>
        <g:layoutData>
        <FlexItemData growFactor="1"></FlexItemData></g:layoutData>
        </g:GridList>
        </VBox>
        </g:GridListItem>
       
         <g:GridListItem>	
         <CheckBox class="inputStyle"></CheckBox>
        <Text text="Lesbian, Gay, Bisexual and/or Transgender Owned Business" class="fontStyle sapUiTinyMarginTop"/>
        </g:GridListItem>
         <g:GridListItem>	
         <CheckBox class="inputStyle"></CheckBox>
        <Text text="Business Enterprises Owned by People with Disabilities" class="fontStyle sapUiTinyMarginTop"/>
        </g:GridListItem>
         <g:GridListItem>	
         <VBox width="100%">
        <Text text="Other" class="fontStyle sapUiTinyMarginBegin sapUiTinyMarginTop"/>
        <TextArea width="45%" class="inputStyle sapUiSizeCompact sapUiTinyMarginBegin"/>
        </VBox>
        </g:GridListItem>
          </g:GridList> 

       </VBox><VBox class="fontStyle sapUiSizeCompact">
        <Label text="{i18n>companyWeb}" class="fontStyle sapUiTinyMarginBegin sapUiMediumMarginTop"/>
        <Input width="45%" class="sapUiSizeCompact sapUiTinyMarginBegin"/>
        <!-- <Text text="{i18n>Attachments}" class="fontBold gridSpacing sapUiTinyMarginTop sapUiTinyMarginBegin"/>
									<u:FileUploader buttonOnly="true" iconOnly="true" icon="sap-icon://add" change="" sameFilenameAllowed="true" class="sapUiTinyMarginBegin"></u:FileUploader> -->
     <Text text="{i18n>Attachments}" class="sapUiTinyMarginBegin sapUiSmallMarginTop fontBold"/>
			<HBox wrap="Wrap">
				<u:FileUploader id="fileUploader_CO" buttonOnly="true" buttonText="Add Attachment" iconFirst="true" icon="sap-icon://add" multiple="true"
					useMultipart="true" change="fnOnFileUpload" sameFilenameAllowed="true" uploadComplete="fnOnUploadComplete"
					class="sapUiSizeCompact sapUiTinyMarginTop sapUiTinyMarginBegin"></u:FileUploader>
				<g:GridList width="auto" items="{oAttachmentList>/0/compDArray}" growing="true" class="attachmentList1 sapUiSizeCompact addMoreBtn attachmentMargin sapUiMediumMarginBegin">
					<g:customLayout>
						<grid:GridResponsiveLayout>
							<grid:layoutS>
								<grid:GridSettings gridTemplateColumns="1fr" gridGap="1rem"/>
							</grid:layoutS>
							<grid:layoutM>
								<grid:GridSettings gridTemplateColumns="1fr 1fr" gridGap="1rem"/>
							</grid:layoutM>
							<grid:layoutL>
								<grid:GridSettings gridTemplateColumns="1fr 1fr 1fr" gridGap="1rem"/>
							</grid:layoutL>
							<grid:layoutXL>
								<grid:GridSettings gridTemplateColumns="1fr 1fr 1fr" gridGap="1rem"/>
							</grid:layoutXL>
						</grid:GridResponsiveLayout>
					</g:customLayout>
					<g:GridListItem>
						<HBox>
							<HBox width="90%" class="sapUiTinyMarginBegin sapUiSizeCompact">
								<core:Icon src="{path:'oAttachmentList>fileExt',formatter:'com.jabil.suverform.formatter.formatter.mediaTypeformatter'}"
									class="attachmentIcon sapUiTinyMarginBegin sapUiTinyMarginTop sapUiTinyMarginBottom" color="#48639d"/>
								<Text text="{oAttachmentList>fileName}" class="sapUiTinyMarginBegin sapUiTinyMarginTop sapUiTinyMarginBottom sapUiLargeMarginEnd"/>
							</HBox>
							<VBox alignItems="Center" class="sapUiTinyMarginEnd sapUiTinyMarginTop sapUiTinyMarginBottom">
								<core:Icon src="sap-icon://decline" class="docIconStyle" press="fnOnCancelAttachment"/>
								<core:Icon src="sap-icon://download" class="docIconStyle" press="fnOnDownlAttachment"/>
							</VBox>
						</HBox>
					</g:GridListItem>
				</g:GridList>
			</HBox>
      </VBox>
    </core:FragmentDefinition>