<core:FragmentDefinition xmlns="sap.m" xmlns:f="sap.ui.layout.form" xmlns:core="sap.ui.core" xmlns:l="sap.ui.layout"
    xmlns:grid="sap.ui.layout.cssgrid"
	xmlns:g="sap.f"
    xmlns:u="sap.ui.unified"
    xmlns:html ="sap.ui.core.HTML"
	>
    <VBox class="fontStyle sapUiSizeCompact">
    <Label labelFor="securitySys" text="{i18n>cyberHeader}" wrapping="true" class="fontStyle sapUiTinyMarginTop sapUiTinyMarginBegin"/>
        <core:HTML
						content='&lt;p style=&quot;font-size:0.875rem;letter-spacing: 0.17px;&quot;class=&quot;fontStyle1 sapUiTinyMarginBegin&quot;&gt;{i18n>cyberNote1}&lt;a target=&quot;_blank&quot; href=&quot;http://en.wikipedia.org/wiki/Lorem_ipsum&quot;&gt;{i18n>cyberNoteLink}&lt;/a&gt;{i18n>cyberNote2}&lt;/p&gt;'></core:HTML>
        <RadioButtonGroup id="securitySys" columns="2" selectedIndex="0" select="fnHandleSecurityDetails">
			<RadioButton text="{i18n>yes}" selected="{oVisibilityModel>/jbNet}"></RadioButton>
			<RadioButton text="{i18n>no}"></RadioButton>
		</RadioButtonGroup>
         <g:GridList visible="{oVisibilityModel>/jbNet}" class="gList sapUiTinyMarginTop sapUiSizeCompact">
     	<g:customLayout>
			  <!-- <grid:GridBasicLayout gridTemplateColumns="2fr 2fr" gridGap="0.5rem" />  -->
              	<grid:GridResponsiveLayout>
							<grid:layoutS>
								<grid:GridSettings gridTemplateColumns="1fr" gridGap="1rem"/>
							</grid:layoutS>
							<grid:layoutM>
								<grid:GridSettings gridTemplateColumns="2fr 2fr" gridGap="1rem"/>
							</grid:layoutM>
                            <grid:layoutL>
								<grid:GridSettings gridTemplateColumns="2fr 2fr" gridGap="1rem"/>
							</grid:layoutL>
                            <grid:layoutXL>
								<grid:GridSettings gridTemplateColumns="2fr 2fr" gridGap="1rem"/>
							</grid:layoutXL>
				</grid:GridResponsiveLayout>
        </g:customLayout> 
        
     	<g:GridListItem>
         	
         <CheckBox class="inputStyle" ></CheckBox>
        <Text text="Jabil provided Virtual Private Network (VPN)" class="sapUiTinyMarginTop"/>
        <Button icon="sap-icon://message-information" type="Transparent" class="sapUiSizeCompact infoBtn"/>
        </g:GridListItem><g:GridListItem>
          <CheckBox class="inputStyle"></CheckBox> 
          <Text text="Jabil provided Commercial/Open Source technology i.e. TeamViewer, LogMeIn or VNC" wrapping="true" class="sapUiTinyMarginTop"/>
          <Button icon="sap-icon://message-information" type="Transparent" class="sapUiSizeCompact infoBtn"/>
          </g:GridListItem><g:GridListItem> 
          <CheckBox class="inputStyle"></CheckBox><Text text="Jabil provided application logon using a username and password or single sign on" wrapping="true" class="sapUiTinyMarginTop"/>
         <Button icon="sap-icon://message-information" type="Transparent" class="sapUiSizeCompact infoBtn"/>
           </g:GridListItem><g:GridListItem>
         <VBox>
         <HBox>
           <CheckBox class="inputStyle"></CheckBox>
            <Text text="Other connection type (please describe in the comments)"  class="fontStyle sapUiTinyMarginTop"/>
          </HBox>
          <TextArea maxLength="1000" class="inputStyle sapUiSizeCompact sapUiMediumMarginBegin"/>
          </VBox>
   </g:GridListItem>
   </g:GridList>
   <Label labelFor="willOrgCollectJabilData" text="{i18n>willOrgCollectJabilData}" wrapping="true" class="fontStyle sapUiTinyMarginTop sapUiTinyMarginBegin"/>
        <RadioButtonGroup id="willOrgCollectJabilData" columns="2" selectedIndex="0">
			<RadioButton text="{i18n>yes}" selected="{oVisibilityModel>/jbDataCollect}"></RadioButton>
			<RadioButton text="{i18n>no}"></RadioButton>
		</RadioButtonGroup>
         <g:GridList visible="{oVisibilityModel>/jbDataCollect}" class="gList fontStyle sapUiTinyMarginTop sapUiSizeCompact">
     	<g:customLayout>
			  <grid:GridBasicLayout gridTemplateColumns="1fr" gridGap="0.5rem" /> 
			
        </g:customLayout> 
        
     	<g:GridListItem>
         	
         <CheckBox class="inputStyle"></CheckBox>
        <Text text="Jabil Restricted Information (Critical technology and core intellectual property, pre-market public financials, M&amp;A, Legal and Compliance data)" class="sapUiTinyMarginTop"/>
        </g:GridListItem><g:GridListItem>
          <CheckBox class="inputStyle"></CheckBox> 
          <Text text="Regulated or Contractual Information (ITAR, SOX, Jabil Customer information, FDA, HIPPA, etc. )" class="sapUiTinyMarginTop"/>
          </g:GridListItem><g:GridListItem> 
          <CheckBox class="inputStyle"></CheckBox><Text text="Jabil Employee Information (Personal Identifiable Information (PII), medical or health, payroll, compensation etc.)" class="sapUiTinyMarginTop"/>
        </g:GridListItem><g:GridListItem>
          <CheckBox class="inputStyle"></CheckBox> 
          <Text text=" Jabil Confidential Information (internal use only policies and procedures, software or hardware technology, technical specs, IT Security information, BOMs, business plans, budget, marketing strategies etc.)" wrapping="true" class="sapUiTinyMarginTop"/>        
           </g:GridListItem><g:GridListItem>
         <VBox>
         <HBox>
           <CheckBox class="inputStyle"></CheckBox>
            <Text text="Other data type (please describe in the comments)"  class="sapUiTinyMarginTop"/>
          </HBox>
          <TextArea maxLength="1000" class="inputStyle sapUiSizeCompact sapUiMediumMarginBegin"/>
          </VBox>
   </g:GridListItem>
   </g:GridList>
   <VBox class="fontStyle sapUiSizeCompact" visible="{=${oVisibilityModel>/jbNet} || ${oVisibilityModel>/jbDataCollect}}">
    <core:HTML
						content='&lt;p style=&quot;font-size:0.875rem;letter-spacing: 0.17px;&quot;class=&quot;fontStyle1 sapUiTinyMarginBegin&quot;&gt;{i18n>orgCertificate1}&lt;a target=&quot;_blank&quot; href=&quot;http://en.wikipedia.org/wiki/Lorem_ipsum&quot;&gt;{i18n>orgCertificateLink}&lt;/a&gt;{i18n>orgCertificate2}&lt;/p&gt;'></core:HTML>
   
   <Label labelFor="isOrgCertified" visible="false" text="{i18n>orgCertificate}" wrapping="true" class="fontStyle sapUiTinyMarginTop sapUiTinyMarginBegin"/>
        <RadioButtonGroup id="isOrgCertified" columns="2" selectedIndex="0">
			<RadioButton text="{i18n>yes}"></RadioButton>
			<RadioButton text="{i18n>no}"></RadioButton>
		</RadioButtonGroup>
        <Label labelFor="isValidCert" text="{i18n>validCertificate}" wrapping="true" class="fontStyle sapUiTinyMarginTop sapUiTinyMarginBegin"/>
        <RadioButtonGroup id="isValidCert" columns="2" selectedIndex="0">
			<RadioButton text="{i18n>yes}"></RadioButton>
			<RadioButton text="{i18n>no}"></RadioButton>
		</RadioButtonGroup>
        <Label labelFor="infoSecPOC" text="{i18n>informationSecurityContactDetails}" wrapping="true" class="fontStyle sapUiTinyMarginTop sapUiTinyMarginBegin"/>
        <RadioButtonGroup id="infoSecPOC" columns="2" selectedIndex="0" select="fnHandleInfoSecurityDetails">
			<RadioButton text="{i18n>yes}"></RadioButton>
			<RadioButton text="{i18n>no}"></RadioButton>
		</RadioButtonGroup>
        </VBox>
        <Text text="{i18n>infoSecurityContact}" class="fontStyle sapUiSizeCompact sapUiTinyMarginBottom sapUiTinyMarginBegin sapUiTinyMarginTop"/>	
         </VBox>
         <l:VerticalLayout  class="fontStyle sapUiSizeCompact" width="100%">
							<l:Grid containerQuery="true" defaultSpan="XL2 L2 M2 S12" class="gridSpacing sapUiSizeCompact sapUiTinyMarginTop">
								<VBox>
									<Label text="{i18n>firstName}" class="fontStyle"></Label>
									<Input value="" class="inputStyle"></Input>
								</VBox>
								<VBox>
									<Label text="{i18n>lastName}" class="fontStyle"></Label>
									<Input value="" class="inputStyle"></Input>
								</VBox>
								<VBox>
									<Label text="{i18n>jobTitle}" class="fontStyle"></Label>
									<Input value="" class="inputStyle"></Input>
								</VBox>
								<VBox>
									<Label text="{i18n>eMail}" class="fontStyle"></Label>
									<Input value="" class="inputStyle"></Input>
								</VBox>
								<VBox>
									<Label text="{i18n>contact}" class="fontStyle"></Label>
									 <VBox>
											<ComboBox width="100%" selectedKey="001" class="inputStyle">
												<core:ListItem key="001" text="001"/>
											</ComboBox>
                                            </VBox>
                                  <layoutData>
                                  <l:GridData spanM="1" spanL="1" spanXL="1"></l:GridData></layoutData>
                                       </VBox>
								<VBox>
                                <Label/>
											<Input class="inputStyle"></Input>
                                
                                        </VBox> 
                               
								<VBox>
									<Label text="{i18n>extension}" class="fontStyle"></Label>
									<Input value="" class="inputStyle"></Input>
                                     
								</VBox>
							</l:Grid>
						</l:VerticalLayout>
                        <VBox class="sapUiTinyMarginBegin">
									<Text text="{i18n>Attachments}" class="fontBold"/>
									
			<HBox wrap="Wrap">
				<u:FileUploader id="fileUploader_CY" buttonOnly="true" buttonText="Add Attachment" iconFirst="true" icon="sap-icon://add" multiple="true"
					useMultipart="true" change="fnOnFileUpload" sameFilenameAllowed="true" uploadComplete="fnOnUploadComplete"
					class="sapUiSizeCompact sapUiTinyMarginTop"></u:FileUploader>
				<g:GridList width="auto" items="{oAttachmentList>/0/compSecuDArray}" growing="true" class="attachmentList1 sapUiSizeCompact addMoreBtn attachmentMargin sapUiMediumMarginBegin">
					<g:customLayout>
						<grid:GridResponsiveLayout>
							<grid:layoutS>
								<grid:GridSettings gridTemplateColumns="1fr" gridGap="1rem"/>
							</grid:layoutS>
							<grid:layoutM>
								<grid:GridSettings gridTemplateColumns="1fr 1fr" gridGap="1rem"/>
							</grid:layoutM>
							<grid:layoutL>
								<grid:GridSettings gridTemplateColumns="1fr 1fr 1fr" gridGap="1rem"/>
							</grid:layoutL>
							<grid:layoutXL>
								<grid:GridSettings gridTemplateColumns="1fr 1fr 1fr" gridGap="1rem"/>
							</grid:layoutXL>
						</grid:GridResponsiveLayout>
					</g:customLayout>
					<g:GridListItem>
						<HBox>
							<HBox width="90%" class="sapUiTinyMarginBegin sapUiSizeCompact">
								<core:Icon src="{path:'oAttachmentList>fileExt',formatter:'com.jabil.suverform.formatter.formatter.mediaTypeformatter'}"
									class="attachmentIcon sapUiTinyMarginBegin sapUiTinyMarginTop sapUiTinyMarginBottom" color="#48639d"/>
								<Text text="{oAttachmentList>fileName}" class="sapUiTinyMarginBegin sapUiTinyMarginTop sapUiTinyMarginBottom sapUiLargeMarginEnd"/>
							</HBox>
							<VBox alignItems="Center" class="sapUiTinyMarginEnd sapUiTinyMarginTop sapUiTinyMarginBottom">
								<core:Icon src="sap-icon://decline" class="docIconStyle" press="fnOnCancelAttachment"/>
								<core:Icon src="sap-icon://download" class="docIconStyle" press="fnOnDownlAttachment"/>
							</VBox>
						</HBox>
					</g:GridListItem>
				</g:GridList>
			</HBox>
								</VBox>
    </core:FragmentDefinition>