<core:FragmentDefinition xmlns="sap.m" xmlns:f="sap.ui.layout.form" xmlns:core="sap.ui.core" xmlns:l="sap.ui.layout" xmlns:ui="sap.ui.table" xmlns:u="sap.ui.unified" xmlns:grid="sap.ui.layout.cssgrid" xmlns:g="sap.f"
 >
    <Panel width="100%" class="panelPadding sapUiSmallMarginBegin sapUiSmallMarginEnd">
    <VBox class="fontStyle sapUiSizeCompact">
     <Text wrapping="true"
				text="{i18n>companyContactText}"></Text> 
     <Text  wrapping="true"
				text="{i18n>companyContactTableText}"></Text> 
                </VBox>
    </Panel>
				
                 <VBox fitContainer="true" class="fontStyle" >
                <Table items="{oLookUpModel>/tabledata}" class="mtableMargin sapUiSizeCompact">
               
                <columns >
                <Column class="sapUiSizeCompact"><Text text="{i18n>contactType}" class="mtableColH"/></Column>
                <Column minScreenWidth="Desktop"
				demandPopin="true" class="sapUiSizeCompact"><Text text="{i18n>eMail}" class="mtableColH"/></Column>
                <Column minScreenWidth="Desktop"
				demandPopin="true" class="sapUiSizeCompact"><Text text="{i18n>firstName}" class="mtableColH"/></Column>
                <Column minScreenWidth="Desktop"
				demandPopin="true" class="sapUiSizeCompact"><Text text="{i18n>lastName}" class="mtableColH"/></Column>
                <Column minScreenWidth="Desktop"
				demandPopin="true" class="sapUiSizeCompact"><Text text="{i18n>jobTitle}" class="mtableColH"/></Column>
                <Column minScreenWidth="Desktop"
				demandPopin="true" class="sapUiSizeCompact"><Text text="{i18n>phoneNum}" class="mtableColH"/></Column>
                <Column minScreenWidth="Desktop"
				demandPopin="true" class="sapUiSizeCompact"><Text text="{i18n>phoneExt}" class="mtableColH"/></Column>
                </columns>
                	<items>
			<ColumnListItem class="sapUiSizeCompact">
            <cells >
            <Text text="{oLookUpModel>rowTitle}" wrapping="true" />
            <Input class="inputStyle" />
            <Input class="inputStyle"/>
            <Input class="inputStyle"/>
            <Input class="inputStyle"/>
            <HBox fitContainer="true" alignItems="Start">
            <ComboBox class="inputStyle" items="" selectedKey="001">
				<core:Item key="001" text="001"/>
                 <layoutData>
                <FlexItemData styleClass="contactStyle"></FlexItemData></layoutData>
				</ComboBox>

            <Input class="inputStyle"/></HBox>
            <Input class="inputStyle"/>
            </cells>
            </ColumnListItem>
            </items>
            	
            </Table>
                 <layoutData>
					<FlexItemData growFactor="1" baseSize="0%"></FlexItemData>
				</layoutData>
            </VBox>
            <VBox class="sapUiTinyMarginTop sapUiTinyMarginBegin">
                  
                             <Text text="{i18n>Attachments}" class="fontBold  sapUiTinyMarginBegin"/>
								
			<HBox wrap="Wrap">
				<u:FileUploader id="fileUploader_CCO" buttonOnly="true" buttonText="Add Attachment" iconFirst="true" icon="sap-icon://add" multiple="true"
					useMultipart="true" change="fnOnFileUpload" sameFilenameAllowed="true" uploadComplete="fnOnUploadComplete"
					class="sapUiSizeCompact sapUiTinyMarginTop sapUiTinyMarginBegin"></u:FileUploader>
				<g:GridList width="auto" items="{oAttachmentList>/0/compContDArray}" growing="true" class="attachmentList1 sapUiSizeCompact addMoreBtn attachmentMargin sapUiMediumMarginBegin">
					<g:customLayout>
						<grid:GridResponsiveLayout>
							<grid:layoutS>
								<grid:GridSettings gridTemplateColumns="1fr" gridGap="1rem"/>
							</grid:layoutS>
							<grid:layoutM>
								<grid:GridSettings gridTemplateColumns="1fr 1fr" gridGap="1rem"/>
							</grid:layoutM>
							<grid:layoutL>
								<grid:GridSettings gridTemplateColumns="1fr 1fr 1fr" gridGap="1rem"/>
							</grid:layoutL>
							<grid:layoutXL>
								<grid:GridSettings gridTemplateColumns="1fr 1fr 1fr" gridGap="1rem"/>
							</grid:layoutXL>
						</grid:GridResponsiveLayout>
					</g:customLayout>
					<g:GridListItem>
						<HBox>
							<HBox width="90%" class="sapUiTinyMarginBegin sapUiSizeCompact">
								<core:Icon src="{path:'oAttachmentList>fileExt',formatter:'com.jabil.suverform.formatter.formatter.mediaTypeformatter'}"
									class="attachmentIcon sapUiTinyMarginBegin sapUiTinyMarginTop sapUiTinyMarginBottom" color="#48639d"/>
								<Text text="{oAttachmentList>fileName}" class="sapUiTinyMarginBegin sapUiTinyMarginTop sapUiTinyMarginBottom sapUiLargeMarginEnd"/>
							</HBox>
							<VBox alignItems="Center" class="sapUiTinyMarginEnd sapUiTinyMarginTop sapUiTinyMarginBottom">
								<core:Icon src="sap-icon://decline" class="docIconStyle" press="fnOnCancelAttachment"/>
								<core:Icon src="sap-icon://download" class="docIconStyle" press="fnOnDownlAttachment"/>
							</VBox>
						</HBox>
					</g:GridListItem>
				</g:GridList>
			</HBox>
      <layoutData>
					<FlexItemData growFactor="1"></FlexItemData>
				</layoutData>
      </VBox>
    </core:FragmentDefinition>
    	