<core:FragmentDefinition xmlns="sap.m" xmlns:f="sap.ui.layout.form" xmlns:core="sap.ui.core" xmlns:l="sap.ui.layout" xmlns:u="sap.ui.unified"
	 xmlns:grid="sap.ui.layout.cssgrid" xmlns:g="sap.f">
    <l:VerticalLayout width="100%" class="fontStyle sapUiSizeCompact sapUiTinyMarginBegin">
    <Label labelFor="allowFinStat" text="{i18n>allowFinStatText}" wrapping="true" class="fontStyle  sapUiTinyMarginTop sapUiTinyMarginBegin"/>
		<RadioButtonGroup id="allowFinStat" columns="1" selectedIndex="0">
			<RadioButton text="{i18n>yes}"></RadioButton>
			<RadioButton text="{i18n>noPC}"></RadioButton>
            <RadioButton text="{i18n>noNDC}"></RadioButton>
			<RadioButton text="{i18n>noNA}"></RadioButton>
		</RadioButtonGroup>
        
        <Label labelFor="isFinAudited" text="{i18n>doesAuditHapnd}" wrapping="true" class="fontStyle  sapUiTinyMarginTop sapUiTinyMarginBegin"/>
		<RadioButtonGroup id="isFinAudited" columns="2" selectedIndex="0">
			<RadioButton text="{i18n>yes}" selected="{oVisibilityModel>/finAudited}"></RadioButton>
			<RadioButton text="{i18n>no}"></RadioButton>
		</RadioButtonGroup>
       <VBox class="fontStyle sapUiSizeCompact" visible="{oVisibilityModel>/finAudited}">
        <Label text="{i18n>auditorName}" wrapping="true" class="fontStyle sapUiTinyMarginBegin sapUiTinyMarginTop"/>
        <Input width="30%" class="inputStyle sapUiSizeCompact sapUiTinyMarginBegin"/>
        <Label labelFor="hasAuditNegFeedback" text="{i18n>hasAuditNegFeedback}" wrapping="true" class="fontStyle sapUiMediumMarginTop sapUiTinyMarginBegin"/>
		<RadioButtonGroup id="hasAuditNegFeedback" columns="2" selectedIndex="0">
			<RadioButton text="{i18n>yes}"></RadioButton>
			<RadioButton text="{i18n>no}"></RadioButton>
		</RadioButtonGroup>
        </VBox>
        <Text text="{i18n>Attachments}" class="fontBold  sapUiTinyMarginTop sapUiTinyMarginBegin"/>
									
			<HBox wrap="Wrap">
				<u:FileUploader id="fileUploader_FI" buttonOnly="true" buttonText="Add Attachment" iconFirst="true" icon="sap-icon://add" multiple="true"
					useMultipart="true" change="fnOnFileUpload" sameFilenameAllowed="true" uploadComplete="fnOnUploadComplete"
					class="sapUiSizeCompact sapUiTinyMarginTop sapUiTinyMarginBegin"></u:FileUploader>
				<g:GridList width="auto" items="{oAttachmentList>/0/compFinDArray}" growing="true" class="attachmentList1 sapUiSizeCompact addMoreBtn attachmentMargin sapUiMediumMarginBegin">
					<g:customLayout>
						<grid:GridResponsiveLayout>
							<grid:layoutS>
								<grid:GridSettings gridTemplateColumns="1fr" gridGap="1rem"/>
							</grid:layoutS>
							<grid:layoutM>
								<grid:GridSettings gridTemplateColumns="1fr 1fr" gridGap="1rem"/>
							</grid:layoutM>
							<grid:layoutL>
								<grid:GridSettings gridTemplateColumns="1fr 1fr 1fr" gridGap="1rem"/>
							</grid:layoutL>
							<grid:layoutXL>
								<grid:GridSettings gridTemplateColumns="1fr 1fr 1fr" gridGap="1rem"/>
							</grid:layoutXL>
						</grid:GridResponsiveLayout>
					</g:customLayout>
					<g:GridListItem>
						<HBox>
							<HBox width="90%" class="sapUiTinyMarginBegin sapUiSizeCompact">
								<core:Icon src="{path:'oAttachmentList>fileExt',formatter:'com.jabil.suverform.formatter.formatter.mediaTypeformatter'}"
									class="attachmentIcon sapUiTinyMarginBegin sapUiTinyMarginTop sapUiTinyMarginBottom" color="#48639d"/>
								<Text text="{oAttachmentList>fileName}" class="sapUiTinyMarginBegin sapUiTinyMarginTop sapUiTinyMarginBottom sapUiLargeMarginEnd"/>
							</HBox>
							<VBox alignItems="Center" class="sapUiTinyMarginEnd sapUiTinyMarginTop sapUiTinyMarginBottom">
								<core:Icon src="sap-icon://decline" class="docIconStyle" press="fnOnCancelAttachment"/>
								<core:Icon src="sap-icon://download" class="docIconStyle" press="fnOnDownlAttachment"/>
							</VBox>
						</HBox>
					</g:GridListItem>
				</g:GridList>
			</HBox>
         </l:VerticalLayout>
    </core:FragmentDefinition>