<core:FragmentDefinition xmlns="sap.m" xmlns:f="sap.ui.layout.form" xmlns:core="sap.ui.core" xmlns:l="sap.ui.layout" xmlns:u="sap.ui.unified" xmlns:grid="sap.ui.layout.cssgrid" xmlns:g="sap.f"
	>
    <Panel width="100%" class="fontStyle sapUiTinyMarginTop panelPadding">
		<content>
			<Text text="{i18n>companyComplianceHeader}" class="fontStyle fontBold sapUiTinyMarginBegin sapUiTinyMarginBottom"/>
      <MessageStrip text="{i18n>supplierCoC}" class="mStrip">
      <link>
					<Link text=" https://www.jabil.com/dam/jcr:a588538b-a1ae-4136-a4b4-413b292833d7/supplier-code-of-conduct%20(1).pdf"
						target="_blank"
						href=" https://www.jabil.com/dam/jcr:a588538b-a1ae-4136-a4b4-413b292833d7/supplier-code-of-conduct%20(1).pdf" 
                        class="fontStyle sapUiContentPadding"
                        wrapping="true"/>
				</link> </MessageStrip>
              
                <core:HTML
						content='&lt;p style=&quot;font-size:0.875rem;letter-spacing: 0.17px;color: #404040; opacity: 1;&quot; class=&quot;sapUiTinyMarginBegin&quot;&gt;{i18n>supplierRBA}&lt;a target=&quot;_blank&quot; href=&quot;http://en.wikipedia.org/wiki/Lorem_ipsum&quot;&gt;{i18n>supplierRBALink}&lt;/a&gt;{i18n>supplierRBABrkText}&lt;/p&gt;'></core:HTML>
      </content>
            </Panel>
            <l:VerticalLayout width="100%" class="fontStyle sapUiSizeCompact sapUiMediumMarginTop">
            <Label labelFor="cocMeet" text="{i18n>supplierCocMeet}" wrapping="true" class="fontStyle sapUiTinyMarginBegin"></Label>
					<RadioButtonGroup id="cocMeet" columns="2" selectedIndex="0">
						<RadioButton text="{i18n>yes}" selected="{oVisibilityModel>/CocMeet}"></RadioButton>
						<RadioButton text="{i18n>no}"></RadioButton>
					</RadioButtonGroup>
            </l:VerticalLayout>
            <l:VerticalLayout width="100%" class="fontStyle sapUiSizeCompact sapUiTinyMarginTop " visible="{=!${oVisibilityModel>/CocMeet}}">
            <Label  text="{i18n>prvdExplanation}" class="fontStyle sapUiTinyMarginBegin"></Label>
					<TextArea value="" width="60%" maxLength="1000" class="inputStyle sapUiSizeCompact sapUiTinyMarginBegin">
                 </TextArea>
                 <!-- <Text text="{i18n>txtAreaLimit}"/> -->
                 <Label text="{i18n>quesDirectPOC}" wrapping="true" class="fontStyle sapUiTinyMarginTop sapUiTinyMarginBegin"/>
                 <l:Grid containerQuery="true" defaultSpan="XL2 L2 M2 S12" class="gridSpacing sapUiSizeCompact sapUiTinyMarginTop">
								<VBox class="fontStyle" >
									<Label text="{i18n>firstName}"></Label>
									<Input value="" class="inputStyle"></Input>
     	
								</VBox>
								<VBox class="fontStyle" >
									<Label text="{i18n>lastName}"></Label>
									<Input value="" class="inputStyle"></Input>
							
                                </VBox>
								
								<VBox class="fontStyle" >
									<Label text="{i18n>eMail}" ></Label>
									<Input value="" class="inputStyle"></Input>
										
                                </VBox>
								<VBox class="fontStyle" >
									<Label text="{i18n>contact}"></Label>
                                   
									 <VBox class="fontStyle" >
											<ComboBox items="" selectedKey="001" class="inputStyle">
												<core:Item key="001" text="001"/>
											</ComboBox>
                                            </VBox>
                                  <layoutData>
                                  <l:GridData spanM="1" spanL="1" spanXL="1"></l:GridData></layoutData>
                                       </VBox>
								<VBox class="fontStyle" >
                                <Label/>
											<Input class="inputStyle"></Input>
                                
                                        </VBox>
                                   
                                   
							
								<VBox class="fontStyle" >
									<Label text="{i18n>extension}"></Label>
									<Input value="" class="inputStyle"></Input>
								</VBox>
                                <VBox class="fontStyle" >
									<Label text="{i18n>jobTitle}"></Label>
									<Input value="" class="inputStyle"></Input>
									
                                </VBox>
                                </l:Grid>
                                </l:VerticalLayout>
                                         <l:VerticalLayout width="100%" class="fontStyle sapUiSizeCompact sapUiTinyMarginTop ">
                                <Label labelFor="closeRelWithJabil" text="{i18n>closeRelWithJabil}" wrapping="true" class="fontStyle sapUiTinyMarginBegin"></Label>
					<RadioButtonGroup id="closeRelWithJabil" columns="2" selectedIndex="0">
						<RadioButton text="{i18n>yes}" selected="{oVisibilityModel>/closeToJbEmp}"></RadioButton>
						<RadioButton text="{i18n>no}"></RadioButton>
					</RadioButtonGroup>
                     <Label text="{i18n>quesDirectPOC}" wrapping="true" visible="{oVisibilityModel>/closeToJbEmp}" class="fontStyle sapUiTinyMarginTop sapUiTinyMarginBegin"/>
                 <l:Grid containerQuery="true" defaultSpan="XL2 L2 M3 S12" visible="{oVisibilityModel>/closeToJbEmp}" class=" gridSpacing sapUiSizeCompact sapUiTinyMarginTop">
								<VBox class="fontStyle" >
									<Label text="{i18n>name}"></Label>
									<Input value="" class="inputStyle"></Input>
     	
								</VBox>
								<VBox class="fontStyle" >
									<Label text="{i18n>dept}"></Label>
									<Input value="" class="inputStyle"></Input>
							
                                </VBox>
								<VBox class="fontStyle" >
									<Label text="{i18n>jobTitle}"></Label>
									<Input value="" class="inputStyle"></Input>
									
                                </VBox>
								<VBox class="fontStyle" >
									<Label text="{i18n>eMail}"></Label>
									<Input value="" class="inputStyle"></Input>
										
                                </VBox>
                                </l:Grid>
                                     <Label labelFor="prevEmp" text="{i18n>arePrevEmp}" wrapping="true" class="fontStyle sapUiTinyMarginBegin"></Label>
					<RadioButtonGroup id="prevEmp" columns="2" selectedIndex="0">
						<RadioButton text="{i18n>yes}" selected="{oVisibilityModel>/prevEmp}"></RadioButton>
						<RadioButton text="{i18n>no}"></RadioButton>
					</RadioButtonGroup>
                     <Label text="{i18n>provideEmpDetails}" visible="{oVisibilityModel>/prevEmp}" wrapping="true" class="fontStyle sapUiTinyMarginTop sapUiTinyMarginBegin"/>
                 <l:Grid containerQuery="true" defaultSpan="XL2 L2 M3 S12" visible="{oVisibilityModel>/prevEmp}" class="gridSpacing sapUiSizeCompact sapUiTinyMarginTop">
								<VBox class="fontStyle" >
									<Label text="{i18n>empName}"></Label>
									<Input value="" class="inputStyle"></Input>
     	
								</VBox>
								<VBox class="fontStyle" >
									<Label text="{i18n>empStartDate}"></Label>
									<DatePicker class="inputStyle"></DatePicker>
							
                                </VBox>
                                <VBox class="fontStyle" >
									<Label text="{i18n>empEndDate}"></Label>
									<DatePicker class="inputStyle"></DatePicker>
							
                                </VBox>
								<VBox class="fontStyle" >
									<Label text="{i18n>jobTitle}"></Label>
									<Input value="" class="inputStyle"></Input>
									
                                </VBox>
								<VBox class="fontStyle" >
									<Label text="{i18n>empRegion}"></Label>
									<ComboBox width="100%" class="inputStyle"></ComboBox>
										
                                </VBox>
                                </l:Grid>
                               
                               <HBox class="fontStyle"> <Label labelFor="hasContinuity" text="{i18n>recoveryPlan}" wrapping="true" class="sapUiTinyMarginBegin"></Label>
					  <Button icon="sap-icon://message-information"  type="Transparent" class="sapUiSizeCompact infoBtn1"/>
                      </HBox>
                    <RadioButtonGroup id="hasContinuity" columns="2" selectedIndex="0">
						<RadioButton text="{i18n>yes}" selected="{oVisibilityModel>/businessContinuityPlan}"></RadioButton>
						<RadioButton text="{i18n>no}"></RadioButton>
					</RadioButtonGroup>
                    <VBox class="fontStyle" visible="{oVisibilityModel>/businessContinuityPlan}">
                    <Label labelFor="provideContinuityPlan" text="{i18n>willProvideRecoryPlan}" wrapping="true" class="sapUiTinyMarginBegin"></Label>
					<RadioButtonGroup id="provideContinuityPlan" columns="2" selectedIndex="0">
						<RadioButton text="{i18n>yes}"></RadioButton>
						<RadioButton text="{i18n>no}"></RadioButton>
					</RadioButtonGroup>
                    </VBox>
                    <Text text="{i18n>Attachments}" class="fontBold sapUiTinyMarginBegin"/>
		<Text text="{i18n>Attachments}" class="sapUiTinyMarginBegin sapUiSmallMarginTop fontBold"/>
			<HBox wrap="Wrap">
				<u:FileUploader id="fileUploader_CC" buttonOnly="true" buttonText="Add Attachment" iconFirst="true" icon="sap-icon://add" multiple="true"
					useMultipart="true" change="fnOnFileUpload" sameFilenameAllowed="true" uploadComplete="fnOnUploadComplete"
					class="sapUiSizeCompact sapUiTinyMarginTop sapUiTinyMarginBegin"></u:FileUploader>
				<g:GridList width="auto" items="{oAttachmentList>/0/compComplDArray}" growing="true" class="attachmentList1 sapUiSizeCompact addMoreBtn attachmentMargin sapUiMediumMarginBegin">
					<g:customLayout>
						<grid:GridResponsiveLayout>
							<grid:layoutS>
								<grid:GridSettings gridTemplateColumns="1fr" gridGap="1rem"/>
							</grid:layoutS>
							<grid:layoutM>
								<grid:GridSettings gridTemplateColumns="1fr 1fr" gridGap="1rem"/>
							</grid:layoutM>
							<grid:layoutL>
								<grid:GridSettings gridTemplateColumns="1fr 1fr 1fr" gridGap="1rem"/>
							</grid:layoutL>
							<grid:layoutXL>
								<grid:GridSettings gridTemplateColumns="1fr 1fr 1fr" gridGap="1rem"/>
							</grid:layoutXL>
						</grid:GridResponsiveLayout>
					</g:customLayout>
					<g:GridListItem>
						<HBox>
							<HBox width="90%" class="sapUiTinyMarginBegin sapUiSizeCompact">
								<core:Icon src="{path:'oAttachmentList>fileExt',formatter:'com.jabil.suverform.formatter.formatter.mediaTypeformatter'}"
									class="attachmentIcon sapUiTinyMarginBegin sapUiTinyMarginTop sapUiTinyMarginBottom" color="#48639d"/>
								<Text text="{oAttachmentList>fileName}" class="sapUiTinyMarginBegin sapUiTinyMarginTop sapUiTinyMarginBottom sapUiLargeMarginEnd"/>
							</HBox>
							<VBox alignItems="Center" class="sapUiTinyMarginEnd sapUiTinyMarginTop sapUiTinyMarginBottom">
								<core:Icon src="sap-icon://decline" class="docIconStyle" press="fnOnCancelAttachment"/>
								<core:Icon src="sap-icon://download" class="docIconStyle" press="fnOnDownlAttachment"/>
							</VBox>
						</HBox>
					</g:GridListItem>
				</g:GridList>
			</HBox>
            </l:VerticalLayout>
    </core:FragmentDefinition>