<core:FragmentDefinition xmlns="sap.m" xmlns:f="sap.ui.layout.form" xmlns:core="sap.ui.core" xmlns:l="sap.ui.layout" xmlns:u="sap.ui.unified"
	xmlns:grid="sap.ui.layout.cssgrid"
	xmlns:g="sap.f"
	>
     <VBox>
     <HBox fitContainer= "true" wrap="Wrap" class="sapUiSizeCompact">
     <CheckBox text="{i18n>OprSer}" class="fontStyle inputStyle" selected="{oVisibilityModel>/operServListEnable}"/>
     <Link text="{i18n>moreInfo}" target="_blank" href="" wrapping="true" class="sapUiTinyMarginBegin sapUiTinyMarginTop"/>
     <layoutData>
     <FlexItemData growFactor="1"></FlexItemData></layoutData>
     </HBox>
     <g:GridList id="operServList" mode="MultiSelect" selectionChange="fnOperationServiceSel" visible="{oVisibilityModel>/operServListEnable}" class="gList sapUiTinyMarginBegin sapUiTinyMarginTop sapUiSizeCompact">
     	<g:customLayout>
			<grid:GridBasicLayout gridTemplateColumns="repeat(auto-fit, minmax(16rem, 1fr))" gridGap="0.5rem" />
		</g:customLayout>
     	<g:GridListItem class="inputStyle">
        <Text text="Information Technology / Software" class="sapUiTinyMarginTop"/>
        </g:GridListItem><g:GridListItem class="inputStyle">
       
          <Text text="Cleaning Services " class="sapUiTinyMarginTop"/>
          </g:GridListItem><g:GridListItem class="inputStyle">
          <Text text="Food / Canteen Services"  class="sapUiTinyMarginTop"/>
          </g:GridListItem><g:GridListItem class="inputStyle" > 
          <Text text="Human Labor / Manufacturing Labor" class="sapUiTinyMarginTop"/>
         
           </g:GridListItem><g:GridListItem class="inputStyle">
         <Text text="Waste / Refuse Management"  class="sapUiTinyMarginTop"/>
           </g:GridListItem><g:GridListItem class="inputStyle" >
         <Text text="Landscaping/Ground Maintenance" class="sapUiTinyMarginTop"/>
           </g:GridListItem><g:GridListItem class="inputStyle">
          <Text text="Safety / Security Services" class="sapUiTinyMarginTop"/>
           </g:GridListItem><g:GridListItem class="inputStyle" >
          <Text text="e-scrap / e-waste / recycling" class="sapUiTinyMarginTop"/>
           </g:GridListItem><g:GridListItem class="inputStyle">
          <Text text="Bus/Taxi Transportation Services" class="sapUiTinyMarginTop"/>
           </g:GridListItem><g:GridListItem class="inputStyle" >
           <Text text="Office Supplies" class="sapUiTinyMarginTop"/>
           </g:GridListItem><g:GridListItem class="inputStyle">
          <Text text="Freight Carrier / Logistics" class="sapUiTinyMarginTop"/> 
           </g:GridListItem><g:GridListItem class="inputStyle">
           <Text text="Other" class="sapUiTinyMarginTop"/>
   </g:GridListItem>
   </g:GridList>
   <HBox wrap="Wrap" class="sapUiSizeCompact">
     <CheckBox text="{i18n>manProd}" wrapping="true" class="fontStyle inputStyle" selected="{oVisibilityModel>/manServListEnable}"/>
     <Link text="{i18n>moreInfo}" target="_blank" href="" wrapping="true" class="sapUiTinyMarginBegin sapUiTinyMarginTop"/>
     <layoutData>
     <FlexItemData growFactor="1"></FlexItemData></layoutData>
     </HBox>
    <g:GridList id="manServList" mode="MultiSelect" selectionChange="fnManufaturingProdSel" visible="{oVisibilityModel>/manServListEnable}" class="gList sapUiTinyMarginBegin sapUiTinyMarginTop sapUiSizeCompact">
     	<g:customLayout>
			<grid:GridBasicLayout gridTemplateColumns="repeat(auto-fit, minmax(16rem, 1fr))" gridGap="0.5rem" />
		</g:customLayout>
     	<g:GridListItem class="inputStyle">
         
        <Text text="Component Manufacturer" class="sapUiTinyMarginTop"/>
        </g:GridListItem><g:GridListItem class="inputStyle">
      
          <Text text="Lubricants / Oil / Cutting Fluid" class="sapUiTinyMarginTop"/>
          </g:GridListItem><g:GridListItem class="inputStyle">
        <Text text="Packaging"  class="sapUiTinyMarginTop"/>
          </g:GridListItem><g:GridListItem class="inputStyle"> 
          
          <Text text="Manufacturing Sub-contractor" class="sapUiTinyMarginTop"/>  
           </g:GridListItem><g:GridListItem class="inputStyle">
           
           <Text text="Tools / Tooling"  class="sapUiTinyMarginTop"/>
           </g:GridListItem><g:GridListItem class="inputStyle">
           
           <Text text="Cutter / Cutting Tool" class="sapUiTinyMarginTop"/>
           </g:GridListItem><g:GridListItem class="inputStyle">
           
           <Text text="Franchised Distributor" class="sapUiTinyMarginTop"/>
           </g:GridListItem><g:GridListItem class="inputStyle">
           
           <Text text="Solder / Flux / Adhesives" class="sapUiTinyMarginTop"/>
           </g:GridListItem><g:GridListItem class="inputStyle">
          
          <Text text="Independent Distributor/Broker/Trading" class="sapUiTinyMarginTop"/>
           </g:GridListItem><g:GridListItem class="inputStyle">
           <Text text="Brackets / Fixtures / Jig" class="sapUiTinyMarginTop"/>
           </g:GridListItem><g:GridListItem class="inputStyle">
         <Text text="Other" class="sapUiTinyMarginTop"/>
   </g:GridListItem>
   </g:GridList>
                  
                             <Text text="{i18n>Attachments}" class="fontBold sapUiTinyMarginTop sapUiTinyMarginBegin"/>
							
			<HBox wrap="Wrap">
				<u:FileUploader id="fileUploader_PR" buttonOnly="true" buttonText="Add Attachment" iconFirst="true" icon="sap-icon://add" multiple="true"
					useMultipart="true" change="fnOnFileUpload" sameFilenameAllowed="true" uploadComplete="fnOnUploadComplete"
					class="sapUiSizeCompact sapUiTinyMarginTop sapUiTinyMarginBegin"></u:FileUploader>
				<g:GridList width="auto" items="{oAttachmentList>/0/compProdDArray}" growing="true" class="attachmentList1 sapUiSizeCompact addMoreBtn attachmentMargin sapUiMediumMarginBegin">
					<g:customLayout>
						<grid:GridResponsiveLayout>
							<grid:layoutS>
								<grid:GridSettings gridTemplateColumns="1fr" gridGap="1rem"/>
							</grid:layoutS>
							<grid:layoutM>
								<grid:GridSettings gridTemplateColumns="1fr 1fr" gridGap="1rem"/>
							</grid:layoutM>
							<grid:layoutL>
								<grid:GridSettings gridTemplateColumns="1fr 1fr 1fr" gridGap="1rem"/>
							</grid:layoutL>
							<grid:layoutXL>
								<grid:GridSettings gridTemplateColumns="1fr 1fr 1fr" gridGap="1rem"/>
							</grid:layoutXL>
						</grid:GridResponsiveLayout>
					</g:customLayout>
					<g:GridListItem>
						<HBox>
							<HBox width="90%" class="sapUiTinyMarginBegin sapUiSizeCompact">
								<core:Icon src="{path:'oAttachmentList>fileExt',formatter:'com.jabil.suverform.formatter.formatter.mediaTypeformatter'}"
									class="attachmentIcon sapUiTinyMarginBegin sapUiTinyMarginTop sapUiTinyMarginBottom" color="#48639d"/>
								<Text text="{oAttachmentList>fileName}" class="sapUiTinyMarginBegin sapUiTinyMarginTop sapUiTinyMarginBottom sapUiLargeMarginEnd"/>
							</HBox>
							<VBox alignItems="Center" class="sapUiTinyMarginEnd sapUiTinyMarginTop sapUiTinyMarginBottom">
								<core:Icon src="sap-icon://decline" class="docIconStyle" press="fnOnCancelAttachment"/>
								<core:Icon src="sap-icon://download" class="docIconStyle" press="fnOnDownlAttachment"/>
							</VBox>
						</HBox>
					</g:GridListItem>
				</g:GridList>
			</HBox>
      </VBox>
   
    </core:FragmentDefinition>