<core:FragmentDefinition xmlns="sap.m" xmlns:f="sap.ui.layout.form" xmlns:core="sap.ui.core" xmlns:l="sap.ui.layout"
	xmlns:u="sap.ui.unified" xmlns:grid="sap.ui.layout.cssgrid" xmlns:g="sap.f">
	<Panel class="panelPadding">
		<VBox class="fontStyle sapUiTinyMarginBottom sapUiTinyMarginBegin">
			<Text text="{i18n>ownershipInfoText}" class="fontStyle"/>
		</VBox>
	</Panel>
	<l:VerticalLayout width="100%" class="fontStyle sapUiTinyMarginTop sapUiSizeCompact">
		<l:Grid containerQuery="true" defaultSpan="XL3 L3 M3 S12" class="fontStyle gridSpacing sapUiSizeCompact sapUiTinyMarginTop">
			<VBox class="fontStyle sapUiSizeCompact">
				<Label labelFor="ownSite" text="{i18n>hasOwnSite}" wrapping="true"/>
				<RadioButtonGroup id="ownSite" columns="2" selectedIndex="0">
					<RadioButton text="{i18n>yes}"></RadioButton>
					<RadioButton text="{i18n>no}"></RadioButton>
				</RadioButtonGroup>
                <layoutData>
                <l:GridData  spanM="4" spanL="4" visibleM="{=!${oDataModel>/form/dunsNum}}" visibleL="{=!${oDataModel>/form/dunsNum}}" visibleS="{=!${oDataModel>/form/dunsNum}}" visibleXL="{=!${oDataModel>/form/dunsNum}}"></l:GridData></layoutData>
			</VBox>
			<VBox class="fontStyle">
				<HBox fitContainer="true" width="100%" justifyContent="SpaceBetween" class="fontStyle">
					<Label text="{i18n>companyName}" class="sapUiSizeCompact"/>
                    <HBox class="sapUiMediumMarginEnd">
					<Text text="{i18n>highLevel}" wrapping="false" class="infoBtnColor"/>
					<Button icon="sap-icon://message-information" type="Transparent" class="infoBtn1"/>
                    </HBox>
				</HBox>
				<Input class="inputStyle"/>
				<layoutData>
					<l:GridData visibleM="{=!${oDataModel>/form/dunsNum}}" visibleL="{=!${oDataModel>/form/dunsNum}}" visibleS="{=!${oDataModel>/form/dunsNum}}" visibleXL="{=!${oDataModel>/form/dunsNum}}" spanM="3" spanL="3"></l:GridData>
				</layoutData>
			</VBox>
			<VBox class="fontStyle">
				<Label text="{i18n>ownerShipType}" required="true" class="sapUiSizeCompact"/>
				<ComboBox width="100%" placeholder="{i18n>select}" class="inputStyle" showSecondaryValues="true" value="{oDataModel>/form/ownershipType}" items="{oLookUpModel>/ownerShipTypeData}" selectionChange="fnHandleOwnshpType">
                <core:ListItem key="{oLookUpModel>key}" text="{oLookUpModel>value}"/>
                </ComboBox>
				<layoutData>
					<l:GridData spanM="3" spanL="3"></l:GridData>
				</layoutData>
			</VBox>
            <VBox  visible="{=${oDataModel>/form/ownershipType} === 'Other'? true : false}" class="fontStyle">
				<Label text="{i18n>otherText}" class="sapUiSizeCompact"/>
			<Input class="inputStyle"/>
				<layoutData>
					<l:GridData spanM="2" spanL="2"></l:GridData>
				</layoutData>
			</VBox>
		</l:Grid>
		<HBox class="fontStyle" fitContainer="true">
			<Label labelFor="isPublicTrade" text="{i18n>isOrgPubliclyTraded}" wrapping="true" class="fontStyle sapUiSizeCompact sapUiTinyMarginBegin sapUiTinyMarginEnd"/>
			<Button icon="sap-icon://message-information" type="Transparent" class="sapUiSizeCompact infoBtn1"/>
		</HBox>
		<RadioButtonGroup id="isPublicTrade" columns="2" selectedIndex="0" class="fontStyle">
			<RadioButton text="{i18n>yes}"></RadioButton>
			<RadioButton text="{i18n>no}"></RadioButton>
		</RadioButtonGroup>
		<Label labelFor="ownbyUS" text="{i18n>isOwnedbyIndividual}" wrapping="true" class="fontStyle sapUiTinyMarginBegin"/>
		<RadioButtonGroup id="ownbyUS" columns="2" selectedIndex="0">
			<RadioButton text="{i18n>yes}" selected="{oVisibilityModel>/isSupplierOwnByInd}"></RadioButton>
			<RadioButton text="{i18n>no}"></RadioButton>
		</RadioButtonGroup>
	</l:VerticalLayout>
	<Panel id="idOwnerShipInfo1" visible="{oVisibilityModel>/isSupplierOwnByInd}" class="panelPadding panelBottom sapUiTinyMarginBegin">
		<FlexBox wrap="Wrap" alignItems="Center" justifyContent="Start" direction="Row">
			<items>
				<VBox class="fontStyle sapUiSizeCompact sapUiSmallMarginEnd">
					<Label text="{i18n>firstName}" class="sapUiTinylMarginEnd"/>
					<Input class="sapUiSmallMarginEnd inputStyle"/>
                    <layoutData>
					<FlexItemData
						growFactor="1"
						 />
				</layoutData>
				</VBox>
				<VBox class="fontStyle sapUiSizeCompact sapUiSmallMarginEnd">
					<Label text="{i18n>lastName}" class="sapUiTinylMarginEnd"/>
					<Input class="sapUiSmallMarginEnd inputStyle"/>
                    <layoutData>
					<FlexItemData
						growFactor="1"
						/>
				</layoutData>
				</VBox>
				<VBox class="sapUiSizeCompact sapUiSmallMarginEnd">
					<Label/>
					<Button icon="sap-icon://add" text="{i18n>addAdditional}" type="Transparent" iconFirst="true" press="addOwnbyInd1" class="addMoreBtn"/>
				<layoutData>
					<FlexItemData
						growFactor="4" />
				</layoutData>
                </VBox>
			</items>
		</FlexBox>
	</Panel>
	<l:VerticalLayout class="sapUiSizeCompact">
		<Label labelFor="ownbyOtherCountry" text="{i18n>isOwnedbyOtherCountry}" wrapping="true"
			class="fontStyle sapUiTinyMarginTop sapUiTinyMarginBegin"/>
		<RadioButtonGroup id="ownbyOtherCountry" columns="2" selectedIndex="0">
			<RadioButton text="{i18n>yes}" selected="{oVisibilityModel>/isSupplierOwnByOtherCountry}"></RadioButton>
			<RadioButton text="{i18n>no}"></RadioButton>
		</RadioButtonGroup>
	</l:VerticalLayout>
	<Panel id="idOwnerShipInfo2" visible="{oVisibilityModel>/isSupplierOwnByOtherCountry}" class="panelPadding panelBottom sapUiTinyMarginBegin">
		<FlexBox wrap="Wrap" alignItems="Center" justifyContent="Start" direction="Row" class="panelBottom">
			<items>
				<VBox class="fontStyle sapUiSizeCompact sapUiSmallMarginEnd">
					<Label text="{i18n>firstName}" class="sapUiSmallMarginEnd"/>
					<Input class="sapUiSmallMarginEnd inputStyle"/>
                      <layoutData>
					<FlexItemData
						growFactor="1"
						 />
				</layoutData>
				</VBox>
				<VBox class="fontStyle sapUiSizeCompact sapUiSmallMarginEnd">
					<Label text="{i18n>lastName}" class="sapUiSmallMarginEnd"/>
					<Input class="sapUiSmallMarginEnd inputStyle"/>
                      <layoutData>
					<FlexItemData
						growFactor="1"
						 />
				</layoutData>
				</VBox>
				<VBox class="sapUiSizeCompact sapUiSmallMarginEnd">
					<Label/>
					<Button icon="sap-icon://add" text="{i18n>addAdditional}" type="Transparent" iconFirst="true" press="addOwnbyInd2" class="addMoreBtn"/>
			  <layoutData>
					<FlexItemData
						growFactor="4"
						 />
				</layoutData>
            	</VBox>
			</items>
		</FlexBox>
	</Panel>
	<l:VerticalLayout width="100%" class="sapUiSizeCompact">
		<Text text="{i18n>isManagedBy}" class="fontStyle sapUiTinyMarginTop sapUiTinyMarginBegin"/>
		<HBox><Label labelFor="govtOfficial1" text="{i18n>govtOfficial}" wrapping="true"
			class="fontStyle sapUiTinyMarginTop sapUiTinyMarginBegin sapUiTinyMarginEnd"/>
			<Button icon="sap-icon://message-information" type="Transparent" class="sapUiTinyMarginTop sapUiSizeCompact infoBtn1"/>
		</HBox>
		<RadioButtonGroup id="govtOfficial1" columns="2" selectedIndex="0">
			<RadioButton text="{i18n>yes}" selected="{oVisibilityModel>/ownedByGovtOfficial}"></RadioButton>
			<RadioButton text="{i18n>no}"></RadioButton>
		</RadioButtonGroup>
		<l:Grid  visible="{oVisibilityModel>/ownedByGovtOfficial}" containerQuery="true" defaultSpan="XL3 L3 M4 S12" class="gridSpacing sapUiSizeCompact sapUiTinyMarginTop">
			<VBox class="fontStyle">
				<Label text="{i18n>govtEntityName}" ></Label>
				<Input value="" class="inputStyle"></Input>
			</VBox>
			<VBox class="fontStyle">
				<Label text="{i18n>firstName}"></Label>
				<Input value="" class="inputStyle"></Input>
			</VBox>
			<VBox class="fontStyle">
				<Label text="{i18n>lastName}"></Label>
				<Input value="" class="inputStyle"></Input>
			</VBox>
			<VBox class="fontStyle">
				<Label text="{i18n>eMail}"></Label>
				<Input value="" class="inputStyle"></Input>
			</VBox>
			<VBox class="fontStyle">
				<Label text="{i18n>contact}"></Label>
				<VBox>
					<ComboBox width="100%" items="" selectedKey="001" class="inputStyle">
						<core:ListItem key="001" text="001"/>
					</ComboBox>
				</VBox>
				<layoutData>
					<l:GridData spanM="1" spanL="1" spanXL="1"></l:GridData>
				</layoutData>
			</VBox>
			<VBox class="fontStyle">
				<Label/>
				<Input class="inputStyle"></Input>
				<layoutData>
					<l:GridData spanM="2" spanL="2" spanXL="2"></l:GridData>
				</layoutData>
			</VBox>
			<VBox class="fontStyle">
				<Label text="{i18n>extension}"></Label>
				<Input value="" class="inputStyle"></Input>
			</VBox>
			<VBox class="fontStyle">
				<Label text="{i18n>jobTitle}"></Label>
				<Input value="" class="inputStyle"></Input>
			</VBox>
		</l:Grid>
	</l:VerticalLayout>
	<l:VerticalLayout width="100%" class="sapUiSizeCompact">
		<HBox class="fontStyle">
			<Label labelFor="govtOfficial2" text="{i18n>closememberofgovtOfficial}" wrapping="true"
				class="fontStyle sapUiTinyMarginTop sapUiTinyMarginBegin sapUiTinyMarginEnd"/>
			<Button icon="sap-icon://message-information" type="Transparent" class="sapUiSizeCompact sapUiTinyMarginTop infoBtn1"/>
		</HBox>
		<RadioButtonGroup id="govtOfficial2" columns="2" selectedIndex="0">
			<RadioButton text="{i18n>yes}" selected="{oVisibilityModel>/closeMemofGovtOfficial}"></RadioButton>
			<RadioButton text="{i18n>no}"></RadioButton>
		</RadioButtonGroup>
		<l:Grid visible="{oVisibilityModel>/closeMemofGovtOfficial}" containerQuery="true" defaultSpan="XL3 L3 M4 S12" class="gridSpacing sapUiSizeCompact sapUiTinyMarginTop">
			<VBox class="fontStyle">
				<Label text="{i18n>govtEntityName}" class="fontStyle"></Label>
				<Input value="" class="inputStyle"></Input>
			</VBox>
			<VBox class="fontStyle">
				<Label text="{i18n>firstName}" class="fontStyle"></Label>
				<Input value="" class="inputStyle"></Input>
			</VBox>
			<VBox class="fontStyle">
				<Label text="{i18n>lastName}" class="fontStyle"></Label>
				<Input value="" class="inputStyle"></Input>
			</VBox>
			<VBox class="fontStyle">
				<Label text="{i18n>eMail}" class="fontStyle"></Label>
				<Input value="" class="inputStyle"></Input>
			</VBox>
			<VBox fitContainer="true" class="fontStyle">
				<Label text="{i18n>contact}" class="fontStyle"></Label>
				<VBox>
					<ComboBox width="100%" items="" selectedKey="001" class="inputStyle">
						<core:ListItem key="001" text="001"/>
					</ComboBox>
				</VBox>
				<layoutData>
					<l:GridData spanM="1" spanL="1" spanXL="1"></l:GridData>
				</layoutData>
			</VBox>
			<VBox class="fontStyle">
				<Label/>
				<Input class="inputStyle"></Input>
				<layoutData>
					<l:GridData spanM="2" spanL="2" spanXL="2"></l:GridData>
				</layoutData>
			</VBox>
			<VBox class="fontStyle">
				<Label text="{i18n>extension}" class="fontStyle"></Label>
				<Input value="" class="inputStyle"></Input>
			</VBox>
			<VBox class="fontStyle">
				<Label text="{i18n>jobTitle}" class="fontStyle"></Label>
				<Input value="" class="inputStyle"></Input>
			</VBox>
		</l:Grid>
	</l:VerticalLayout>
	<VBox>
		<!-- <Text text="{i18n>Attachments}" class="fontBold gridSpacing sapUiTinyMarginBegin"/>
		<u:FileUploader buttonOnly="true" iconOnly="true" icon="sap-icon://add" change="" sameFilenameAllowed="true" class="sapUiTinyMarginBegin"></u:FileUploader> -->
		<Text text="{i18n>Attachments}" class="sapUiTinyMarginBegin sapUiSmallMarginTop fontBold"/>
			<HBox wrap="Wrap">
				<u:FileUploader id="fileUploader_OW" buttonOnly="true" buttonText="Add Attachment" iconFirst="true" icon="sap-icon://add" multiple="true"
					useMultipart="true" change="fnOnFileUpload" sameFilenameAllowed="true" uploadComplete="fnOnUploadComplete"
					class="sapUiSizeCompact sapUiTinyMarginTop sapUiTinyMarginBegin"></u:FileUploader>
				<g:GridList width="auto" items="{oAttachmentList>/0/ownerDArray}" growing="true" class="attachmentList1 sapUiSizeCompact addMoreBtn attachmentMargin sapUiMediumMarginBegin">
					<g:customLayout>
						<grid:GridResponsiveLayout>
							<grid:layoutS>
								<grid:GridSettings gridTemplateColumns="1fr" gridGap="1rem"/>
							</grid:layoutS>
							<grid:layoutM>
								<grid:GridSettings gridTemplateColumns="1fr 1fr" gridGap="1rem"/>
							</grid:layoutM>
							<grid:layoutL>
								<grid:GridSettings gridTemplateColumns="1fr 1fr 1fr" gridGap="1rem"/>
							</grid:layoutL>
							<grid:layoutXL>
								<grid:GridSettings gridTemplateColumns="1fr 1fr 1fr" gridGap="1rem"/>
							</grid:layoutXL>
						</grid:GridResponsiveLayout>
					</g:customLayout>
					<g:GridListItem>
						<HBox>
							<HBox width="90%" class="sapUiTinyMarginBegin sapUiSizeCompact">
								<core:Icon src="{path:'oAttachmentList>fileExt',formatter:'com.jabil.suverform.formatter.formatter.mediaTypeformatter'}"
									class="attachmentIcon sapUiTinyMarginBegin sapUiTinyMarginTop sapUiTinyMarginBottom" color="#48639d"/>
								<Text text="{oAttachmentList>fileName}" class="sapUiTinyMarginBegin sapUiTinyMarginTop sapUiTinyMarginBottom sapUiLargeMarginEnd"/>
							</HBox>
							<VBox alignItems="Center" class="sapUiTinyMarginEnd sapUiTinyMarginTop sapUiTinyMarginBottom">
								<core:Icon src="sap-icon://decline" class="docIconStyle" press="fnOnCancelAttachment"/>
								<core:Icon src="sap-icon://download" class="docIconStyle" press="fnOnDownlAttachment"/>
							</VBox>
						</HBox>
					</g:GridListItem>
				</g:GridList>
			</HBox>
    </VBox>
</core:FragmentDefinition>