<core:FragmentDefinition xmlns="sap.m" xmlns:f="sap.ui.layout.form" xmlns:core="sap.ui.core" xmlns:l="sap.ui.layout"
	xmlns:u="sap.ui.unified" xmlns:grid="sap.ui.layout.cssgrid" xmlns:g="sap.f">
    <Panel width="100%" class="sapUiTinyMarginTop panelPadding">
    <content>
    <l:Grid containerQuery="true" defaultSpan="XL3 L3 M3 S12" class="gridSpacing sapUiSizeCompact sapUiNoContentPadding ">
				<VBox class="fontStyle" >
					<Label text="{i18n>vendorName}" required="true"></Label>
					<Input class="inputStyle"/>
				</VBox>
				<VBox  class="fontStyle">
					<Label text="{i18n>incoterm}" required="true"></Label>
					<ComboBox width="100%" placeholder="{i18n>select}" class="inputStyle"></ComboBox>
				</VBox>
				<VBox class="fontStyle">
					<Label text="{i18n>incotermNamedPlace}" ></Label>
						<Input class="inputStyle"/>
				</VBox>
			</l:Grid>
            <VBox class="fontStyle sapUiSizeCompact">
					<Label labelFor="shippingRep" text="{i18n>shippingRep}" wrapping="true" class="sapUiSizeCompact sapUiTinyMarginBegin"></Label>
					<RadioButtonGroup id="shippingRep" columns="2" selectedIndex="0">
						<RadioButton text="{i18n>yes}" selected="{oVisibilityModel>/supplierDeliveryResp}"></RadioButton>
						<RadioButton text="{i18n>no}"></RadioButton>
					</RadioButtonGroup>
				</VBox>
                 <l:Grid visible="{oVisibilityModel>/supplierDeliveryResp}" containerQuery="true" defaultSpan="XL3 L3 M3 S12" class="fontStyle gridSpacing sapUiSizeCompact sapUiNoContentPadding ">
				<VBox class="fontStyle" >
					<Label text="{i18n>name}" ></Label>
					<Input class="inputStyle"/>
				</VBox>
				<VBox  class="fontStyle"> 
					<Label text="{i18n>address}" ></Label>
						<Input class="inputStyle"/>
				</VBox>
				<VBox class="fontStyle">
					<Label text="{i18n>deliveryLoc}" ></Label>
					
                        <ComboBox width="100%" placeholder="{i18n>select}" class="inputStyle"></ComboBox>
				</VBox>
                <VBox class="fontStyle">
					<Label text="{i18n>supplierLogis}" ></Label>
						<Input class="inputStyle"/>
				</VBox>
                <VBox class="fontStyle">
					<Label text="{i18n>eMail}" ></Label>
						<Input class="inputStyle"/>
				</VBox>
                <VBox class="fontStyle">
					<Label text="{i18n>contact}" ></Label>
						 <VBox class="fontStyle">
											<ComboBox width="100%" placeholder="{i18n>select}" items="" selectedKey="001" class="inputStyle">
												<core:ListItem key="001" text="001"/>
											</ComboBox>
                                            </VBox>
                                  <layoutData>
                                  <l:GridData spanM="1" spanL="1" spanXL="1"></l:GridData></layoutData>
                                       </VBox>
								<VBox>
                                <Label/>
											<Input class="inputStyle"></Input>
                                 <layoutData>
                                  <l:GridData spanM="2" spanL="2" spanXL="2"></l:GridData></layoutData>
                                        </VBox>
                <VBox  class="fontStyle"> 
					<Label text="{i18n>fax}"></Label>
						<Input class="inputStyle"/>
				</VBox>
			</l:Grid>
    </content>
    </Panel>
<Panel width="100%" class="sapUiTinyMarginTop panelPadding">
		<content>
			<Text text="{i18n>paymentTerms}" class="fontBold sapUiTinyMarginBegin sapUiTinyMarginBottom"/>
			<l:Grid containerQuery="true"  defaultSpan="XL3 L4 M4 S12" class="gridSpacing sapUiSizeCompact sapUiNoContentPadding ">
				<VBox  class="fontStyle">
					<Label text="{i18n>paymentTerms}"  required="true"></Label>
					<ComboBox width="100%" placeholder="{i18n>select}" class="inputStyle"></ComboBox>
                     <layoutData>
                                  <l:GridData spanM="3" spanL="3" spanXL="3"></l:GridData></layoutData>
                     
				</VBox>
				<VBox class="fontStyle">
					<Label text="{i18n>paymentMethod}"  required="true"></Label>
					<ComboBox width="100%" placeholder="{i18n>select}" class="inputStyle"></ComboBox>
                     <layoutData>
                                  <l:GridData spanM="3" spanL="3" spanXL="3"></l:GridData></layoutData>
                     
				</VBox>
				<VBox class="fontStyle">
					<Label text="{i18n>paymentCurr}"></Label>
					<ComboBox width="100%" placeholder="{i18n>select}" class="inputStyle"></ComboBox>
                    <layoutData>
                                  <l:GridData spanM="3" spanL="3" spanXL="3"></l:GridData></layoutData>
				</VBox>
				
                 
			</l:Grid>
		</content>
		<layoutData>
			<FlexItemData minWidth="100%"/>
		</layoutData>
	</Panel>
	<VBox class="sapUiMediumMarginTop">
		<Text text="{i18n>Attachments}" class="fontBold sapUiTinyMarginBegin"/>
		
			<HBox wrap="Wrap">
				<u:FileUploader id="fileUploader_SH" buttonOnly="true" buttonText="Add Attachment" iconFirst="true" icon="sap-icon://add" multiple="true"
					useMultipart="true" change="fnOnFileUpload" sameFilenameAllowed="true" uploadComplete="fnOnUploadComplete"
					class="sapUiSizeCompact sapUiTinyMarginTop sapUiTinyMarginBegin"></u:FileUploader>
				<g:GridList width="auto" items="{oAttachmentList>/0/shippingDArray}" growing="true" class="attachmentList1 sapUiSizeCompact addMoreBtn attachmentMargin sapUiMediumMarginBegin">
					<g:customLayout>
						<grid:GridResponsiveLayout>
							<grid:layoutS>
								<grid:GridSettings gridTemplateColumns="1fr" gridGap="1rem"/>
							</grid:layoutS>
							<grid:layoutM>
								<grid:GridSettings gridTemplateColumns="1fr 1fr" gridGap="1rem"/>
							</grid:layoutM>
							<grid:layoutL>
								<grid:GridSettings gridTemplateColumns="1fr 1fr 1fr" gridGap="1rem"/>
							</grid:layoutL>
							<grid:layoutXL>
								<grid:GridSettings gridTemplateColumns="1fr 1fr 1fr" gridGap="1rem"/>
							</grid:layoutXL>
						</grid:GridResponsiveLayout>
					</g:customLayout>
					<g:GridListItem>
						<HBox>
							<HBox width="90%" class="sapUiTinyMarginBegin sapUiSizeCompact">
								<core:Icon src="{path:'oAttachmentList>fileExt',formatter:'com.jabil.suverform.formatter.formatter.mediaTypeformatter'}"
									class="attachmentIcon sapUiTinyMarginBegin sapUiTinyMarginTop sapUiTinyMarginBottom" color="#48639d"/>
								<Text text="{oAttachmentList>fileName}" class="sapUiTinyMarginBegin sapUiTinyMarginTop sapUiTinyMarginBottom sapUiLargeMarginEnd"/>
							</HBox>
							<VBox alignItems="Center" class="sapUiTinyMarginEnd sapUiTinyMarginTop sapUiTinyMarginBottom">
								<core:Icon src="sap-icon://decline" class="docIconStyle" press="fnOnCancelAttachment"/>
								<core:Icon src="sap-icon://download" class="docIconStyle" press="fnOnDownlAttachment"/>
							</VBox>
						</HBox>
					</g:GridListItem>
				</g:GridList>
			</HBox>
	</VBox>

    </core:FragmentDefinition>