{
    "resources": [
        {
            "name": "processFlow/view/processFlow.view.xml"
        },
        {
            "name": "processFlow/controlExtension/ExtVbox.js"
        },
        {
            "name": "processFlow/util/formatter.js"
        },
        {
            "name": "processFlow/model/models.js"
        },
        {
            "name": "processFlow/controller/processFlow.controller.js"
        },
        {
            "name": "processFlow/controller/enterTaskId.controller.js"
        },
        {
            "name": "processFlow/controller/BaseController.js"
        },
        {
            "name": "processFlow/controller/App.controller.js"
        },
        {
            "name": "processFlow/manifest.json"
        },
        {
            "name": "processFlow/Component.js"
        },
        {
            "name": "processFlow/manifest-bundle.zip"
        },
        {
            "name": "processFlow/Component-preload.js",
            "merged": true
        },
        {
            "name": "processFlow/Component-dbg.js",
            "isDebug": true
        },
        {
            "name": "processFlow/model/models-dbg.js",
            "isDebug": true
        },
        {
            "name": "processFlow/controller/processFlow-dbg.controller.js",
            "isDebug": true
        },
        {
            "name": "processFlow/controller/enterTaskId-dbg.controller.js",
            "isDebug": true
        },
        {
            "name": "processFlow/controller/BaseController-dbg.js",
            "isDebug": true
        },
        {
            "name": "processFlow/controller/App-dbg.controller.js",
            "isDebug": true
        },
        {
            "name": "processFlow/controlExtension/ExtVbox-dbg.js",
            "isDebug": true
        },
        {
            "name": "processFlow/util/formatter-dbg.js",
            "isDebug": true
        },
        {
            "name": "../../../sap-ui-version.json"
        },
        {
            "name": "processFlow/i18n/i18n.properties",
            "raw": "i18n/i18n.properties"
        },
        {
            "name": "processFlow/view/enterTaskId.view.xml"
        },
        {
            "name": "processFlow/fragment/ProcessStory.fragment.xml"
        },
        {
            "name": "processFlow/fragment/EmailList.fragment.xml"
        },
        {
            "name": "processFlow/fragment/EmailContent.fragment.xml"
        },
        {
            "name": "processFlow/css/style.css"
        },
        {
            "name": "processFlow/css/font-opensans.css"
        },
        {
            "name": "processFlow/css/font-awesome.css"
        },
        {
            "name": "processFlow/index.html"
        }
    ]
}