{
    "resources": [
        {
            "name": "controller/BaseController.js"
        },
        {
            "name": "i18n/i18n_zh_CN.properties",
            "raw": "i18n/i18n.properties",
            "locale": "_zh_CN"
        },
        {
            "name": "i18n/i18n_pt.properties",
            "raw": "i18n/i18n.properties",
            "locale": "_pt"
        },
        {
            "name": "i18n/i18n_iw.properties",
            "raw": "i18n/i18n.properties",
            "locale": "_iw"
        },
        {
            "name": "i18n/i18n_es.properties",
            "raw": "i18n/i18n.properties",
            "locale": "_es"
        },
        {
            "name": "i18n/i18n_en.properties",
            "raw": "i18n/i18n.properties",
            "locale": "_en"
        },
        {
            "name": "i18n/i18n_zh_TW.properties",
            "raw": "i18n/i18n.properties",
            "locale": "_zh_TW"
        },
        {
            "name": "manifest.json"
        },
        {
            "name": "model/dropDownData.json"
        },
        {
            "name": "model/dataModel.json"
        },
        {
            "name": "model/attachmentData.json"
        },
        {
            "name": "model/visibility.json"
        },
        {
            "name": "model/models.js"
        },
        {
            "name": "formatter/formatter.js"
        },
        {
            "name": "controller/Welcome.controller.js"
        },
        {
            "name": "controller/VendorSurvey.controller.js"
        },
        {
            "name": "i18n/i18n.properties",
            "raw": "i18n/i18n.properties"
        },
        {
            "name": "controller/App.controller.js"
        },
        {
            "name": "Component.js"
        },
        {
            "name": "manifest-bundle.zip"
        },
        {
            "name": "Component-preload.js",
            "merged": true
        },
        {
            "name": "model/models-dbg.js",
            "isDebug": true
        },
        {
            "name": "formatter/formatter-dbg.js",
            "isDebug": true
        },
        {
            "name": "controller/Welcome-dbg.controller.js",
            "isDebug": true
        },
        {
            "name": "controller/VendorSurvey-dbg.controller.js",
            "isDebug": true
        },
        {
            "name": "controller/BaseController-dbg.js",
            "isDebug": true
        },
        {
            "name": "controller/App-dbg.controller.js",
            "isDebug": true
        },
        {
            "name": "Component-dbg.js",
            "isDebug": true
        },
        {
            "name": "../../../sap-ui-version.json"
        },
        {
            "name": "view/Welcome.view.xml"
        },
        {
            "name": "view/VendorSurvey.view.xml"
        },
        {
            "name": "view/App.view.xml"
        },
        {
            "name": "fragments/shippingInfo.fragment.xml"
        },
        {
            "name": "fragments/ownershipInfo.fragment.xml"
        },
        {
            "name": "fragments/companyProductsAndServices.fragment.xml"
        },
        {
            "name": "fragments/companyInfo.fragment.xml"
        },
        {
            "name": "fragments/companyFinInfo.fragment.xml"
        },
        {
            "name": "fragments/companyCyberSecurityInfo.fragment.xml"
        },
        {
            "name": "fragments/companyContactInfo.fragment.xml"
        },
        {
            "name": "fragments/companyCompliance.fragment.xml"
        },
        {
            "name": "fragments/businessPartnerInfo.fragment.xml"
        },
        {
            "name": "fragments/bp.fragment.xml"
        },
        {
            "name": "fragments/bankInfo.fragment.xml"
        },
        {
            "name": "css/style.css"
        },
        {
            "name": "index.html"
        }
    ]
}