{
  "controller/BaseController-dbg.js": 1619007618591,
  "i18n/i18n_zh_CN.properties": 1619019151211,
  "i18n/i18n_pt.properties": 1619019151215,
  "i18n/i18n_iw.properties": 1618556645287,
  "i18n/i18n_es.properties": 1618493361025,
  "i18n/i18n_en.properties": 1618556645283,
  "i18n/i18n_zh_TW.properties": 1618493361041,
  "manifest.json": 1619019218480,
  "model/dropDownData.json": 1618922563225,
  "model/dataModel.json": 1618922563277,
  "model/attachmentData.json": 1618922824393,
  "model/visibility.json": 1618922563277,
  "model/models.js": 1618468726251,
  "formatter/formatter.js": 1619007587975,
  "controller/Welcome.controller.js": 1619007618595,
  "controller/VendorSurvey.controller.js": 1619007618591,
  "controller/BaseController.js": 1619007618591,
  "controller/App.controller.js": 1619019151199,
  "Component.js": 1619019151199,
  "manifest-bundle.zip": 1619019218017,
  "Component-preload.js": 1619019218385,
  "model/models-dbg.js": 1618468726251,
  "formatter/formatter-dbg.js": 1619007587975,
  "controller/Welcome-dbg.controller.js": 1619007618595,
  "controller/VendorSurvey-dbg.controller.js": 1619007618591,
  "i18n/i18n.properties": 1618570740327,
  "controller/App-dbg.controller.js": 1619019151199,
  "Component-dbg.js": 1619019151199,
  "resources.json": 1619019218486,
  "view/Welcome.view.xml": 1619007588995,
  "view/VendorSurvey.view.xml": 1619007588839,
  "view/App.view.xml": 1619007588839,
  "fragments/shippingInfo.fragment.xml": 1619007588035,
  "fragments/ownershipInfo.fragment.xml": 1619007588035,
  "fragments/companyProductsAndServices.fragment.xml": 1619007588035,
  "fragments/companyInfo.fragment.xml": 1619007588027,
  "fragments/companyFinInfo.fragment.xml": 1619007588023,
  "fragments/companyCyberSecurityInfo.fragment.xml": 1619007588023,
  "fragments/companyContactInfo.fragment.xml": 1619007588019,
  "fragments/companyCompliance.fragment.xml": 1619007588011,
  "fragments/businessPartnerInfo.fragment.xml": 1619007588011,
  "fragments/bp.fragment.xml": 1619007588011,
  "fragments/bankInfo.fragment.xml": 1619007588007,
  "css/style.css": 1618927920656,
  "index.html": 1619019151227
}