{
    "resources": [
        {
            "name": "formatter/ServiceObj.js"
        },
        {
            "name": "i18n/i18n_zh_CN.properties",
            "raw": "i18n/i18n.properties",
            "locale": "_zh_CN"
        },
        {
            "name": "i18n/i18n_uk.properties",
            "raw": "i18n/i18n.properties",
            "locale": "_uk"
        },
        {
            "name": "i18n/i18n_ru.properties",
            "raw": "i18n/i18n.properties",
            "locale": "_ru"
        },
        {
            "name": "i18n/i18n_pt.properties",
            "raw": "i18n/i18n.properties",
            "locale": "_pt"
        },
        {
            "name": "i18n/i18n_pl.properties",
            "raw": "i18n/i18n.properties",
            "locale": "_pl"
        },
        {
            "name": "i18n/i18n_ja.properties",
            "raw": "i18n/i18n.properties",
            "locale": "_ja"
        },
        {
            "name": "i18n/i18n_zh_TW.properties",
            "raw": "i18n/i18n.properties",
            "locale": "_zh_TW"
        },
        {
            "name": "i18n/i18n_it.properties",
            "raw": "i18n/i18n.properties",
            "locale": "_it"
        },
        {
            "name": "i18n/i18n_hu.properties",
            "raw": "i18n/i18n.properties",
            "locale": "_hu"
        },
        {
            "name": "i18n/i18n_fr.properties",
            "raw": "i18n/i18n.properties",
            "locale": "_fr"
        },
        {
            "name": "i18n/i18n_es.properties",
            "raw": "i18n/i18n.properties",
            "locale": "_es"
        },
        {
            "name": "i18n/i18n_en.properties",
            "raw": "i18n/i18n.properties",
            "locale": "_en"
        },
        {
            "name": "i18n/i18n_de.properties",
            "raw": "i18n/i18n.properties",
            "locale": "_de"
        },
        {
            "name": "i18n/i18n.properties",
            "raw": "i18n/i18n.properties"
        },
        {
            "name": "model/dropDownData.json"
        },
        {
            "name": "model/infoPopoverData.json"
        },
        {
            "name": "model/errorModel.json"
        },
        {
            "name": "model/visibility.json"
        },
        {
            "name": "model/dataModel.json"
        },
        {
            "name": "model/attachmentData.json"
        },
        {
            "name": "manifest.json"
        },
        {
            "name": "model/models.js"
        },
        {
            "name": "formatter/formatter.js"
        },
        {
            "name": "i18n/i18n_iw.properties",
            "raw": "i18n/i18n.properties",
            "locale": "_iw"
        },
        {
            "name": "controls/TabbingTable.js"
        },
        {
            "name": "controller/Welcome.controller.js"
        },
        {
            "name": "controller/VendorSurvey.controller.js"
        },
        {
            "name": "controller/MainView.controller.js"
        },
        {
            "name": "controller/BaseController.js"
        },
        {
            "name": "controller/BankInfo.controller.js"
        },
        {
            "name": "controller/App.controller.js"
        },
        {
            "name": "Component.js"
        },
        {
            "name": "manifest-bundle.zip"
        },
        {
            "name": "Component-preload.js",
            "merged": true
        },
        {
            "name": "formatter/ServiceObj-dbg.js",
            "isDebug": true
        },
        {
            "name": "formatter/formatter-dbg.js",
            "isDebug": true
        },
        {
            "name": "model/models-dbg.js",
            "isDebug": true
        },
        {
            "name": "controls/TabbingTable-dbg.js",
            "isDebug": true
        },
        {
            "name": "controller/Welcome-dbg.controller.js",
            "isDebug": true
        },
        {
            "name": "controller/VendorSurvey-dbg.controller.js",
            "isDebug": true
        },
        {
            "name": "controller/MainView-dbg.controller.js",
            "isDebug": true
        },
        {
            "name": "controller/BaseController-dbg.js",
            "isDebug": true
        },
        {
            "name": "controller/BankInfo-dbg.controller.js",
            "isDebug": true
        },
        {
            "name": "controller/App-dbg.controller.js",
            "isDebug": true
        },
        {
            "name": "Component-dbg.js",
            "isDebug": true
        },
        {
            "name": "../../../sap-ui-version.json"
        },
        {
            "name": "view/Welcome.view.xml"
        },
        {
            "name": "view/VendorSurvey.view.xml"
        },
        {
            "name": "view/MainView.view.xml"
        },
        {
            "name": "view/BankInfo.view.xml"
        },
        {
            "name": "view/App.view.xml"
        },
        {
            "name": "fragments/success.fragment.xml"
        },
        {
            "name": "fragments/shippingInfo.fragment.xml"
        },
        {
            "name": "fragments/previewRegForm.fragment.xml"
        },
        {
            "name": "fragments/ownershipInfo.fragment.xml"
        },
        {
            "name": "fragments/infoPopover.fragment.xml"
        },
        {
            "name": "fragments/date.fragment.xml"
        },
        {
            "name": "fragments/companyProductsAndServices.fragment.xml"
        },
        {
            "name": "fragments/companyInfo.fragment.xml"
        },
        {
            "name": "fragments/companyFinInfo.fragment.xml"
        },
        {
            "name": "fragments/companyCyberSecurityInfo.fragment.xml"
        },
        {
            "name": "fragments/companyContactInfo.fragment.xml"
        },
        {
            "name": "fragments/companyCompliance.fragment.xml"
        },
        {
            "name": "fragments/comment.fragment.xml"
        },
        {
            "name": "fragments/businessPartnerInfo.fragment.xml"
        },
        {
            "name": "fragments/bankInfo.fragment.xml"
        },
        {
            "name": "fragments/CreateSuccessGBS.fragment.xml"
        },
        {
            "name": "fragments/BankComments.fragment.xml"
        },
        {
            "name": "formatter/ServiceObj.css"
        },
        {
            "name": "css/style.css"
        },
        {
            "name": "Images/word.png"
        },
        {
            "name": "Images/Success.svg"
        },
        {
            "name": "Images/Pdf.png"
        },
        {
            "name": "Images/Excel.png"
        },
        {
            "name": "index.html"
        }
    ]
}