{
  "i18n/i18n_zh_CN.properties": 1633967763210,
  "i18n/i18n_hu.properties": 1633967697422,
  "i18n/i18n_uk.properties": 1633967752702,
  "i18n/i18n_ru.properties": 1633967741590,
  "i18n/i18n_pt.properties": 1633967729306,
  "i18n/i18n_pl.properties": 1633967719982,
  "i18n/i18n_iw.properties": 1633967708602,
  "i18n/i18n_zh_TW.properties": 1633967779010,
  "i18n/i18n_fr.properties": 1633967686521,
  "i18n/i18n_es.properties": 1633967671285,
  "i18n/i18n_en.properties": 1633949554635,
  "i18n/i18n.properties": 1633949542527,
  "model/dropDownData.json": 1632717370000,
  "model/infoPopoverData.json": 1632717370000,
  "model/errorModel.json": 1633361331448,
  "model/visibility.json": 1633967855155,
  "model/dataModel.json": 1633950653453,
  "model/attachmentData.json": 1632717370000,
  "manifest.json": 1633967932422,
  "model/models.js": 1632717370000,
  "formatter/formatter.js": 1632717370000,
  "formatter/ServiceObj.js": 1632717370000,
  "controls/TabbingTable.js": 1632717370000,
  "controller/Welcome.controller.js": 1633953450910,
  "controller/VendorSurvey.controller.js": 1633962975441,
  "controller/MainView.controller.js": 1632717370000,
  "controller/BaseController.js": 1632717370000,
  "controller/BankInfo.controller.js": 1633967855155,
  "controller/App.controller.js": 1632717370000,
  "Component.js": 1632717370000,
  "manifest-bundle.zip": 1633967929037,
  "Component-preload.js": 1633967931374,
  "model/models-dbg.js": 1632717370000,
  "formatter/formatter-dbg.js": 1632717370000,
  "formatter/ServiceObj-dbg.js": 1632717370000,
  "controls/TabbingTable-dbg.js": 1632717370000,
  "controller/Welcome-dbg.controller.js": 1633953450910,
  "controller/VendorSurvey-dbg.controller.js": 1633962975441,
  "controller/MainView-dbg.controller.js": 1632717370000,
  "controller/BaseController-dbg.js": 1632717370000,
  "controller/BankInfo-dbg.controller.js": 1633967855155,
  "controller/App-dbg.controller.js": 1632717370000,
  "Component-dbg.js": 1632717370000,
  "resources.json": 1633967932430,
  "view/Welcome.view.xml": 1633679253637,
  "view/VendorSurvey.view.xml": 1633950347807,
  "view/MainView.view.xml": 1632717370000,
  "view/BankInfo.view.xml": 1633606280758,
  "view/App.view.xml": 1632717370000,
  "fragments/success.fragment.xml": 1632717370000,
  "fragments/shippingInfo.fragment.xml": 1633966881659,
  "fragments/previewRegForm.fragment.xml": 1633966528943,
  "fragments/ownershipInfo.fragment.xml": 1633937253938,
  "fragments/infoPopover.fragment.xml": 1632717370000,
  "fragments/date.fragment.xml": 1632717370000,
  "fragments/companyProductsAndServices.fragment.xml": 1633355032744,
  "fragments/companyInfo.fragment.xml": 1633938274889,
  "fragments/companyFinInfo.fragment.xml": 1632717370000,
  "fragments/companyCyberSecurityInfo.fragment.xml": 1633360246491,
  "fragments/companyContactInfo.fragment.xml": 1633349949936,
  "fragments/companyCompliance.fragment.xml": 1633966576868,
  "fragments/comment.fragment.xml": 1632717370000,
  "fragments/businessPartnerInfo.fragment.xml": 1633936658687,
  "fragments/bankInfo.fragment.xml": 1633966865606,
  "fragments/CreateSuccessGBS.fragment.xml": 1632717370000,
  "fragments/BankComments.fragment.xml": 1632717370000,
  "formatter/ServiceObj.css": 1632717370000,
  "css/style.css": 1633446384765,
  "Images/word.png": 1632717370000,
  "Images/Success.svg": 1632717370000,
  "Images/Pdf.png": 1632717370000,
  "Images/Excel.png": 1632717370000,
  "index.html": 1632717370000
}