{
  "fragments/date.fragment.xml": 1632915884694,
  "i18n/i18n_zh_CN.properties": 1633068791471,
  "i18n/i18n_uk.properties": 1633068791471,
  "i18n/i18n_ru.properties": 1633068791471,
  "i18n/i18n_pt.properties": 1633068791467,
  "i18n/i18n_pl.properties": 1633068791467,
  "i18n/i18n_iw.properties": 1633068791467,
  "i18n/i18n_zh_TW.properties": 1633068791471,
  "i18n/i18n_fr.properties": 1633068791467,
  "i18n/i18n_es.properties": 1633068791467,
  "i18n/i18n_en.properties": 1633068791463,
  "i18n/i18n.properties": 1633068791463,
  "controls/TabbingTable.js": 1632915884690,
  "model/infoPopoverData.json": 1632915884698,
  "model/errorModel.json": 1632915884698,
  "model/dropDownData.json": 1632915884698,
  "model/dataModel.json": 1632915884698,
  "model/attachmentData.json": 1632915884698,
  "manifest.json": 1633070474461,
  "model/models.js": 1632915884698,
  "formatter/formatter.js": 1632915884694,
  "formatter/ServiceObj.js": 1632915884694,
  "model/visibility.json": 1632915884698,
  "controller/Welcome.controller.js": 1632915884690,
  "controller/VendorSurvey.controller.js": 1633068791571,
  "controller/MainView.controller.js": 1632915884690,
  "controller/BaseController.js": 1632915884690,
  "controller/BankInfo.controller.js": 1633068791455,
  "controller/App.controller.js": 1632915884690,
  "Component.js": 1632915884686,
  "manifest-bundle.zip": 1633070471325,
  "Component-preload.js": 1633070473521,
  "Component-dbg.js": 1632915884686,
  "formatter/formatter-dbg.js": 1632915884694,
  "formatter/ServiceObj-dbg.js": 1632915884694,
  "controller/Welcome-dbg.controller.js": 1632915884690,
  "controller/VendorSurvey-dbg.controller.js": 1633068791571,
  "controller/MainView-dbg.controller.js": 1632915884690,
  "controller/BaseController-dbg.js": 1632915884690,
  "controller/BankInfo-dbg.controller.js": 1633068791455,
  "controller/App-dbg.controller.js": 1632915884690,
  "controls/TabbingTable-dbg.js": 1632915884690,
  "model/models-dbg.js": 1632915884698,
  "resources.json": 1633070474469,
  "view/Welcome.view.xml": 1632915884698,
  "view/VendorSurvey.view.xml": 1633068791531,
  "view/MainView.view.xml": 1632915884698,
  "view/BankInfo.view.xml": 1632915884698,
  "view/App.view.xml": 1632915884698,
  "fragments/success.fragment.xml": 1632915884694,
  "fragments/shippingInfo.fragment.xml": 1633068791463,
  "fragments/previewRegForm.fragment.xml": 1632915884694,
  "fragments/poc.fragment.xml": 1632915884694,
  "fragments/ownershipInfo.fragment.xml": 1632915884694,
  "fragments/infoPopover.fragment.xml": 1632915884694,
  "i18n/i18n_hu.properties": 1633068791467,
  "fragments/companyProductsAndServices.fragment.xml": 1633000918970,
  "fragments/companyInfo.fragment.xml": 1633068791463,
  "fragments/companyFinInfo.fragment.xml": 1632915884694,
  "fragments/companyCyberSecurityInfo.fragment.xml": 1633068791463,
  "fragments/companyContactInfo.fragment.xml": 1632915884694,
  "fragments/companyCompliance.fragment.xml": 1633068791463,
  "fragments/comment.fragment.xml": 1632915884694,
  "fragments/businessPartnerInfo.fragment.xml": 1632915884694,
  "fragments/bankInfo.fragment.xml": 1633068791455,
  "fragments/CreateSuccessGBS.fragment.xml": 1632915884694,
  "fragments/BankComments.fragment.xml": 1632915884694,
  "formatter/ServiceObj.css": 1632915884690,
  "css/style.css": 1633068791455,
  "Images/word.png": 1632915884690,
  "Images/Success.svg": 1632915884690,
  "Images/Pdf.png": 1632915884686,
  "Images/Excel.png": 1632915884686,
  "index.html": 1632915884698
}