{
  "controller/PreviewForm.controller.js": 1643372809656,
  "i18n/i18n_zh_CN.properties": 1642403597456,
  "i18n/i18n_uk.properties": 1642403597456,
  "i18n/i18n_ru.properties": 1642403597456,
  "i18n/i18n_pt.properties": 1642403597456,
  "i18n/i18n_pl.properties": 1642403597456,
  "i18n/i18n_ja.properties": 1642403597452,
  "i18n/i18n_iw.properties": 1642403597452,
  "i18n/i18n_zh_TW.properties": 1642403597456,
  "i18n/i18n_hu.properties": 1642403597452,
  "i18n/i18n_fr.properties": 1642403597452,
  "i18n/i18n_es.properties": 1642403597452,
  "i18n/i18n_en.properties": 1643617815379,
  "i18n/i18n_de.properties": 1642403597452,
  "i18n/i18n.properties": 1643617830591,
  "model/infoPopoverData.json": 1638339605448,
  "model/visibility.json": 1640249896725,
  "model/errorModel.json": 1640165793373,
  "model/dropDownData.json": 1640250749309,
  "model/dataModel.json": 1640090573658,
  "model/attachmentData.json": 1634882534084,
  "manifest.json": 1643626844275,
  "model/models.js": 1634882534084,
  "formatter/formatter.js": 1640165793369,
  "formatter/ServiceObj.js": 1634882534076,
  "controls/TabbingTable.js": 1638860438991,
  "controller/Welcome.controller.js": 1641473829717,
  "controller/VendorSurvey.controller.js": 1643626734694,
  "controller/SupplierFinanceEula.controller.js": 1642592018119,
  "i18n/i18n_it.properties": 1642403597452,
  "controller/MainView.controller.js": 1642571930158,
  "controller/BaseController.js": 1640257627198,
  "controller/BankInfo.controller.js": 1643626734690,
  "controller/App.controller.js": 1641909022847,
  "Component.js": 1634882534060,
  "manifest-bundle.zip": 1643626838894,
  "Component-preload.js": 1643626842585,
  "model/models-dbg.js": 1634882534084,
  "formatter/formatter-dbg.js": 1640165793369,
  "formatter/ServiceObj-dbg.js": 1634882534076,
  "controls/TabbingTable-dbg.js": 1638860438991,
  "controller/Welcome-dbg.controller.js": 1641473829717,
  "controller/VendorSurvey-dbg.controller.js": 1643626734694,
  "controller/SupplierFinanceEula-dbg.controller.js": 1642592018119,
  "controller/PreviewForm-dbg.controller.js": 1643372809656,
  "controller/MainView-dbg.controller.js": 1642571930158,
  "controller/BaseController-dbg.js": 1640257627198,
  "controller/BankInfo-dbg.controller.js": 1643626734690,
  "controller/App-dbg.controller.js": 1641909022847,
  "Component-dbg.js": 1634882534060,
  "resources.json": 1643626844281,
  "view/Welcome.view.xml": 1641892069214,
  "view/VendorSurvey.view.xml": 1642419605141,
  "view/SupplierFinanceEula.view.xml": 1642571930158,
  "view/PreviewForm.view.xml": 1641909022847,
  "view/MainView.view.xml": 1634882534084,
  "view/BankInfo.view.xml": 1643626734694,
  "view/App.view.xml": 1634882534084,
  "fragments/success.fragment.xml": 1637841458232,
  "fragments/shippingInfo.fragment.xml": 1642419966377,
  "fragments/selectDocType.fragment.xml": 1643617958070,
  "fragments/selectDocNameForLocDoc.fragment.xml": 1643620637688,
  "fragments/previewRegForm.fragment.xml": 1642510922261,
  "fragments/ownershipInfo.fragment.xml": 1640007325439,
  "fragments/infoPopover.fragment.xml": 1634882534076,
  "fragments/date.fragment.xml": 1634882534076,
  "fragments/companyProductsAndServices.fragment.xml": 1637747501802,
  "fragments/companyInfo.fragment.xml": 1642420300145,
  "fragments/companyFinInfo.fragment.xml": 1634882534076,
  "fragments/companyCyberSecurityInfo.fragment.xml": 1642764444765,
  "fragments/companyContactInfo.fragment.xml": 1638343880860,
  "fragments/companyCompliance.fragment.xml": 1643371601938,
  "fragments/comment.fragment.xml": 1634882534076,
  "fragments/businessPartnerInfo.fragment.xml": 1642423055238,
  "fragments/bankInfo.fragment.xml": 1643624940155,
  "fragments/CreateSuccessGBS.fragment.xml": 1634882534076,
  "fragments/BankComments.fragment.xml": 1634882534076,
  "formatter/ServiceObj.css": 1634882534072,
  "files/Jabil_SupplierPortal_EULA.pdf": 1641446743440,
  "css/style.css": 1641462662184,
  "Images/word.png": 1634882534064,
  "Images/Success.svg": 1634882534060,
  "Images/Pdf.png": 1634882534060,
  "Images/Excel.png": 1634882534060,
  "index.html": 1634882534084
}