{
  "fragments/companyCompliance.fragment.xml": 1637683527315,
  "i18n/i18n_zh_CN.properties": 1637745525326,
  "i18n/i18n_uk.properties": 1637745515081,
  "i18n/i18n_ru.properties": 1637745504421,
  "i18n/i18n_pt.properties": 1637745494297,
  "i18n/i18n_pl.properties": 1637745481849,
  "i18n/i18n_ja.properties": 1637745470021,
  "i18n/i18n_iw.properties": 1637745454433,
  "i18n/i18n_it.properties": 1637745440540,
  "i18n/i18n_hu.properties": 1637745404032,
  "i18n/i18n_fr.properties": 1637745373816,
  "i18n/i18n_es.properties": 1637745353835,
  "i18n/i18n_en.properties": 1637905338646,
  "i18n/i18n_de.properties": 1637745338239,
  "i18n/i18n.properties": 1637905233550,
  "manifest.json": 1637924583593,
  "model/infoPopoverData.json": 1632717370000,
  "model/errorModel.json": 1634624520080,
  "model/dropDownData.json": 1637589889623,
  "model/dataModel.json": 1636460146809,
  "model/attachmentData.json": 1632717370000,
  "model/visibility.json": 1636715240551,
  "model/models.js": 1632717370000,
  "formatter/formatter.js": 1636712905344,
  "formatter/ServiceObj.js": 1632717370000,
  "controls/TooltipRenderer.js": 1637924061221,
  "controls/Tooltip.js": 1637909340211,
  "controls/TabbingTable.js": 1632717370000,
  "controller/Welcome.controller.js": 1637829963959,
  "controller/VendorSurvey.controller.js": 1637924061321,
  "controller/MainView.controller.js": 1632717370000,
  "controller/BaseController.js": 1634716008252,
  "controller/BankInfo.controller.js": 1637332793234,
  "controller/App.controller.js": 1632717370000,
  "Component.js": 1632717370000,
  "manifest-bundle.zip": 1637924578976,
  "Component-preload.js": 1637924582167,
  "controller/BankInfo-dbg.controller.js": 1637332793234,
  "formatter/formatter-dbg.js": 1636712905344,
  "formatter/ServiceObj-dbg.js": 1632717370000,
  "controls/TooltipRenderer-dbg.js": 1637924061221,
  "controls/Tooltip-dbg.js": 1637909340211,
  "controls/TabbingTable-dbg.js": 1632717370000,
  "controller/Welcome-dbg.controller.js": 1637829963959,
  "controller/VendorSurvey-dbg.controller.js": 1637924061321,
  "controller/MainView-dbg.controller.js": 1632717370000,
  "controller/BaseController-dbg.js": 1634716008252,
  "model/models-dbg.js": 1632717370000,
  "controller/App-dbg.controller.js": 1632717370000,
  "Component-dbg.js": 1632717370000,
  "resources.json": 1637924583599,
  "view/Welcome.view.xml": 1637683617107,
  "view/VendorSurvey.view.xml": 1637683606107,
  "view/MainView.view.xml": 1632717370000,
  "view/BankInfo.view.xml": 1636725201829,
  "view/App.view.xml": 1634799272356,
  "fragments/success.fragment.xml": 1637831589286,
  "fragments/shippingInfo.fragment.xml": 1637683581351,
  "fragments/selectDocType.fragment.xml": 1637908410263,
  "fragments/previewRegForm.fragment.xml": 1637822536963,
  "fragments/ownershipInfo.fragment.xml": 1637683570995,
  "fragments/infoPopover.fragment.xml": 1632717370000,
  "fragments/date.fragment.xml": 1632717370000,
  "fragments/companyProductsAndServices.fragment.xml": 1637740355455,
  "fragments/companyInfo.fragment.xml": 1636383959302,
  "fragments/companyFinInfo.fragment.xml": 1632717370000,
  "fragments/companyCyberSecurityInfo.fragment.xml": 1637683556307,
  "fragments/companyContactInfo.fragment.xml": 1637924061221,
  "i18n/i18n_zh_TW.properties": 1637745537894,
  "fragments/comment.fragment.xml": 1632717370000,
  "fragments/businessPartnerInfo.fragment.xml": 1637924027629,
  "fragments/bankInfo.fragment.xml": 1637908904847,
  "fragments/CreateSuccessGBS.fragment.xml": 1632717370000,
  "fragments/BankComments.fragment.xml": 1632717370000,
  "formatter/ServiceObj.css": 1632717370000,
  "css/style.css": 1637748190360,
  "Images/word.png": 1632717370000,
  "Images/Success.svg": 1632717370000,
  "Images/Pdf.png": 1632717370000,
  "Images/Excel.png": 1632717370000,
  "index.html": 1632717370000
}