{
  "controls/TabbingTable-dbg.js": 1638856890236,
  "i18n/i18n_zh_CN.properties": 1639240189017,
  "i18n/i18n_uk.properties": 1639240189017,
  "i18n/i18n_ru.properties": 1639240189017,
  "i18n/i18n_pt.properties": 1639240189013,
  "i18n/i18n_pl.properties": 1639240189013,
  "i18n/i18n_ja.properties": 1639240189013,
  "i18n/i18n_iw.properties": 1639240189013,
  "i18n/i18n_it.properties": 1639240189013,
  "i18n/i18n_hu.properties": 1639240189013,
  "i18n/i18n_fr.properties": 1639240189013,
  "i18n/i18n_es.properties": 1639240189013,
  "i18n/i18n_en.properties": 1640268614957,
  "i18n/i18n_zh_TW.properties": 1639240189017,
  "i18n/i18n.properties": 1640268614957,
  "model/dropDownData.json": 1640268614957,
  "model/infoPopoverData.json": 1638267126180,
  "model/errorModel.json": 1640150646591,
  "model/visibility.json": 1638856890240,
  "model/dataModel.json": 1639991207581,
  "model/attachmentData.json": 1632822280254,
  "manifest.json": 1640268673228,
  "model/models.js": 1632822280258,
  "formatter/formatter.js": 1640150646559,
  "formatter/ServiceObj.js": 1632822280250,
  "controls/TabbingTable.js": 1638856890236,
  "controller/Welcome.controller.js": 1637836350799,
  "controller/VendorSurvey.controller.js": 1640268614945,
  "controller/MainView.controller.js": 1640268614941,
  "controller/BaseController.js": 1640268614937,
  "controller/BankInfo.controller.js": 1638779834505,
  "controller/App.controller.js": 1632822280246,
  "Component.js": 1632822280246,
  "manifest-bundle.zip": 1640268669155,
  "Component-preload.js": 1640268672120,
  "controller/Welcome-dbg.controller.js": 1637836350799,
  "formatter/formatter-dbg.js": 1640150646559,
  "formatter/ServiceObj-dbg.js": 1632822280250,
  "i18n/i18n_de.properties": 1639240189013,
  "model/models-dbg.js": 1632822280258,
  "controller/VendorSurvey-dbg.controller.js": 1640268614945,
  "controller/MainView-dbg.controller.js": 1640268614941,
  "controller/BaseController-dbg.js": 1640268614937,
  "controller/BankInfo-dbg.controller.js": 1638779834505,
  "controller/App-dbg.controller.js": 1632822280246,
  "Component-dbg.js": 1632822280246,
  "resources.json": 1640268673233,
  "view/Welcome.view.xml": 1637735376677,
  "view/VendorSurvey.view.xml": 1639240189017,
  "view/MainView.view.xml": 1632822280258,
  "view/BankInfo.view.xml": 1640086185763,
  "view/App.view.xml": 1634830135041,
  "fragments/success.fragment.xml": 1637836350803,
  "fragments/shippingInfo.fragment.xml": 1638185858892,
  "fragments/selectDocType.fragment.xml": 1640150646583,
  "fragments/selectDocNameForLocDoc.fragment.xml": 1640150646579,
  "fragments/previewRegForm.fragment.xml": 1640176213847,
  "fragments/ownershipInfo.fragment.xml": 1640150646571,
  "fragments/infoPopover.fragment.xml": 1632822280250,
  "fragments/date.fragment.xml": 1632822280250,
  "fragments/companyProductsAndServices.fragment.xml": 1637745003789,
  "fragments/companyInfo.fragment.xml": 1639635737272,
  "fragments/companyFinInfo.fragment.xml": 1632822280250,
  "fragments/companyCyberSecurityInfo.fragment.xml": 1637735376673,
  "fragments/companyContactInfo.fragment.xml": 1638351177265,
  "fragments/companyCompliance.fragment.xml": 1639635737268,
  "fragments/comment.fragment.xml": 1632822280250,
  "fragments/businessPartnerInfo.fragment.xml": 1640268614949,
  "fragments/bankInfo.fragment.xml": 1640176213843,
  "fragments/CreateSuccessGBS.fragment.xml": 1632822280250,
  "fragments/BankComments.fragment.xml": 1632822280250,
  "formatter/ServiceObj.css": 1632822280250,
  "css/style.css": 1640150646555,
  "Images/word.png": 1632822280246,
  "Images/Success.svg": 1632822280246,
  "Images/Pdf.png": 1632822280246,
  "Images/Excel.png": 1632822280246,
  "index.html": 1632822280254
}