{
  "index.html": 1632717370000,
  "i18n/i18n_zh_CN.properties": 1636718859406,
  "i18n/i18n_zh_TW.properties": 1636718866626,
  "i18n/i18n_ru.properties": 1636718844434,
  "i18n/i18n_pt.properties": 1636718837270,
  "i18n/i18n_pl.properties": 1636718831734,
  "i18n/i18n_ja.properties": 1636962835221,
  "i18n/i18n_iw.properties": 1637568181829,
  "i18n/i18n_it.properties": 1637568193673,
  "i18n/i18n_hu.properties": 1636718813214,
  "i18n/i18n_fr.properties": 1636718805594,
  "i18n/i18n_es.properties": 1636718798418,
  "i18n/i18n_en.properties": 1637568112852,
  "i18n/i18n_de.properties": 1636962794469,
  "i18n/i18n.properties": 1637568132173,
  "controller/BaseController.js": 1634716008252,
  "model/infoPopoverData.json": 1632717370000,
  "model/errorModel.json": 1634624520080,
  "model/dropDownData.json": 1637589889623,
  "model/dataModel.json": 1636460146809,
  "model/attachmentData.json": 1632717370000,
  "manifest.json": 1637657523402,
  "model/models.js": 1632717370000,
  "formatter/formatter.js": 1636712905344,
  "formatter/ServiceObj.js": 1632717370000,
  "controls/TabbingTable.js": 1632717370000,
  "controller/Welcome.controller.js": 1636470331235,
  "controller/VendorSurvey.controller.js": 1637657476224,
  "controller/MainView.controller.js": 1632717370000,
  "model/visibility.json": 1636715240551,
  "controller/BankInfo.controller.js": 1637332793234,
  "controller/App.controller.js": 1632717370000,
  "Component.js": 1632717370000,
  "manifest-bundle.zip": 1637657519440,
  "Component-preload.js": 1637657522233,
  "controller/BankInfo-dbg.controller.js": 1637332793234,
  "formatter/formatter-dbg.js": 1636712905344,
  "formatter/ServiceObj-dbg.js": 1632717370000,
  "controls/TabbingTable-dbg.js": 1632717370000,
  "controller/Welcome-dbg.controller.js": 1636470331235,
  "controller/VendorSurvey-dbg.controller.js": 1637657476224,
  "controller/MainView-dbg.controller.js": 1632717370000,
  "controller/BaseController-dbg.js": 1634716008252,
  "model/models-dbg.js": 1632717370000,
  "controller/App-dbg.controller.js": 1632717370000,
  "Component-dbg.js": 1632717370000,
  "resources.json": 1637657523408,
  "view/Welcome.view.xml": 1636962441380,
  "view/VendorSurvey.view.xml": 1637225461696,
  "view/MainView.view.xml": 1632717370000,
  "view/BankInfo.view.xml": 1636725201829,
  "view/App.view.xml": 1634799272356,
  "fragments/success.fragment.xml": 1632717370000,
  "fragments/shippingInfo.fragment.xml": 1636724311413,
  "fragments/previewRegForm.fragment.xml": 1636724040077,
  "fragments/ownershipInfo.fragment.xml": 1637138961764,
  "fragments/infoPopover.fragment.xml": 1632717370000,
  "fragments/date.fragment.xml": 1632717370000,
  "fragments/companyProductsAndServices.fragment.xml": 1637140706320,
  "fragments/companyInfo.fragment.xml": 1636383959302,
  "fragments/companyFinInfo.fragment.xml": 1632717370000,
  "fragments/companyCyberSecurityInfo.fragment.xml": 1637141311374,
  "fragments/companyContactInfo.fragment.xml": 1637589959283,
  "fragments/companyCompliance.fragment.xml": 1637140996445,
  "fragments/comment.fragment.xml": 1632717370000,
  "fragments/businessPartnerInfo.fragment.xml": 1637594976647,
  "fragments/bankInfo.fragment.xml": 1637652797918,
  "fragments/CreateSuccessGBS.fragment.xml": 1632717370000,
  "fragments/BankComments.fragment.xml": 1632717370000,
  "formatter/ServiceObj.css": 1632717370000,
  "css/style.css": 1637649588230,
  "Images/word.png": 1632717370000,
  "Images/Success.svg": 1632717370000,
  "Images/Pdf.png": 1632717370000,
  "Images/Excel.png": 1632717370000,
  "i18n/i18n_uk.properties": 1636718850174
}