{
  "fragments/companyContactInfo.fragment.xml": 1637663082656,
  "i18n/i18n_zh_CN.properties": 1636884044690,
  "i18n/i18n_uk.properties": 1636884044690,
  "i18n/i18n_zh_TW.properties": 1636884044690,
  "i18n/i18n_pt.properties": 1636884044690,
  "i18n/i18n_pl.properties": 1636884044690,
  "i18n/i18n_ja.properties": 1637040905213,
  "i18n/i18n_iw.properties": 1637646418744,
  "i18n/i18n_it.properties": 1637646418740,
  "i18n/i18n_hu.properties": 1636884044690,
  "i18n/i18n_fr.properties": 1636884044690,
  "i18n/i18n_es.properties": 1636884044690,
  "i18n/i18n_en.properties": 1637646418740,
  "i18n/i18n_de.properties": 1637040905209,
  "i18n/i18n.properties": 1637646418740,
  "controller/BankInfo.controller.js": 1637235134671,
  "model/infoPopoverData.json": 1632822280254,
  "model/errorModel.json": 1634724186739,
  "model/dropDownData.json": 1637663082656,
  "model/dataModel.json": 1636470281474,
  "model/attachmentData.json": 1632822280254,
  "manifest.json": 1637663184641,
  "model/models.js": 1632822280258,
  "formatter/formatter.js": 1636884044686,
  "formatter/ServiceObj.js": 1632822280250,
  "controls/TabbingTable.js": 1632822280250,
  "controller/Welcome.controller.js": 1636523864519,
  "controller/VendorSurvey.controller.js": 1637663082656,
  "controller/MainView.controller.js": 1632822280250,
  "controller/BaseController.js": 1634724186723,
  "model/visibility.json": 1636884044690,
  "controller/App.controller.js": 1632822280246,
  "Component.js": 1632822280246,
  "manifest-bundle.zip": 1637663181672,
  "Component-preload.js": 1637663183793,
  "controller/BaseController-dbg.js": 1634724186723,
  "formatter/formatter-dbg.js": 1636884044686,
  "formatter/ServiceObj-dbg.js": 1632822280250,
  "controller/Welcome-dbg.controller.js": 1636523864519,
  "controller/VendorSurvey-dbg.controller.js": 1637663082656,
  "controller/MainView-dbg.controller.js": 1632822280250,
  "model/models-dbg.js": 1632822280258,
  "controller/BankInfo-dbg.controller.js": 1637235134671,
  "controller/App-dbg.controller.js": 1632822280246,
  "controls/TabbingTable-dbg.js": 1632822280250,
  "Component-dbg.js": 1632822280246,
  "resources.json": 1637663184646,
  "view/Welcome.view.xml": 1637040905213,
  "view/VendorSurvey.view.xml": 1637221213532,
  "view/MainView.view.xml": 1632822280258,
  "view/BankInfo.view.xml": 1636619681932,
  "view/App.view.xml": 1634830135041,
  "fragments/success.fragment.xml": 1632822280254,
  "fragments/shippingInfo.fragment.xml": 1636884044686,
  "fragments/previewRegForm.fragment.xml": 1636884044686,
  "fragments/ownershipInfo.fragment.xml": 1637221213532,
  "fragments/infoPopover.fragment.xml": 1632822280250,
  "fragments/date.fragment.xml": 1632822280250,
  "fragments/companyProductsAndServices.fragment.xml": 1637221213528,
  "fragments/companyInfo.fragment.xml": 1636441475204,
  "fragments/companyFinInfo.fragment.xml": 1632822280250,
  "fragments/companyCyberSecurityInfo.fragment.xml": 1637221213528,
  "i18n/i18n_ru.properties": 1636884044690,
  "fragments/companyCompliance.fragment.xml": 1637221213528,
  "fragments/comment.fragment.xml": 1632822280250,
  "fragments/businessPartnerInfo.fragment.xml": 1637663082656,
  "fragments/bankInfo.fragment.xml": 1637663082656,
  "fragments/CreateSuccessGBS.fragment.xml": 1632822280250,
  "fragments/BankComments.fragment.xml": 1632822280250,
  "formatter/ServiceObj.css": 1632822280250,
  "css/style.css": 1637663082656,
  "Images/word.png": 1632822280246,
  "Images/Success.svg": 1632822280246,
  "Images/Pdf.png": 1632822280246,
  "Images/Excel.png": 1632822280246,
  "index.html": 1632822280254
}