{
  "formatter/ServiceObj-dbg.js": 1634882534076,
  "i18n/i18n_zh_CN.properties": 1638429141227,
  "i18n/i18n_uk.properties": 1638429141227,
  "i18n/i18n_ru.properties": 1638429141227,
  "i18n/i18n_pt.properties": 1638429141227,
  "i18n/i18n_pl.properties": 1638429141227,
  "i18n/i18n_ja.properties": 1638429141227,
  "i18n/i18n_iw.properties": 1638429141227,
  "i18n/i18n_it.properties": 1638429141227,
  "i18n/i18n_zh_TW.properties": 1638429141227,
  "i18n/i18n_fr.properties": 1638429141227,
  "i18n/i18n_es.properties": 1638429141227,
  "i18n/i18n_en.properties": 1638429141223,
  "i18n/i18n_de.properties": 1638429141223,
  "i18n/i18n.properties": 1638429141223,
  "Component.js": 1634882534060,
  "model/infoPopoverData.json": 1638339605448,
  "model/errorModel.json": 1638258664375,
  "model/dropDownData.json": 1637649468012,
  "model/dataModel.json": 1636454197433,
  "model/attachmentData.json": 1634882534084,
  "manifest.json": 1638429434787,
  "model/models.js": 1634882534084,
  "formatter/formatter.js": 1637065172709,
  "formatter/ServiceObj.js": 1634882534076,
  "controls/TabbingTable.js": 1638184755748,
  "controller/Welcome.controller.js": 1637841458232,
  "controller/VendorSurvey.controller.js": 1638355716956,
  "controller/MainView.controller.js": 1634882534064,
  "controller/BaseController.js": 1634882534064,
  "controller/BankInfo.controller.js": 1638339605436,
  "controller/App.controller.js": 1634882534064,
  "model/visibility.json": 1638258664375,
  "manifest-bundle.zip": 1638429431939,
  "Component-preload.js": 1638429433892,
  "controller/App-dbg.controller.js": 1634882534064,
  "formatter/formatter-dbg.js": 1637065172709,
  "i18n/i18n_hu.properties": 1638429141227,
  "controls/TabbingTable-dbg.js": 1638184755748,
  "controller/Welcome-dbg.controller.js": 1637841458232,
  "controller/VendorSurvey-dbg.controller.js": 1638355716956,
  "controller/MainView-dbg.controller.js": 1634882534064,
  "controller/BaseController-dbg.js": 1634882534064,
  "controller/BankInfo-dbg.controller.js": 1638339605436,
  "model/models-dbg.js": 1634882534084,
  "Component-dbg.js": 1634882534060,
  "resources.json": 1638429434792,
  "view/Welcome.view.xml": 1637747501806,
  "view/VendorSurvey.view.xml": 1638355716964,
  "view/MainView.view.xml": 1634882534084,
  "view/BankInfo.view.xml": 1638339605448,
  "view/App.view.xml": 1634882534084,
  "fragments/success.fragment.xml": 1637841458232,
  "fragments/shippingInfo.fragment.xml": 1638178827208,
  "fragments/selectDocType.fragment.xml": 1638339605444,
  "fragments/previewRegForm.fragment.xml": 1638258664375,
  "fragments/ownershipInfo.fragment.xml": 1637747501802,
  "fragments/infoPopover.fragment.xml": 1634882534076,
  "fragments/date.fragment.xml": 1634882534076,
  "fragments/companyProductsAndServices.fragment.xml": 1637747501802,
  "fragments/companyInfo.fragment.xml": 1638355716960,
  "fragments/companyFinInfo.fragment.xml": 1634882534076,
  "fragments/companyCyberSecurityInfo.fragment.xml": 1637747501802,
  "fragments/companyContactInfo.fragment.xml": 1638343880860,
  "fragments/companyCompliance.fragment.xml": 1637747501798,
  "fragments/comment.fragment.xml": 1634882534076,
  "fragments/businessPartnerInfo.fragment.xml": 1638339605444,
  "fragments/bankInfo.fragment.xml": 1638355716960,
  "fragments/CreateSuccessGBS.fragment.xml": 1634882534076,
  "fragments/BankComments.fragment.xml": 1634882534076,
  "formatter/ServiceObj.css": 1634882534072,
  "css/style.css": 1638258500143,
  "Images/word.png": 1634882534064,
  "Images/Success.svg": 1634882534060,
  "Images/Pdf.png": 1634882534060,
  "Images/Excel.png": 1634882534060,
  "index.html": 1634882534084
}