{
  "fragments/companyContactInfo.fragment.xml": 1638520980189,
  "i18n/i18n_zh_CN.properties": 1639065037195,
  "i18n/i18n_uk.properties": 1639065007383,
  "i18n/i18n_ru.properties": 1639064998348,
  "i18n/i18n_pt.properties": 1639064982444,
  "i18n/i18n_pl.properties": 1639064973420,
  "i18n/i18n_ja.properties": 1639064964716,
  "i18n/i18n_iw.properties": 1639064954020,
  "i18n/i18n_it.properties": 1639064945156,
  "i18n/i18n_zh_TW.properties": 1639065033207,
  "i18n/i18n_fr.properties": 1639064925684,
  "i18n/i18n_es.properties": 1639064916256,
  "i18n/i18n_en.properties": 1639064486669,
  "i18n/i18n_de.properties": 1639064901624,
  "i18n/i18n.properties": 1639064486669,
  "controller/Welcome.controller.js": 1637829963959,
  "model/infoPopoverData.json": 1638262890524,
  "model/errorModel.json": 1639064486665,
  "model/dropDownData.json": 1638778514236,
  "model/dataModel.json": 1639064486665,
  "model/attachmentData.json": 1632717370000,
  "manifest.json": 1639065220401,
  "model/models.js": 1632717370000,
  "formatter/formatter.js": 1636712905344,
  "formatter/ServiceObj.js": 1632717370000,
  "controls/TabbingTable.js": 1638856660019,
  "model/visibility.json": 1638794359137,
  "controller/VendorSurvey.controller.js": 1639064608616,
  "controller/MainView.controller.js": 1632717370000,
  "controller/BaseController.js": 1634716008252,
  "controller/BankInfo.controller.js": 1638780545776,
  "controller/App.controller.js": 1632717370000,
  "Component.js": 1632717370000,
  "manifest-bundle.zip": 1639065216210,
  "Component-preload.js": 1639065219402,
  "controller/Welcome-dbg.controller.js": 1637829963959,
  "formatter/formatter-dbg.js": 1636712905344,
  "formatter/ServiceObj-dbg.js": 1632717370000,
  "controls/TabbingTable-dbg.js": 1638856660019,
  "model/models-dbg.js": 1632717370000,
  "controller/VendorSurvey-dbg.controller.js": 1639064608616,
  "controller/MainView-dbg.controller.js": 1632717370000,
  "controller/BaseController-dbg.js": 1634716008252,
  "controller/BankInfo-dbg.controller.js": 1638780545776,
  "controller/App-dbg.controller.js": 1632717370000,
  "Component-dbg.js": 1632717370000,
  "resources.json": 1639065220407,
  "view/Welcome.view.xml": 1637683617107,
  "view/VendorSurvey.view.xml": 1639034863269,
  "view/MainView.view.xml": 1632717370000,
  "view/BankInfo.view.xml": 1638355190042,
  "view/App.view.xml": 1634799272356,
  "fragments/success.fragment.xml": 1637831589286,
  "fragments/shippingInfo.fragment.xml": 1638175369824,
  "fragments/selectDocType.fragment.xml": 1638259850330,
  "fragments/selectDocNameForLocDoc.fragment.xml": 1639054250978,
  "fragments/previewRegForm.fragment.xml": 1639064486665,
  "fragments/ownershipInfo.fragment.xml": 1637683570995,
  "fragments/infoPopover.fragment.xml": 1632717370000,
  "fragments/date.fragment.xml": 1632717370000,
  "fragments/companyProductsAndServices.fragment.xml": 1637740355455,
  "fragments/companyInfo.fragment.xml": 1638349383018,
  "fragments/companyFinInfo.fragment.xml": 1632717370000,
  "fragments/companyCyberSecurityInfo.fragment.xml": 1638264909606,
  "i18n/i18n_hu.properties": 1639064935592,
  "fragments/companyCompliance.fragment.xml": 1639060014472,
  "fragments/comment.fragment.xml": 1632717370000,
  "fragments/businessPartnerInfo.fragment.xml": 1639064486673,
  "fragments/bankInfo.fragment.xml": 1639058777239,
  "fragments/CreateSuccessGBS.fragment.xml": 1632717370000,
  "fragments/BankComments.fragment.xml": 1632717370000,
  "formatter/ServiceObj.css": 1632717370000,
  "css/style.css": 1638263117501,
  "Images/word.png": 1632717370000,
  "Images/Success.svg": 1632717370000,
  "Images/Pdf.png": 1632717370000,
  "Images/Excel.png": 1632717370000,
  "index.html": 1632717370000
}