{
  "view/VendorSurvey.view.xml": 1634021714991,
  "i18n/i18n_zh_CN.properties": 1634010717148,
  "i18n/i18n_uk.properties": 1634033042389,
  "i18n/i18n_ru.properties": 1634033042385,
  "i18n/i18n_pt.properties": 1634010717148,
  "i18n/i18n_pl.properties": 1634010717148,
  "i18n/i18n_iw.properties": 1634033042385,
  "i18n/i18n_hu.properties": 1634033042385,
  "i18n/i18n_zh_TW.properties": 1634033042389,
  "i18n/i18n_es.properties": 1634033042381,
  "i18n/i18n_en.properties": 1634033042381,
  "i18n/i18n.properties": 1634033042377,
  "model/dropDownData.json": 1632822280254,
  "model/infoPopoverData.json": 1632822280254,
  "model/errorModel.json": 1633438246605,
  "model/visibility.json": 1633944383906,
  "model/dataModel.json": 1634010717152,
  "model/attachmentData.json": 1632822280254,
  "manifest.json": 1634104392070,
  "model/models.js": 1632822280258,
  "formatter/formatter.js": 1632822280250,
  "formatter/ServiceObj.js": 1632822280250,
  "controls/TabbingTable.js": 1632822280250,
  "controller/Welcome.controller.js": 1634010741397,
  "controller/VendorSurvey.controller.js": 1634047318622,
  "controller/MainView.controller.js": 1632822280250,
  "controller/BaseController.js": 1632822280250,
  "controller/BankInfo.controller.js": 1634016445802,
  "controller/App.controller.js": 1632822280246,
  "Component.js": 1632822280246,
  "manifest-bundle.zip": 1634104388076,
  "Component-preload.js": 1634104390898,
  "controller/Welcome-dbg.controller.js": 1634010741397,
  "formatter/formatter-dbg.js": 1632822280250,
  "formatter/ServiceObj-dbg.js": 1632822280250,
  "controls/TabbingTable-dbg.js": 1632822280250,
  "model/models-dbg.js": 1632822280258,
  "controller/VendorSurvey-dbg.controller.js": 1634047318622,
  "controller/MainView-dbg.controller.js": 1632822280250,
  "controller/BaseController-dbg.js": 1632822280250,
  "controller/BankInfo-dbg.controller.js": 1634016445802,
  "controller/App-dbg.controller.js": 1632822280246,
  "Component-dbg.js": 1632822280246,
  "resources.json": 1634104392075,
  "view/Welcome.view.xml": 1633699516221,
  "i18n/i18n_fr.properties": 1634033042381,
  "view/MainView.view.xml": 1632822280258,
  "view/BankInfo.view.xml": 1634016334299,
  "view/App.view.xml": 1632822280258,
  "fragments/success.fragment.xml": 1632822280254,
  "fragments/shippingInfo.fragment.xml": 1634010717148,
  "fragments/previewRegForm.fragment.xml": 1634010717148,
  "fragments/ownershipInfo.fragment.xml": 1634010717144,
  "fragments/infoPopover.fragment.xml": 1632822280250,
  "fragments/date.fragment.xml": 1632822280250,
  "fragments/companyProductsAndServices.fragment.xml": 1633438246601,
  "fragments/companyInfo.fragment.xml": 1634046111116,
  "fragments/companyFinInfo.fragment.xml": 1632822280250,
  "fragments/companyCyberSecurityInfo.fragment.xml": 1633438246597,
  "fragments/companyContactInfo.fragment.xml": 1633438246593,
  "fragments/companyCompliance.fragment.xml": 1634010717144,
  "fragments/comment.fragment.xml": 1632822280250,
  "fragments/businessPartnerInfo.fragment.xml": 1634021714987,
  "fragments/bankInfo.fragment.xml": 1634033042377,
  "fragments/CreateSuccessGBS.fragment.xml": 1632822280250,
  "fragments/BankComments.fragment.xml": 1632822280250,
  "formatter/ServiceObj.css": 1632822280250,
  "css/style.css": 1634014494467,
  "Images/word.png": 1632822280246,
  "Images/Success.svg": 1632822280246,
  "Images/Pdf.png": 1632822280246,
  "Images/Excel.png": 1632822280246,
  "index.html": 1632822280254
}