{
  "controller/VendorSurvey.controller.js": 1646914904594,
  "i18n/i18n_zh_CN.properties": 1646652008940,
  "i18n/i18n_vi.properties": 1646652008940,
  "i18n/i18n_uk.properties": 1646652008940,
  "i18n/i18n_ru.properties": 1646652008936,
  "i18n/i18n_pt.properties": 1646652008936,
  "i18n/i18n_pl.properties": 1646652008936,
  "i18n/i18n_ja.properties": 1646915990258,
  "i18n/i18n_iw.properties": 1646652008932,
  "i18n/i18n_it.properties": 1646652008932,
  "i18n/i18n_hu.properties": 1646652008932,
  "i18n/i18n_fr.properties": 1646652008932,
  "i18n/i18n_zh_TW.properties": 1646652008940,
  "i18n/i18n_en.properties": 1646902124966,
  "i18n/i18n_de.properties": 1646652008928,
  "i18n/i18n.properties": 1646915978222,
  "controller/App.controller.js": 1646651957422,
  "model/infoPopoverData.json": 1646651957454,
  "model/errorModel.json": 1646651957454,
  "model/dropDownData.json": 1646651957454,
  "model/dataModel.json": 1646652008940,
  "model/attachmentData.json": 1646810906668,
  "manifest.json": 1646979008837,
  "model/models.js": 1646652008940,
  "formatter/formatter.js": 1646652008920,
  "formatter/ServiceObj.js": 1646652008920,
  "controls/TabbingTable.js": 1646651957434,
  "controller/Welcome.controller.js": 1646651957434,
  "i18n/i18n_es.properties": 1646652008928,
  "controller/SupplierFinanceEula.controller.js": 1646652008912,
  "controller/PreviewForm.controller.js": 1646651957426,
  "controller/MainView.controller.js": 1646651957426,
  "controller/BaseController.js": 1646652008912,
  "controller/BankInfo.controller.js": 1646652008908,
  "model/visibility.json": 1646652008940,
  "Component.js": 1646652008900,
  "manifest-bundle.zip": 1646978999275,
  "Component-preload.js": 1646979005252,
  "controls/TabbingTable-dbg.js": 1646651957434,
  "formatter/formatter-dbg.js": 1646652008920,
  "formatter/ServiceObj-dbg.js": 1646652008920,
  "model/models-dbg.js": 1646652008940,
  "controller/Welcome-dbg.controller.js": 1646651957434,
  "controller/VendorSurvey-dbg.controller.js": 1646914904594,
  "controller/SupplierFinanceEula-dbg.controller.js": 1646652008912,
  "controller/PreviewForm-dbg.controller.js": 1646651957426,
  "controller/MainView-dbg.controller.js": 1646651957426,
  "controller/BaseController-dbg.js": 1646652008912,
  "controller/BankInfo-dbg.controller.js": 1646652008908,
  "controller/App-dbg.controller.js": 1646651957422,
  "Component-dbg.js": 1646652008900,
  "resources.json": 1646979008847,
  "view/Welcome.view.xml": 1646652008944,
  "view/VendorSurvey.view.xml": 1646652008944,
  "view/SupplierFinanceEula.view.xml": 1646652008944,
  "view/PreviewForm.view.xml": 1646652008940,
  "view/MainView.view.xml": 1646652008940,
  "view/BankInfo.view.xml": 1646652008940,
  "view/App.view.xml": 1646651957454,
  "fragments/success.fragment.xml": 1646651957442,
  "fragments/shippingInfo.fragment.xml": 1646652008928,
  "fragments/selectDocTypeBank.fragment.xml": 1646652008928,
  "fragments/selectDocType.fragment.xml": 1646651957442,
  "fragments/selectDocNameForLocDoc.fragment.xml": 1646651957442,
  "fragments/previewRegForm.fragment.xml": 1646810827528,
  "fragments/ownershipInfo.fragment.xml": 1646652008928,
  "fragments/infoPopover.fragment.xml": 1646652008928,
  "fragments/date.fragment.xml": 1646652008928,
  "fragments/companyProductsAndServices.fragment.xml": 1646652008928,
  "fragments/companyInfo.fragment.xml": 1646652008928,
  "fragments/companyFinInfo.fragment.xml": 1646652008924,
  "fragments/companyCyberSecurityInfo.fragment.xml": 1646652008924,
  "fragments/companyContactInfo.fragment.xml": 1646652008924,
  "fragments/companyCompliance.fragment.xml": 1646810715645,
  "fragments/comment.fragment.xml": 1646652008924,
  "fragments/businessPartnerInfo.fragment.xml": 1646652008924,
  "fragments/bankInfo.fragment.xml": 1646916385672,
  "fragments/CreateSuccessGBS.fragment.xml": 1646652008920,
  "fragments/BankComments.fragment.xml": 1646652008920,
  "formatter/ServiceObj.css": 1646652008920,
  "files/Jabil_SupplierPortal_EULA.pdf": 1646651957434,
  "css/style.css": 1646652008920,
  "Images/word.png": 1646652008904,
  "Images/Success.svg": 1646652008900,
  "Images/Pdf.png": 1646652008900,
  "Images/Excel.png": 1646652008900,
  "index.html": 1646652008940
}