{
  "model/dataModel.json": 1636460146809,
  "i18n/i18n_zh_CN.properties": 1638163848073,
  "i18n/i18n_uk.properties": 1638163838145,
  "i18n/i18n_ru.properties": 1638163826545,
  "i18n/i18n_pt.properties": 1638163816297,
  "i18n/i18n_pl.properties": 1638163802097,
  "i18n/i18n_ja.properties": 1638163785677,
  "i18n/i18n_iw.properties": 1638163772573,
  "i18n/i18n_zh_TW.properties": 1638163857993,
  "i18n/i18n_hu.properties": 1638163753049,
  "i18n/i18n_fr.properties": 1638163741321,
  "i18n/i18n_es.properties": 1638163707165,
  "i18n/i18n_en.properties": 1638161764401,
  "i18n/i18n_de.properties": 1638163690332,
  "i18n/i18n.properties": 1638161725757,
  "formatter/formatter.js": 1636712905344,
  "model/infoPopoverData.json": 1632717370000,
  "model/errorModel.json": 1638192894190,
  "model/dropDownData.json": 1637589889623,
  "i18n/i18n_it.properties": 1638163762301,
  "model/attachmentData.json": 1632717370000,
  "manifest.json": 1638194788343,
  "model/models.js": 1632717370000,
  "model/visibility.json": 1638192085891,
  "formatter/ServiceObj.js": 1632717370000,
  "controls/TooltipRenderer.js": 1637924061221,
  "controls/Tooltip.js": 1637909340211,
  "controls/TabbingTable.js": 1632717370000,
  "controller/Welcome.controller.js": 1637829963959,
  "controller/VendorSurvey.controller.js": 1638194634173,
  "controller/MainView.controller.js": 1632717370000,
  "controller/BaseController.js": 1634716008252,
  "controller/BankInfo.controller.js": 1637332793234,
  "controller/App.controller.js": 1632717370000,
  "Component.js": 1632717370000,
  "manifest-bundle.zip": 1638194784823,
  "Component-preload.js": 1638194787143,
  "controls/TabbingTable-dbg.js": 1632717370000,
  "formatter/formatter-dbg.js": 1636712905344,
  "formatter/ServiceObj-dbg.js": 1632717370000,
  "controls/TooltipRenderer-dbg.js": 1637924061221,
  "controls/Tooltip-dbg.js": 1637909340211,
  "model/models-dbg.js": 1632717370000,
  "controller/Welcome-dbg.controller.js": 1637829963959,
  "controller/VendorSurvey-dbg.controller.js": 1638194634173,
  "controller/MainView-dbg.controller.js": 1632717370000,
  "controller/BaseController-dbg.js": 1634716008252,
  "controller/BankInfo-dbg.controller.js": 1637332793234,
  "controller/App-dbg.controller.js": 1632717370000,
  "Component-dbg.js": 1632717370000,
  "resources.json": 1638194788349,
  "view/Welcome.view.xml": 1637683617107,
  "view/VendorSurvey.view.xml": 1638175081495,
  "view/MainView.view.xml": 1632717370000,
  "view/BankInfo.view.xml": 1636725201829,
  "view/App.view.xml": 1634799272356,
  "fragments/success.fragment.xml": 1637831589286,
  "fragments/shippingInfo.fragment.xml": 1638175369824,
  "fragments/selectDocType.fragment.xml": 1638162207675,
  "fragments/previewRegForm.fragment.xml": 1638192253816,
  "fragments/ownershipInfo.fragment.xml": 1637683570995,
  "fragments/infoPopover.fragment.xml": 1632717370000,
  "fragments/date.fragment.xml": 1632717370000,
  "fragments/companyProductsAndServices.fragment.xml": 1637740355455,
  "fragments/companyInfo.fragment.xml": 1638192022683,
  "fragments/companyFinInfo.fragment.xml": 1632717370000,
  "fragments/companyCyberSecurityInfo.fragment.xml": 1637683556307,
  "fragments/companyContactInfo.fragment.xml": 1638175161235,
  "fragments/companyCompliance.fragment.xml": 1637683527315,
  "fragments/comment.fragment.xml": 1632717370000,
  "fragments/businessPartnerInfo.fragment.xml": 1638162850113,
  "fragments/bankInfo.fragment.xml": 1638166395767,
  "fragments/CreateSuccessGBS.fragment.xml": 1632717370000,
  "fragments/BankComments.fragment.xml": 1632717370000,
  "formatter/ServiceObj.css": 1632717370000,
  "css/style.css": 1638163155446,
  "Images/word.png": 1632717370000,
  "Images/Success.svg": 1632717370000,
  "Images/Pdf.png": 1632717370000,
  "Images/Excel.png": 1632717370000,
  "index.html": 1632717370000
}