{
  "controller/Welcome.controller.js": 1646651957434,
  "i18n/i18n_zh_CN.properties": 1647588234841,
  "i18n/i18n_vi.properties": 1647588206369,
  "i18n/i18n_uk.properties": 1647588180213,
  "i18n/i18n_ru.properties": 1647588156709,
  "i18n/i18n_pt.properties": 1647588130389,
  "i18n/i18n_pl.properties": 1647588110557,
  "i18n/i18n_ja.properties": 1647588074205,
  "i18n/i18n_iw.properties": 1647588045249,
  "i18n/i18n_it.properties": 1647588021769,
  "i18n/i18n_hu.properties": 1647588000777,
  "i18n/i18n_fr.properties": 1647587969321,
  "i18n/i18n_es.properties": 1647587946909,
  "i18n/i18n_en.properties": 1648547726638,
  "i18n/i18n_zh_TW.properties": 1647588257217,
  "i18n/i18n.properties": 1648547457702,
  "formatter/formatter.js": 1648213216131,
  "model/infoPopoverData.json": 1646651957454,
  "model/errorModel.json": 1646651957454,
  "model/dropDownData.json": 1646651957454,
  "model/dataModel.json": 1646652008940,
  "model/attachmentData.json": 1646810906668,
  "manifest.json": 1648622697048,
  "model/models.js": 1646652008940,
  "model/visibility.json": 1648536653072,
  "formatter/ServiceObj.js": 1646652008920,
  "controls/TabbingTable.js": 1646651957434,
  "i18n/i18n_de.properties": 1647587893489,
  "controller/VendorSurvey.controller.js": 1648622578515,
  "controller/SupplierFinanceEula.controller.js": 1646652008912,
  "controller/PreviewForm.controller.js": 1648458762177,
  "controller/MainView.controller.js": 1646651957426,
  "controller/BaseController.js": 1646652008912,
  "controller/BankInfo.controller.js": 1648622578527,
  "controller/App.controller.js": 1646651957422,
  "Component.js": 1646652008900,
  "manifest-bundle.zip": 1648622690358,
  "Component-preload.js": 1648622694743,
  "Component-dbg.js": 1646652008900,
  "formatter/formatter-dbg.js": 1648213216131,
  "formatter/ServiceObj-dbg.js": 1646652008920,
  "controls/TabbingTable-dbg.js": 1646651957434,
  "controller/Welcome-dbg.controller.js": 1646651957434,
  "controller/VendorSurvey-dbg.controller.js": 1648622578515,
  "controller/SupplierFinanceEula-dbg.controller.js": 1646652008912,
  "controller/PreviewForm-dbg.controller.js": 1648458762177,
  "controller/MainView-dbg.controller.js": 1646651957426,
  "controller/BaseController-dbg.js": 1646652008912,
  "controller/BankInfo-dbg.controller.js": 1648622578527,
  "controller/App-dbg.controller.js": 1646651957422,
  "model/models-dbg.js": 1646652008940,
  "resources.json": 1648622697054,
  "view/Welcome.view.xml": 1647341552384,
  "view/VendorSurvey.view.xml": 1648456290409,
  "view/SupplierFinanceEula.view.xml": 1646652008944,
  "view/PreviewForm.view.xml": 1646652008940,
  "view/MainView.view.xml": 1646652008940,
  "view/BankInfo.view.xml": 1648128553252,
  "view/App.view.xml": 1646651957454,
  "fragments/success.fragment.xml": 1646651957442,
  "fragments/shippingInfo.fragment.xml": 1648472735542,
  "fragments/selectDocTypeBank.fragment.xml": 1648538794841,
  "fragments/selectDocType.fragment.xml": 1648538925833,
  "fragments/selectDocNameForLocDoc.fragment.xml": 1648201554797,
  "fragments/previewRegForm.fragment.xml": 1647415954650,
  "fragments/ownershipInfo.fragment.xml": 1648456290409,
  "fragments/infoPopover.fragment.xml": 1646652008928,
  "fragments/date.fragment.xml": 1646652008928,
  "fragments/companyProductsAndServices.fragment.xml": 1646652008928,
  "fragments/companyInfo.fragment.xml": 1648456290409,
  "fragments/companyFinInfo.fragment.xml": 1646652008924,
  "fragments/companyCyberSecurityInfo.fragment.xml": 1648456290409,
  "fragments/companyContactInfo.fragment.xml": 1646652008924,
  "fragments/companyCompliance.fragment.xml": 1648467321111,
  "fragments/comment.fragment.xml": 1646999898771,
  "fragments/businessPartnerInfo.fragment.xml": 1648456290405,
  "fragments/bankInfo.fragment.xml": 1648456290405,
  "fragments/CreateSuccessGBS.fragment.xml": 1646652008920,
  "fragments/BankComments.fragment.xml": 1646652008920,
  "formatter/ServiceObj.css": 1646652008920,
  "files/Jabil_SupplierPortal_EULA.pdf": 1646651957434,
  "css/style.css": 1646652008920,
  "Images/word.png": 1646652008904,
  "Images/Success.svg": 1646652008900,
  "Images/Pdf.png": 1646652008900,
  "Images/Excel.png": 1646652008900,
  "index.html": 1646652008940
}