{
  "formatter/ServiceObj-dbg.js": 1645623168206,
  "i18n/i18n_zh_CN.properties": 1645622515923,
  "i18n/i18n_zh_TW.properties": 1645622515923,
  "i18n/i18n_ru.properties": 1645622515923,
  "i18n/i18n_pt.properties": 1645622515919,
  "i18n/i18n_pl.properties": 1645622515919,
  "i18n/i18n_ja.properties": 1645622515919,
  "i18n/i18n_iw.properties": 1645622515919,
  "i18n/i18n_it.properties": 1645622515919,
  "i18n/i18n_hu.properties": 1645622515919,
  "i18n/i18n_fr.properties": 1645622515919,
  "i18n/i18n_es.properties": 1645622515915,
  "i18n/i18n_en.properties": 1645774965266,
  "i18n/i18n_de.properties": 1645622515915,
  "i18n/i18n.properties": 1645774972750,
  "formatter/formatter.js": 1645622515907,
  "model/infoPopoverData.json": 1645622515923,
  "model/errorModel.json": 1645622515923,
  "model/dropDownData.json": 1645622515923,
  "model/dataModel.json": 1645622515923,
  "model/attachmentData.json": 1645623168206,
  "manifest.json": 1645785212151,
  "model/models.js": 1645623168206,
  "model/visibility.json": 1645701875439,
  "formatter/ServiceObj.js": 1645623168206,
  "controls/TabbingTable.js": 1645622515907,
  "controller/Welcome.controller.js": 1645622515907,
  "controller/VendorSurvey.controller.js": 1645782419591,
  "controller/SupplierFinanceEula.controller.js": 1645622515899,
  "controller/PreviewForm.controller.js": 1645622515899,
  "controller/MainView.controller.js": 1645622515899,
  "controller/BaseController.js": 1645622515899,
  "controller/BankInfo.controller.js": 1645622515899,
  "controller/App.controller.js": 1645622515895,
  "Component.js": 1645623168198,
  "manifest-bundle.zip": 1645785206595,
  "Component-preload.js": 1645785210321,
  "controller/Welcome-dbg.controller.js": 1645622515907,
  "formatter/formatter-dbg.js": 1645622515907,
  "i18n/i18n_uk.properties": 1645622515923,
  "controls/TabbingTable-dbg.js": 1645622515907,
  "model/models-dbg.js": 1645623168206,
  "controller/VendorSurvey-dbg.controller.js": 1645782419591,
  "controller/SupplierFinanceEula-dbg.controller.js": 1645622515899,
  "controller/PreviewForm-dbg.controller.js": 1645622515899,
  "controller/MainView-dbg.controller.js": 1645622515899,
  "controller/BaseController-dbg.js": 1645622515899,
  "controller/BankInfo-dbg.controller.js": 1645622515899,
  "controller/App-dbg.controller.js": 1645622515895,
  "Component-dbg.js": 1645623168198,
  "resources.json": 1645785212168,
  "view/Welcome.view.xml": 1645622515927,
  "view/VendorSurvey.view.xml": 1645622515927,
  "view/SupplierFinanceEula.view.xml": 1645622515923,
  "view/PreviewForm.view.xml": 1645622515923,
  "view/MainView.view.xml": 1645623168206,
  "view/BankInfo.view.xml": 1645622515923,
  "view/App.view.xml": 1645622515923,
  "fragments/success.fragment.xml": 1645622515915,
  "fragments/shippingInfo.fragment.xml": 1645622515915,
  "fragments/selectDocType.fragment.xml": 1645622515915,
  "fragments/selectDocNameForLocDoc.fragment.xml": 1645622515915,
  "fragments/previewRegForm.fragment.xml": 1645622515915,
  "fragments/ownershipInfo.fragment.xml": 1645622515915,
  "fragments/infoPopover.fragment.xml": 1645623168206,
  "fragments/date.fragment.xml": 1645623168206,
  "fragments/companyProductsAndServices.fragment.xml": 1645622515915,
  "fragments/companyInfo.fragment.xml": 1645622515915,
  "fragments/companyFinInfo.fragment.xml": 1645623168206,
  "fragments/companyCyberSecurityInfo.fragment.xml": 1645622515911,
  "fragments/companyContactInfo.fragment.xml": 1645622515911,
  "fragments/companyCompliance.fragment.xml": 1645622515911,
  "fragments/comment.fragment.xml": 1645623168206,
  "fragments/businessPartnerInfo.fragment.xml": 1645700550652,
  "fragments/bankInfo.fragment.xml": 1645784497789,
  "fragments/CreateSuccessGBS.fragment.xml": 1645623168206,
  "fragments/BankComments.fragment.xml": 1645623168206,
  "formatter/ServiceObj.css": 1645623168206,
  "files/Jabil_SupplierPortal_EULA.pdf": 1645622515907,
  "css/style.css": 1645784561361,
  "Images/word.png": 1645623168198,
  "Images/Success.svg": 1645623168198,
  "Images/Pdf.png": 1645623168198,
  "Images/Excel.png": 1645623168198,
  "index.html": 1645623168206
}