{
  "controller/SupplierFinanceEula.controller.js": 1643991740000,
  "i18n/i18n_zh_TW.properties": 1646073938000,
  "i18n/i18n_vi.properties": 1646073938000,
  "i18n/i18n_uk.properties": 1646073938000,
  "i18n/i18n_ru.properties": 1646073938000,
  "i18n/i18n_pt.properties": 1646073938000,
  "i18n/i18n_pl.properties": 1646073938000,
  "i18n/i18n_ja.properties": 1646073938000,
  "i18n/i18n_iw.properties": 1646073938000,
  "i18n/i18n_it.properties": 1646073938000,
  "i18n/i18n_hu.properties": 1646073938000,
  "i18n/i18n_fr.properties": 1646073938000,
  "i18n/i18n_es.properties": 1646073938000,
  "i18n/i18n_en.properties": 1646333168000,
  "i18n/i18n_de.properties": 1646073938000,
  "i18n/i18n.properties": 1646333174000,
  "model/dataModel.json": 1646333398000,
  "model/infoPopoverData.json": 1638286926000,
  "model/errorModel.json": 1640170446000,
  "model/dropDownData.json": 1643837032000,
  "model/visibility.json": 1646333376000,
  "model/attachmentData.json": 1646823997590,
  "manifest.json": 1646827174800,
  "model/models.js": 1632842080000,
  "formatter/formatter.js": 1646333212000,
  "formatter/ServiceObj.js": 1632842080000,
  "controller/Welcome.controller.js": 1641576274000,
  "controller/VendorSurvey.controller.js": 1646823997586,
  "i18n/i18n_zh_CN.properties": 1646073938000,
  "controller/PreviewForm.controller.js": 1643324638000,
  "controller/MainView.controller.js": 1642537194000,
  "controller/BaseController.js": 1645483810000,
  "controller/BankInfo.controller.js": 1645631036000,
  "controller/App.controller.js": 1641920288000,
  "controls/TabbingTable.js": 1638876690000,
  "Component.js": 1632842080000,
  "manifest-bundle.zip": 1646827169170,
  "Component-preload.js": 1646827172719,
  "controls/TabbingTable-dbg.js": 1638876690000,
  "formatter/formatter-dbg.js": 1646333212000,
  "formatter/ServiceObj-dbg.js": 1632842080000,
  "model/models-dbg.js": 1632842080000,
  "controller/Welcome-dbg.controller.js": 1641576274000,
  "controller/VendorSurvey-dbg.controller.js": 1646823997586,
  "controller/SupplierFinanceEula-dbg.controller.js": 1643991740000,
  "controller/PreviewForm-dbg.controller.js": 1643324638000,
  "controller/MainView-dbg.controller.js": 1642537194000,
  "controller/BaseController-dbg.js": 1645483810000,
  "controller/BankInfo-dbg.controller.js": 1645631036000,
  "controller/App-dbg.controller.js": 1641920288000,
  "Component-dbg.js": 1632842080000,
  "resources.json": 1646827174836,
  "view/Welcome.view.xml": 1643987944000,
  "view/VendorSurvey.view.xml": 1645441882000,
  "view/SupplierFinanceEula.view.xml": 1645033620000,
  "view/PreviewForm.view.xml": 1644260316000,
  "view/MainView.view.xml": 1632842080000,
  "view/BankInfo.view.xml": 1645624470000,
  "view/App.view.xml": 1634849936000,
  "fragments/success.fragment.xml": 1637856150000,
  "fragments/shippingInfo.fragment.xml": 1645442612000,
  "fragments/selectDocTypeBank.fragment.xml": 1645486196000,
  "fragments/selectDocType.fragment.xml": 1643657238000,
  "fragments/selectDocNameForLocDoc.fragment.xml": 1643657238000,
  "fragments/previewRegForm.fragment.xml": 1646823997590,
  "fragments/ownershipInfo.fragment.xml": 1645442558000,
  "fragments/infoPopover.fragment.xml": 1632842080000,
  "fragments/date.fragment.xml": 1632842080000,
  "fragments/companyProductsAndServices.fragment.xml": 1645442460000,
  "fragments/companyInfo.fragment.xml": 1645443852000,
  "fragments/companyFinInfo.fragment.xml": 1645442408000,
  "fragments/companyCyberSecurityInfo.fragment.xml": 1645442388000,
  "fragments/companyContactInfo.fragment.xml": 1646136176000,
  "fragments/companyCompliance.fragment.xml": 1646823997586,
  "fragments/comment.fragment.xml": 1632842080000,
  "fragments/businessPartnerInfo.fragment.xml": 1645442244000,
  "fragments/bankInfo.fragment.xml": 1646823997586,
  "fragments/CreateSuccessGBS.fragment.xml": 1643999260000,
  "fragments/BankComments.fragment.xml": 1645106718000,
  "formatter/ServiceObj.css": 1632842080000,
  "files/Jabil_SupplierPortal_EULA.pdf": 1641483416000,
  "css/style.css": 1646626976000,
  "Images/word.png": 1632842080000,
  "Images/Success.svg": 1632842080000,
  "Images/Pdf.png": 1632842080000,
  "Images/Excel.png": 1632842080000,
  "index.html": 1645200254000
}