{
  "controller/VendorSurvey.controller.js": 1638856598846,
  "i18n/i18n_zh_CN.properties": 1638780487767,
  "i18n/i18n_uk.properties": 1638780476723,
  "i18n/i18n_ru.properties": 1638780460718,
  "i18n/i18n_zh_TW.properties": 1638780497991,
  "i18n/i18n_pl.properties": 1638780440126,
  "i18n/i18n_ja.properties": 1638780431385,
  "i18n/i18n_iw.properties": 1638780421145,
  "i18n/i18n_it.properties": 1638780408137,
  "i18n/i18n_hu.properties": 1638780396881,
  "i18n/i18n_fr.properties": 1638780382656,
  "i18n/i18n_es.properties": 1638780370120,
  "i18n/i18n_en.properties": 1638780036576,
  "i18n/i18n_de.properties": 1638780357576,
  "i18n/i18n.properties": 1638779986031,
  "controller/BankInfo.controller.js": 1638780545776,
  "model/infoPopoverData.json": 1638262890524,
  "model/errorModel.json": 1638192894190,
  "model/dropDownData.json": 1638778514236,
  "model/dataModel.json": 1636460146809,
  "model/attachmentData.json": 1632717370000,
  "manifest.json": 1638856785296,
  "model/models.js": 1632717370000,
  "formatter/formatter.js": 1636712905344,
  "formatter/ServiceObj.js": 1632717370000,
  "controls/TabbingTable.js": 1638856660019,
  "controller/Welcome.controller.js": 1637829963959,
  "i18n/i18n_pt.properties": 1638780450210,
  "controller/MainView.controller.js": 1632717370000,
  "controller/BaseController.js": 1634716008252,
  "model/visibility.json": 1638794359137,
  "controller/App.controller.js": 1632717370000,
  "Component.js": 1632717370000,
  "manifest-bundle.zip": 1638856781987,
  "Component-preload.js": 1638856784381,
  "controller/App-dbg.controller.js": 1632717370000,
  "formatter/formatter-dbg.js": 1636712905344,
  "formatter/ServiceObj-dbg.js": 1632717370000,
  "controls/TabbingTable-dbg.js": 1638856660019,
  "controller/Welcome-dbg.controller.js": 1637829963959,
  "controller/VendorSurvey-dbg.controller.js": 1638856598846,
  "controller/MainView-dbg.controller.js": 1632717370000,
  "controller/BaseController-dbg.js": 1634716008252,
  "controller/BankInfo-dbg.controller.js": 1638780545776,
  "model/models-dbg.js": 1632717370000,
  "Component-dbg.js": 1632717370000,
  "resources.json": 1638856785302,
  "view/Welcome.view.xml": 1637683617107,
  "view/VendorSurvey.view.xml": 1638349054008,
  "view/MainView.view.xml": 1632717370000,
  "view/BankInfo.view.xml": 1638355190042,
  "view/App.view.xml": 1634799272356,
  "fragments/success.fragment.xml": 1637831589286,
  "fragments/shippingInfo.fragment.xml": 1638175369824,
  "fragments/selectDocType.fragment.xml": 1638259850330,
  "fragments/previewRegForm.fragment.xml": 1638192253816,
  "fragments/ownershipInfo.fragment.xml": 1637683570995,
  "fragments/infoPopover.fragment.xml": 1632717370000,
  "fragments/date.fragment.xml": 1632717370000,
  "fragments/companyProductsAndServices.fragment.xml": 1637740355455,
  "fragments/companyInfo.fragment.xml": 1638349383018,
  "fragments/companyFinInfo.fragment.xml": 1632717370000,
  "fragments/companyCyberSecurityInfo.fragment.xml": 1638264909606,
  "fragments/companyContactInfo.fragment.xml": 1638520980189,
  "fragments/companyCompliance.fragment.xml": 1637683527315,
  "fragments/comment.fragment.xml": 1632717370000,
  "fragments/businessPartnerInfo.fragment.xml": 1638799987184,
  "fragments/bankInfo.fragment.xml": 1638545192522,
  "fragments/CreateSuccessGBS.fragment.xml": 1632717370000,
  "fragments/BankComments.fragment.xml": 1632717370000,
  "formatter/ServiceObj.css": 1632717370000,
  "css/style.css": 1638263117501,
  "Images/word.png": 1632717370000,
  "Images/Success.svg": 1632717370000,
  "Images/Pdf.png": 1632717370000,
  "Images/Excel.png": 1632717370000,
  "index.html": 1632717370000
}