{
  "controller/MainView.controller.js": 1632717370000,
  "i18n/i18n_zh_CN.properties": 1634714139978,
  "i18n/i18n_uk.properties": 1634714125961,
  "i18n/i18n_ru.properties": 1634714105341,
  "i18n/i18n_pt.properties": 1634714094537,
  "i18n/i18n_pl.properties": 1634714083101,
  "i18n/i18n_iw.properties": 1634714070493,
  "i18n/i18n_zh_TW.properties": 1634714157886,
  "i18n/i18n_fr.properties": 1634714045057,
  "i18n/i18n_es.properties": 1634714030529,
  "i18n/i18n_en.properties": 1634713619671,
  "i18n/i18n.properties": 1634713580506,
  "model/infoPopoverData.json": 1632717370000,
  "model/visibility.json": 1633967855155,
  "model/errorModel.json": 1634624520080,
  "model/dropDownData.json": 1632717370000,
  "model/dataModel.json": 1635143128859,
  "model/attachmentData.json": 1632717370000,
  "manifest.json": 1635143473867,
  "model/models.js": 1632717370000,
  "formatter/formatter.js": 1632717370000,
  "formatter/ServiceObj.js": 1632717370000,
  "controls/TabbingTable.js": 1632717370000,
  "controller/Welcome.controller.js": 1633953450910,
  "controller/VendorSurvey.controller.js": 1635143181279,
  "i18n/i18n_hu.properties": 1634714058157,
  "controller/BaseController.js": 1634716008252,
  "controller/BankInfo.controller.js": 1634028563906,
  "controller/App.controller.js": 1632717370000,
  "Component.js": 1632717370000,
  "manifest-bundle.zip": 1635143470613,
  "Component-preload.js": 1635143472969,
  "controls/TabbingTable-dbg.js": 1632717370000,
  "formatter/formatter-dbg.js": 1632717370000,
  "formatter/ServiceObj-dbg.js": 1632717370000,
  "model/models-dbg.js": 1632717370000,
  "controller/Welcome-dbg.controller.js": 1633953450910,
  "controller/VendorSurvey-dbg.controller.js": 1635143181279,
  "controller/MainView-dbg.controller.js": 1632717370000,
  "controller/BaseController-dbg.js": 1634716008252,
  "controller/BankInfo-dbg.controller.js": 1634028563906,
  "controller/App-dbg.controller.js": 1632717370000,
  "Component-dbg.js": 1632717370000,
  "resources.json": 1635143473872,
  "view/Welcome.view.xml": 1633679253637,
  "view/VendorSurvey.view.xml": 1634889668805,
  "view/MainView.view.xml": 1632717370000,
  "view/BankInfo.view.xml": 1634028563906,
  "view/App.view.xml": 1634799272356,
  "fragments/success.fragment.xml": 1632717370000,
  "fragments/shippingInfo.fragment.xml": 1634122354201,
  "fragments/previewRegForm.fragment.xml": 1634890144531,
  "fragments/ownershipInfo.fragment.xml": 1634889668805,
  "fragments/infoPopover.fragment.xml": 1632717370000,
  "fragments/date.fragment.xml": 1632717370000,
  "fragments/companyProductsAndServices.fragment.xml": 1634810657399,
  "fragments/companyInfo.fragment.xml": 1634817748092,
  "fragments/companyFinInfo.fragment.xml": 1632717370000,
  "fragments/companyCyberSecurityInfo.fragment.xml": 1633360246491,
  "fragments/companyContactInfo.fragment.xml": 1633349949936,
  "fragments/companyCompliance.fragment.xml": 1634638163861,
  "fragments/comment.fragment.xml": 1632717370000,
  "fragments/businessPartnerInfo.fragment.xml": 1634109117415,
  "fragments/bankInfo.fragment.xml": 1634889668805,
  "fragments/CreateSuccessGBS.fragment.xml": 1632717370000,
  "fragments/BankComments.fragment.xml": 1632717370000,
  "formatter/ServiceObj.css": 1632717370000,
  "css/style.css": 1634885804488,
  "Images/word.png": 1632717370000,
  "Images/Success.svg": 1632717370000,
  "Images/Pdf.png": 1632717370000,
  "Images/Excel.png": 1632717370000,
  "index.html": 1632717370000
}