{
  "model/models-dbg.js": 1632822280000,
  "i18n/i18n_zh_CN.properties": 1646054137000,
  "i18n/i18n_vi.properties": 1646054137000,
  "i18n/i18n_uk.properties": 1646054137000,
  "i18n/i18n_ru.properties": 1646054137000,
  "i18n/i18n_pt.properties": 1646054137000,
  "i18n/i18n_pl.properties": 1646054137000,
  "i18n/i18n_ja.properties": 1646054137000,
  "i18n/i18n_iw.properties": 1646054137000,
  "i18n/i18n_it.properties": 1646054137000,
  "i18n/i18n_hu.properties": 1646054137000,
  "i18n/i18n_zh_TW.properties": 1646054137000,
  "i18n/i18n_es.properties": 1646054137000,
  "i18n/i18n_en.properties": 1646313367852,
  "i18n/i18n_de.properties": 1646054137000,
  "i18n/i18n.properties": 1646313374148,
  "model/visibility.json": 1646313575585,
  "model/infoPopoverData.json": 1638267126000,
  "model/errorModel.json": 1640150646000,
  "model/dropDownData.json": 1643817231000,
  "model/dataModel.json": 1646313598781,
  "model/attachmentData.json": 1632822280000,
  "manifest.json": 1646377547334,
  "model/models.js": 1632822280000,
  "formatter/formatter.js": 1646313411184,
  "formatter/ServiceObj.js": 1632822280000,
  "controls/TabbingTable.js": 1638856890000,
  "controller/Welcome.controller.js": 1641556473000,
  "controller/VendorSurvey.controller.js": 1646313862555,
  "controller/SupplierFinanceEula.controller.js": 1643971939000,
  "controller/PreviewForm.controller.js": 1643304837000,
  "controller/MainView.controller.js": 1642517393000,
  "controller/BaseController.js": 1645464009000,
  "controller/BankInfo.controller.js": 1645611236000,
  "controller/App.controller.js": 1641900487000,
  "Component.js": 1632822280000,
  "manifest-bundle.zip": 1646377541499,
  "Component-preload.js": 1646377545407,
  "controller/BaseController-dbg.js": 1645464009000,
  "formatter/formatter-dbg.js": 1646313411184,
  "formatter/ServiceObj-dbg.js": 1632822280000,
  "controls/TabbingTable-dbg.js": 1638856890000,
  "controller/Welcome-dbg.controller.js": 1641556473000,
  "controller/VendorSurvey-dbg.controller.js": 1646313862555,
  "controller/SupplierFinanceEula-dbg.controller.js": 1643971939000,
  "controller/PreviewForm-dbg.controller.js": 1643304837000,
  "controller/MainView-dbg.controller.js": 1642517393000,
  "i18n/i18n_fr.properties": 1646054137000,
  "controller/BankInfo-dbg.controller.js": 1645611236000,
  "controller/App-dbg.controller.js": 1641900487000,
  "Component-dbg.js": 1632822280000,
  "resources.json": 1646377547349,
  "view/Welcome.view.xml": 1643968144000,
  "view/VendorSurvey.view.xml": 1645422081000,
  "view/SupplierFinanceEula.view.xml": 1645013820000,
  "view/PreviewForm.view.xml": 1644240516000,
  "view/MainView.view.xml": 1632822280000,
  "view/BankInfo.view.xml": 1645604670000,
  "view/App.view.xml": 1634830135000,
  "fragments/success.fragment.xml": 1637836350000,
  "fragments/shippingInfo.fragment.xml": 1645422812000,
  "fragments/selectDocTypeBank.fragment.xml": 1645466396000,
  "fragments/selectDocType.fragment.xml": 1643637437000,
  "fragments/selectDocNameForLocDoc.fragment.xml": 1643637437000,
  "fragments/previewRegForm.fragment.xml": 1644391858000,
  "fragments/ownershipInfo.fragment.xml": 1645422758000,
  "fragments/infoPopover.fragment.xml": 1632822280000,
  "fragments/date.fragment.xml": 1632822280000,
  "fragments/companyProductsAndServices.fragment.xml": 1645422659000,
  "fragments/companyInfo.fragment.xml": 1645424052000,
  "fragments/companyFinInfo.fragment.xml": 1645422608000,
  "fragments/companyCyberSecurityInfo.fragment.xml": 1645422587000,
  "fragments/companyContactInfo.fragment.xml": 1646116376000,
  "fragments/companyCompliance.fragment.xml": 1645422525000,
  "fragments/comment.fragment.xml": 1632822280000,
  "fragments/businessPartnerInfo.fragment.xml": 1645422443000,
  "fragments/bankInfo.fragment.xml": 1646315388331,
  "fragments/CreateSuccessGBS.fragment.xml": 1643979460000,
  "fragments/BankComments.fragment.xml": 1645086918000,
  "formatter/ServiceObj.css": 1632822280000,
  "files/Jabil_SupplierPortal_EULA.pdf": 1641463615000,
  "css/style.css": 1646315450463,
  "Images/word.png": 1632822280000,
  "Images/Success.svg": 1632822280000,
  "Images/Pdf.png": 1632822280000,
  "Images/Excel.png": 1632822280000,
  "index.html": 1645180453000
}