{
  "i18n/i18n_es.properties": 1635854682003,
  "i18n/i18n_zh_CN.properties": 1635854682027,
  "i18n/i18n_uk.properties": 1635854682023,
  "i18n/i18n_ru.properties": 1635854682023,
  "i18n/i18n_zh_TW.properties": 1635854682027,
  "i18n/i18n_pl.properties": 1635854682015,
  "i18n/i18n_iw.properties": 1635854682015,
  "i18n/i18n_hu.properties": 1635854682007,
  "i18n/i18n_fr.properties": 1635854682007,
  "i18n/i18n_pt.properties": 1635854682019,
  "i18n/i18n_en.properties": 1635854682003,
  "i18n/i18n.properties": 1635854682003,
  "controller/App.controller.js": 1632822280246,
  "model/infoPopoverData.json": 1632822280254,
  "model/errorModel.json": 1634724186739,
  "model/dropDownData.json": 1632822280254,
  "model/dataModel.json": 1635488586975,
  "model/attachmentData.json": 1632822280254,
  "manifest.json": 1635864262505,
  "model/models.js": 1632822280258,
  "formatter/formatter.js": 1635854681995,
  "formatter/ServiceObj.js": 1632822280250,
  "controls/TabbingTable.js": 1632822280250,
  "controller/Welcome.controller.js": 1635864169854,
  "controller/VendorSurvey.controller.js": 1635864169854,
  "controller/MainView.controller.js": 1632822280250,
  "controller/BaseController.js": 1634724186723,
  "controller/BankInfo.controller.js": 1634016445802,
  "model/visibility.json": 1635864169858,
  "Component.js": 1632822280246,
  "manifest-bundle.zip": 1635864257775,
  "Component-preload.js": 1635864261217,
  "controller/App-dbg.controller.js": 1632822280246,
  "controller/VendorSurvey-dbg.controller.js": 1635864169854,
  "controller/MainView-dbg.controller.js": 1632822280250,
  "controller/BaseController-dbg.js": 1634724186723,
  "controller/BankInfo-dbg.controller.js": 1634016445802,
  "controller/Welcome-dbg.controller.js": 1635864169854,
  "model/models-dbg.js": 1632822280258,
  "formatter/formatter-dbg.js": 1635854681995,
  "formatter/ServiceObj-dbg.js": 1632822280250,
  "controls/TabbingTable-dbg.js": 1632822280250,
  "Component-dbg.js": 1632822280246,
  "resources.json": 1635864262516,
  "view/Welcome.view.xml": 1635864169858,
  "view/VendorSurvey.view.xml": 1635838871227,
  "view/MainView.view.xml": 1632822280258,
  "view/BankInfo.view.xml": 1634016334299,
  "view/App.view.xml": 1634830135041,
  "fragments/success.fragment.xml": 1632822280254,
  "fragments/shippingInfo.fragment.xml": 1635838871223,
  "fragments/previewRegForm.fragment.xml": 1635132256749,
  "fragments/ownershipInfo.fragment.xml": 1635838871223,
  "fragments/infoPopover.fragment.xml": 1632822280250,
  "fragments/date.fragment.xml": 1632822280250,
  "fragments/companyProductsAndServices.fragment.xml": 1634830135041,
  "fragments/companyInfo.fragment.xml": 1635838871219,
  "fragments/companyFinInfo.fragment.xml": 1632822280250,
  "fragments/companyCyberSecurityInfo.fragment.xml": 1635838871219,
  "fragments/companyContactInfo.fragment.xml": 1635838871215,
  "fragments/companyCompliance.fragment.xml": 1635838871215,
  "fragments/comment.fragment.xml": 1632822280250,
  "fragments/businessPartnerInfo.fragment.xml": 1635838871211,
  "fragments/bankInfo.fragment.xml": 1635864169858,
  "fragments/CreateSuccessGBS.fragment.xml": 1632822280250,
  "fragments/BankComments.fragment.xml": 1632822280250,
  "formatter/ServiceObj.css": 1632822280250,
  "css/style.css": 1635864169854,
  "Images/word.png": 1632822280246,
  "Images/Success.svg": 1632822280246,
  "Images/Pdf.png": 1632822280246,
  "Images/Excel.png": 1632822280246,
  "index.html": 1632822280254
}