{
  "i18n/i18n_fr.properties": 1634025022239,
  "i18n/i18n_zh_CN.properties": 1634028544621,
  "i18n/i18n_uk.properties": 1634025090927,
  "i18n/i18n_zh_TW.properties": 1634025126143,
  "i18n/i18n_pt.properties": 1634028524381,
  "i18n/i18n_pl.properties": 1634025057407,
  "i18n/i18n_iw.properties": 1634025046815,
  "i18n/i18n_hu.properties": 1634025034231,
  "i18n/i18n_ru.properties": 1634025079523,
  "i18n/i18n_es.properties": 1634025008467,
  "i18n/i18n_en.properties": 1634028563970,
  "i18n/i18n.properties": 1634028563970,
  "formatter/formatter.js": 1632717370000,
  "model/infoPopoverData.json": 1632717370000,
  "model/errorModel.json": 1633361331448,
  "model/dropDownData.json": 1632717370000,
  "model/dataModel.json": 1633950653453,
  "model/attachmentData.json": 1632717370000,
  "manifest.json": 1634046473626,
  "model/models.js": 1632717370000,
  "model/visibility.json": 1633967855155,
  "formatter/ServiceObj.js": 1632717370000,
  "controls/TabbingTable.js": 1632717370000,
  "controller/Welcome.controller.js": 1633953450910,
  "controller/VendorSurvey.controller.js": 1634046279663,
  "controller/MainView.controller.js": 1632717370000,
  "controller/BaseController.js": 1632717370000,
  "controller/BankInfo.controller.js": 1634028563906,
  "controller/App.controller.js": 1632717370000,
  "Component.js": 1632717370000,
  "manifest-bundle.zip": 1634046470848,
  "Component-preload.js": 1634046472808,
  "controls/TabbingTable-dbg.js": 1632717370000,
  "formatter/formatter-dbg.js": 1632717370000,
  "formatter/ServiceObj-dbg.js": 1632717370000,
  "model/models-dbg.js": 1632717370000,
  "controller/Welcome-dbg.controller.js": 1633953450910,
  "controller/VendorSurvey-dbg.controller.js": 1634046279663,
  "controller/MainView-dbg.controller.js": 1632717370000,
  "controller/BaseController-dbg.js": 1632717370000,
  "controller/BankInfo-dbg.controller.js": 1634028563906,
  "controller/App-dbg.controller.js": 1632717370000,
  "Component-dbg.js": 1632717370000,
  "resources.json": 1634046473631,
  "view/Welcome.view.xml": 1633679253637,
  "view/VendorSurvey.view.xml": 1634028563906,
  "view/MainView.view.xml": 1632717370000,
  "view/BankInfo.view.xml": 1634028563906,
  "view/App.view.xml": 1632717370000,
  "fragments/success.fragment.xml": 1632717370000,
  "fragments/shippingInfo.fragment.xml": 1633966881659,
  "fragments/previewRegForm.fragment.xml": 1633966528943,
  "fragments/ownershipInfo.fragment.xml": 1633937253938,
  "fragments/infoPopover.fragment.xml": 1632717370000,
  "fragments/date.fragment.xml": 1632717370000,
  "fragments/companyProductsAndServices.fragment.xml": 1633355032744,
  "fragments/companyInfo.fragment.xml": 1634039528468,
  "fragments/companyFinInfo.fragment.xml": 1632717370000,
  "fragments/companyCyberSecurityInfo.fragment.xml": 1633360246491,
  "fragments/companyContactInfo.fragment.xml": 1633349949936,
  "fragments/companyCompliance.fragment.xml": 1633966576868,
  "fragments/comment.fragment.xml": 1632717370000,
  "fragments/businessPartnerInfo.fragment.xml": 1634028563906,
  "fragments/bankInfo.fragment.xml": 1634026961741,
  "fragments/CreateSuccessGBS.fragment.xml": 1632717370000,
  "fragments/BankComments.fragment.xml": 1632717370000,
  "formatter/ServiceObj.css": 1632717370000,
  "css/style.css": 1634028563906,
  "Images/word.png": 1632717370000,
  "Images/Success.svg": 1632717370000,
  "Images/Pdf.png": 1632717370000,
  "Images/Excel.png": 1632717370000,
  "index.html": 1632717370000
}