{
  "i18n/i18n_iw.properties": 1634017945491,
  "i18n/i18n_zh_CN.properties": 1634017945491,
  "i18n/i18n_uk.properties": 1634017945491,
  "i18n/i18n_ru.properties": 1634017945491,
  "i18n/i18n_pt.properties": 1634017945491,
  "i18n/i18n_pl.properties": 1634017945491,
  "i18n/i18n_hu.properties": 1634017945491,
  "i18n/i18n_zh_TW.properties": 1634017945491,
  "i18n/i18n_fr.properties": 1634017945491,
  "i18n/i18n_es.properties": 1634017945491,
  "i18n/i18n_en.properties": 1634017945487,
  "i18n/i18n.properties": 1634017945487,
  "Component.js": 1632915884686,
  "model/infoPopoverData.json": 1632915884698,
  "model/errorModel.json": 1633514397093,
  "model/dropDownData.json": 1632915884698,
  "model/dataModel.json": 1634017945491,
  "model/attachmentData.json": 1632915884698,
  "manifest.json": 1634018642021,
  "model/models.js": 1632915884698,
  "formatter/formatter.js": 1632915884694,
  "formatter/ServiceObj.js": 1632915884694,
  "controls/TabbingTable.js": 1632915884690,
  "controller/Welcome.controller.js": 1634017945487,
  "controller/VendorSurvey.controller.js": 1634018426317,
  "controller/MainView.controller.js": 1632915884690,
  "controller/BaseController.js": 1632915884690,
  "controller/BankInfo.controller.js": 1634017945487,
  "controller/App.controller.js": 1632915884690,
  "model/visibility.json": 1634017945491,
  "manifest-bundle.zip": 1634018638940,
  "Component-preload.js": 1634018641179,
  "model/models-dbg.js": 1632915884698,
  "formatter/formatter-dbg.js": 1632915884694,
  "formatter/ServiceObj-dbg.js": 1632915884694,
  "controls/TabbingTable-dbg.js": 1632915884690,
  "controller/Welcome-dbg.controller.js": 1634017945487,
  "controller/VendorSurvey-dbg.controller.js": 1634018426317,
  "controller/MainView-dbg.controller.js": 1632915884690,
  "controller/BaseController-dbg.js": 1632915884690,
  "controller/BankInfo-dbg.controller.js": 1634017945487,
  "controller/App-dbg.controller.js": 1632915884690,
  "Component-dbg.js": 1632915884686,
  "resources.json": 1634018642026,
  "view/Welcome.view.xml": 1634017945491,
  "view/VendorSurvey.view.xml": 1634018509522,
  "view/MainView.view.xml": 1632915884698,
  "view/BankInfo.view.xml": 1634017945491,
  "view/App.view.xml": 1632915884698,
  "fragments/success.fragment.xml": 1632915884694,
  "fragments/shippingInfo.fragment.xml": 1634017945487,
  "fragments/previewRegForm.fragment.xml": 1634017945487,
  "fragments/ownershipInfo.fragment.xml": 1634017945487,
  "fragments/infoPopover.fragment.xml": 1632915884694,
  "fragments/date.fragment.xml": 1632915884694,
  "fragments/companyProductsAndServices.fragment.xml": 1633514397093,
  "fragments/companyInfo.fragment.xml": 1634018459205,
  "fragments/companyFinInfo.fragment.xml": 1632915884694,
  "fragments/companyCyberSecurityInfo.fragment.xml": 1633514397089,
  "fragments/companyContactInfo.fragment.xml": 1633514397089,
  "fragments/companyCompliance.fragment.xml": 1634017945487,
  "fragments/comment.fragment.xml": 1632915884694,
  "fragments/businessPartnerInfo.fragment.xml": 1634017945519,
  "fragments/bankInfo.fragment.xml": 1634017945487,
  "fragments/CreateSuccessGBS.fragment.xml": 1632915884694,
  "fragments/BankComments.fragment.xml": 1632915884694,
  "formatter/ServiceObj.css": 1632915884690,
  "css/style.css": 1634017945487,
  "Images/word.png": 1632915884690,
  "Images/Success.svg": 1632915884690,
  "Images/Pdf.png": 1632915884686,
  "Images/Excel.png": 1632915884686,
  "index.html": 1632915884698
}