{
  "controller/BankInfo.controller.js": 1642591306119,
  "i18n/i18n_zh_CN.properties": 1642073202123,
  "i18n/i18n_uk.properties": 1642073202123,
  "i18n/i18n_ru.properties": 1642073202119,
  "i18n/i18n_pt.properties": 1642073202119,
  "i18n/i18n_zh_TW.properties": 1642073202127,
  "i18n/i18n_ja.properties": 1642073202115,
  "i18n/i18n_iw.properties": 1642073202107,
  "i18n/i18n_it.properties": 1642073202107,
  "i18n/i18n_hu.properties": 1642073202103,
  "i18n/i18n_fr.properties": 1642073202103,
  "i18n/i18n_es.properties": 1642073202091,
  "i18n/i18n_en.properties": 1642507231593,
  "i18n/i18n_de.properties": 1642073202087,
  "i18n/i18n.properties": 1642507231593,
  "controller/VendorSurvey.controller.js": 1643303102801,
  "model/infoPopoverData.json": 1638267126180,
  "model/errorModel.json": 1640150646591,
  "model/dropDownData.json": 1640268614957,
  "model/dataModel.json": 1639991207581,
  "model/attachmentData.json": 1632822280254,
  "manifest.json": 1643356790430,
  "model/models.js": 1632822280258,
  "formatter/formatter.js": 1640150646559,
  "formatter/ServiceObj.js": 1632822280250,
  "controls/TabbingTable.js": 1638856890236,
  "controller/Welcome.controller.js": 1641556473923,
  "model/visibility.json": 1638856890240,
  "controller/SupplierFinanceEula.controller.js": 1642581702543,
  "controller/PreviewForm.controller.js": 1643304837554,
  "controller/MainView.controller.js": 1642517393707,
  "controller/BaseController.js": 1640268614937,
  "i18n/i18n_pl.properties": 1642073202115,
  "controller/App.controller.js": 1641900487785,
  "Component.js": 1632822280246,
  "manifest-bundle.zip": 1643356785141,
  "Component-preload.js": 1643356788690,
  "controls/TabbingTable-dbg.js": 1638856890236,
  "formatter/formatter-dbg.js": 1640150646559,
  "formatter/ServiceObj-dbg.js": 1632822280250,
  "model/models-dbg.js": 1632822280258,
  "controller/Welcome-dbg.controller.js": 1641556473923,
  "controller/VendorSurvey-dbg.controller.js": 1643303102801,
  "controller/SupplierFinanceEula-dbg.controller.js": 1642581702543,
  "controller/PreviewForm-dbg.controller.js": 1643304837554,
  "controller/MainView-dbg.controller.js": 1642517393707,
  "controller/BaseController-dbg.js": 1640268614937,
  "controller/BankInfo-dbg.controller.js": 1642591306119,
  "controller/App-dbg.controller.js": 1641900487785,
  "Component-dbg.js": 1632822280246,
  "resources.json": 1643356790446,
  "view/Welcome.view.xml": 1642516011300,
  "view/VendorSurvey.view.xml": 1642489997967,
  "view/SupplierFinanceEula.view.xml": 1642516038852,
  "view/PreviewForm.view.xml": 1641904313163,
  "view/MainView.view.xml": 1632822280258,
  "view/BankInfo.view.xml": 1641995786364,
  "view/App.view.xml": 1634830135041,
  "fragments/success.fragment.xml": 1637836350803,
  "fragments/shippingInfo.fragment.xml": 1642489997967,
  "fragments/selectDocType.fragment.xml": 1642489997967,
  "fragments/selectDocNameForLocDoc.fragment.xml": 1642489997967,
  "fragments/previewRegForm.fragment.xml": 1642572833557,
  "fragments/ownershipInfo.fragment.xml": 1640150646571,
  "fragments/infoPopover.fragment.xml": 1632822280250,
  "fragments/date.fragment.xml": 1632822280250,
  "fragments/companyProductsAndServices.fragment.xml": 1637745003789,
  "fragments/companyInfo.fragment.xml": 1642489997963,
  "fragments/companyFinInfo.fragment.xml": 1632822280250,
  "fragments/companyCyberSecurityInfo.fragment.xml": 1642838830384,
  "fragments/companyContactInfo.fragment.xml": 1638351177265,
  "fragments/companyCompliance.fragment.xml": 1639635737268,
  "fragments/comment.fragment.xml": 1632822280250,
  "fragments/businessPartnerInfo.fragment.xml": 1642489997963,
  "fragments/bankInfo.fragment.xml": 1642489997963,
  "fragments/CreateSuccessGBS.fragment.xml": 1632822280250,
  "fragments/BankComments.fragment.xml": 1632822280250,
  "formatter/ServiceObj.css": 1632822280250,
  "files/Jabil_SupplierPortal_EULA.pdf": 1641463615161,
  "css/style.css": 1641196797834,
  "Images/word.png": 1632822280246,
  "Images/Success.svg": 1632822280246,
  "Images/Pdf.png": 1632822280246,
  "Images/Excel.png": 1632822280246,
  "index.html": 1632822280254
}