{
  "i18n/i18n_en.properties": 1632987086631,
  "i18n/i18n_zh_CN.properties": 1632987804321,
  "i18n/i18n_uk.properties": 1632987765933,
  "i18n/i18n_ru.properties": 1632987755317,
  "i18n/i18n_zh_TW.properties": 1632987816429,
  "i18n/i18n_pl.properties": 1632987731053,
  "i18n/i18n_iw.properties": 1632987718721,
  "i18n/i18n_hu.properties": 1632987707905,
  "i18n/i18n_fr.properties": 1632987694277,
  "i18n/i18n_es.properties": 1632987679381,
  "i18n/i18n_pt.properties": 1632987743969,
  "i18n/i18n.properties": 1632987061999,
  "manifest.json": 1633085572982,
  "model/infoPopoverData.json": 1632717370000,
  "model/errorModel.json": 1632717370000,
  "model/dropDownData.json": 1632717370000,
  "model/dataModel.json": 1632842643964,
  "model/attachmentData.json": 1632717370000,
  "model/visibility.json": 1632844091601,
  "model/models.js": 1632717370000,
  "formatter/formatter.js": 1632717370000,
  "formatter/ServiceObj.js": 1632717370000,
  "controls/TabbingTable.js": 1632717370000,
  "controller/Welcome.controller.js": 1633005391748,
  "controller/VendorSurvey.controller.js": 1633085480802,
  "controller/MainView.controller.js": 1632717370000,
  "controller/BaseController.js": 1632717370000,
  "controller/BankInfo.controller.js": 1633085511582,
  "controller/App.controller.js": 1632717370000,
  "Component.js": 1632717370000,
  "manifest-bundle.zip": 1633085570040,
  "Component-preload.js": 1633085572154,
  "formatter/formatter-dbg.js": 1632717370000,
  "model/models-dbg.js": 1632717370000,
  "formatter/ServiceObj-dbg.js": 1632717370000,
  "controls/TabbingTable-dbg.js": 1632717370000,
  "controller/Welcome-dbg.controller.js": 1633005391748,
  "controller/VendorSurvey-dbg.controller.js": 1633085480802,
  "controller/MainView-dbg.controller.js": 1632717370000,
  "controller/BaseController-dbg.js": 1632717370000,
  "controller/BankInfo-dbg.controller.js": 1633085511582,
  "controller/App-dbg.controller.js": 1632717370000,
  "Component-dbg.js": 1632717370000,
  "resources.json": 1633085572989,
  "view/Welcome.view.xml": 1632717370000,
  "view/VendorSurvey.view.xml": 1633070879394,
  "view/MainView.view.xml": 1632717370000,
  "view/BankInfo.view.xml": 1632844091601,
  "view/App.view.xml": 1632717370000,
  "fragments/success.fragment.xml": 1632717370000,
  "fragments/shippingInfo.fragment.xml": 1632994899825,
  "fragments/previewRegForm.fragment.xml": 1633078204734,
  "fragments/poc.fragment.xml": 1632717370000,
  "fragments/ownershipInfo.fragment.xml": 1633069858514,
  "fragments/infoPopover.fragment.xml": 1632717370000,
  "fragments/date.fragment.xml": 1632717370000,
  "fragments/companyProductsAndServices.fragment.xml": 1633070879354,
  "fragments/companyInfo.fragment.xml": 1632922535343,
  "fragments/companyFinInfo.fragment.xml": 1632717370000,
  "fragments/companyCyberSecurityInfo.fragment.xml": 1633069707510,
  "fragments/companyContactInfo.fragment.xml": 1632717370000,
  "fragments/companyCompliance.fragment.xml": 1633069653826,
  "fragments/comment.fragment.xml": 1632717370000,
  "fragments/businessPartnerInfo.fragment.xml": 1633069618118,
  "fragments/bankInfo.fragment.xml": 1632996233448,
  "fragments/CreateSuccessGBS.fragment.xml": 1632717370000,
  "fragments/BankComments.fragment.xml": 1632717370000,
  "formatter/ServiceObj.css": 1632717370000,
  "css/style.css": 1632989797145,
  "Images/word.png": 1632717370000,
  "Images/Success.svg": 1632717370000,
  "Images/Pdf.png": 1632717370000,
  "Images/Excel.png": 1632717370000,
  "index.html": 1632717370000
}