{
  "formatter/formatter-dbg.js": 1636884044686,
  "i18n/i18n_zh_CN.properties": 1638169347078,
  "i18n/i18n_uk.properties": 1638169347074,
  "i18n/i18n_ru.properties": 1638169347074,
  "i18n/i18n_zh_TW.properties": 1638169347078,
  "i18n/i18n_pl.properties": 1638169347070,
  "i18n/i18n_ja.properties": 1638169347066,
  "i18n/i18n_iw.properties": 1638169347066,
  "i18n/i18n_it.properties": 1638169347062,
  "i18n/i18n_hu.properties": 1638169347062,
  "i18n/i18n_fr.properties": 1638169347058,
  "i18n/i18n_es.properties": 1638169347058,
  "i18n/i18n_en.properties": 1638169347054,
  "i18n/i18n_de.properties": 1638169347054,
  "i18n/i18n.properties": 1638169347050,
  "formatter/ServiceObj.js": 1632822280250,
  "model/infoPopoverData.json": 1632822280254,
  "model/errorModel.json": 1634724186739,
  "model/dropDownData.json": 1637663082656,
  "model/dataModel.json": 1636470281474,
  "model/attachmentData.json": 1632822280254,
  "manifest.json": 1638173098766,
  "model/models.js": 1632822280258,
  "formatter/formatter.js": 1636884044686,
  "model/visibility.json": 1636884044690,
  "controls/TooltipRenderer.js": 1637925703977,
  "controls/Tooltip.js": 1637925703977,
  "controls/TabbingTable.js": 1632822280250,
  "controller/Welcome.controller.js": 1637836350799,
  "controller/VendorSurvey.controller.js": 1638169347042,
  "controller/MainView.controller.js": 1632822280250,
  "controller/BaseController.js": 1634724186723,
  "controller/BankInfo.controller.js": 1637235134671,
  "controller/App.controller.js": 1632822280246,
  "Component.js": 1632822280246,
  "manifest-bundle.zip": 1638173095415,
  "Component-preload.js": 1638173097740,
  "controller/App-dbg.controller.js": 1632822280246,
  "i18n/i18n_pt.properties": 1638169347070,
  "formatter/ServiceObj-dbg.js": 1632822280250,
  "controls/TooltipRenderer-dbg.js": 1637925703977,
  "controls/Tooltip-dbg.js": 1637925703977,
  "controls/TabbingTable-dbg.js": 1632822280250,
  "controller/Welcome-dbg.controller.js": 1637836350799,
  "controller/VendorSurvey-dbg.controller.js": 1638169347042,
  "controller/MainView-dbg.controller.js": 1632822280250,
  "controller/BaseController-dbg.js": 1634724186723,
  "controller/BankInfo-dbg.controller.js": 1637235134671,
  "model/models-dbg.js": 1632822280258,
  "Component-dbg.js": 1632822280246,
  "resources.json": 1638173098772,
  "view/Welcome.view.xml": 1637735376677,
  "view/VendorSurvey.view.xml": 1637735376677,
  "view/MainView.view.xml": 1632822280258,
  "view/BankInfo.view.xml": 1636619681932,
  "view/App.view.xml": 1634830135041,
  "fragments/success.fragment.xml": 1637836350803,
  "fragments/shippingInfo.fragment.xml": 1637735376677,
  "fragments/selectDocType.fragment.xml": 1638169347050,
  "fragments/previewRegForm.fragment.xml": 1637771858910,
  "fragments/ownershipInfo.fragment.xml": 1637735376673,
  "fragments/infoPopover.fragment.xml": 1632822280250,
  "fragments/date.fragment.xml": 1632822280250,
  "fragments/companyProductsAndServices.fragment.xml": 1637745003789,
  "fragments/companyInfo.fragment.xml": 1636441475204,
  "fragments/companyFinInfo.fragment.xml": 1632822280250,
  "fragments/companyCyberSecurityInfo.fragment.xml": 1637735376673,
  "fragments/companyContactInfo.fragment.xml": 1637925703981,
  "fragments/companyCompliance.fragment.xml": 1637735376669,
  "fragments/comment.fragment.xml": 1632822280250,
  "fragments/businessPartnerInfo.fragment.xml": 1638169347046,
  "fragments/bankInfo.fragment.xml": 1638169347046,
  "fragments/CreateSuccessGBS.fragment.xml": 1632822280250,
  "fragments/BankComments.fragment.xml": 1632822280250,
  "formatter/ServiceObj.css": 1632822280250,
  "css/style.css": 1638169347042,
  "Images/word.png": 1632822280246,
  "Images/Success.svg": 1632822280246,
  "Images/Pdf.png": 1632822280246,
  "Images/Excel.png": 1632822280246,
  "index.html": 1632822280254
}