{
  "view/BankInfo.view.xml": 1650963229609,
  "i18n/i18n_zh_CN.properties": 1650963229549,
  "i18n/i18n_vi.properties": 1650963229549,
  "i18n/i18n_zh_TW.properties": 1650963229549,
  "i18n/i18n_ru.properties": 1650963229545,
  "i18n/i18n_pt.properties": 1650963229541,
  "i18n/i18n_pl.properties": 1650963229541,
  "i18n/i18n_ja.properties": 1650963229541,
  "i18n/i18n_iw.properties": 1650963229537,
  "i18n/i18n_it.properties": 1650963229537,
  "i18n/i18n_hu.properties": 1650963229533,
  "i18n/i18n_fr.properties": 1650963229533,
  "i18n/i18n_es.properties": 1650963229501,
  "i18n/i18n_en.properties": 1651656717751,
  "i18n/i18n_de.properties": 1650963229497,
  "i18n/i18n.properties": 1651656640959,
  "model/errorModel.json": 1650963229577,
  "model/infoPopoverData.json": 1650957391786,
  "model/visibility.json": 1650963229589,
  "model/dropDownData.json": 1650957391786,
  "model/dataModel.json": 1650963229565,
  "model/attachmentData.json": 1650963229553,
  "manifest.json": 1653655798648,
  "model/models.js": 1650963229577,
  "formatter/formatter.js": 1650963229297,
  "formatter/ServiceObj.js": 1650963229277,
  "controls/TabbingTable.js": 1650957391770,
  "controller/Welcome.controller.js": 1650957391770,
  "controller/VendorSurvey.controller.js": 1653655350541,
  "controller/SupplierFinanceEula.controller.js": 1650963229245,
  "controller/PreviewForm.controller.js": 1650963229233,
  "controller/MainView.controller.js": 1650957391762,
  "controller/BaseController.js": 1650963229213,
  "controller/BankInfoRemit.controller.js": 1650963229205,
  "controller/BankInfo.controller.js": 1650963229201,
  "controller/App.controller.js": 1650957391762,
  "Component.js": 1650963229185,
  "manifest-bundle.zip": 1653655786732,
  "Component-preload.js": 1653655793985,
  "controller/App-dbg.controller.js": 1650957391762,
  "controls/TabbingTable-dbg.js": 1650957391770,
  "formatter/formatter-dbg.js": 1650963229297,
  "formatter/ServiceObj-dbg.js": 1650963229277,
  "controller/Welcome-dbg.controller.js": 1650957391770,
  "controller/VendorSurvey-dbg.controller.js": 1653655350541,
  "controller/SupplierFinanceEula-dbg.controller.js": 1650963229245,
  "controller/PreviewForm-dbg.controller.js": 1650963229233,
  "controller/MainView-dbg.controller.js": 1650957391762,
  "controller/BaseController-dbg.js": 1650963229213,
  "controller/BankInfoRemit-dbg.controller.js": 1650963229205,
  "controller/BankInfo-dbg.controller.js": 1650963229201,
  "model/models-dbg.js": 1650963229577,
  "Component-dbg.js": 1650963229185,
  "resources.json": 1653655798661,
  "view/Welcome.view.xml": 1650963229617,
  "view/VendorSurvey.view.xml": 1650963229613,
  "view/SupplierFinanceEula.view.xml": 1650963229613,
  "view/PreviewForm.view.xml": 1650963229609,
  "view/MainView.view.xml": 1650963229609,
  "view/BankInfoRemit.view.xml": 1650963229609,
  "i18n/i18n_uk.properties": 1650963229549,
  "view/App.view.xml": 1650957391786,
  "fragments/success.fragment.xml": 1650957391778,
  "fragments/shippingInfo.fragment.xml": 1650963229465,
  "fragments/selectDocTypeBankRemit.fragment.xml": 1650963229465,
  "fragments/selectDocTypeBank.fragment.xml": 1650963229465,
  "fragments/selectDocType.fragment.xml": 1650963229465,
  "fragments/selectDocNameForLocDoc.fragment.xml": 1650963229457,
  "fragments/previewRegForm.fragment.xml": 1650963229457,
  "fragments/ownershipInfo.fragment.xml": 1650963229457,
  "fragments/infoPopover.fragment.xml": 1650963229453,
  "fragments/date.fragment.xml": 1650963229453,
  "fragments/companyProductsAndServices.fragment.xml": 1650963229453,
  "fragments/companyInfo.fragment.xml": 1650963229449,
  "fragments/companyFinInfo.fragment.xml": 1650963229449,
  "fragments/companyCyberSecurityInfo.fragment.xml": 1650963229449,
  "fragments/companyContactInfo.fragment.xml": 1650963229449,
  "fragments/companyCompliance.fragment.xml": 1650963229413,
  "fragments/comment.fragment.xml": 1650963229389,
  "fragments/businessPartnerInfo.fragment.xml": 1650963229389,
  "fragments/bankInfoRemit.fragment.xml": 1650963229377,
  "fragments/bankInfo.fragment.xml": 1650963229373,
  "fragments/CreateSuccessGBS.fragment.xml": 1650963229301,
  "fragments/BankComments.fragment.xml": 1650963229297,
  "formatter/ServiceObj.css": 1650963229277,
  "files/Jabil_SupplierPortal_EULA.pdf": 1650957391770,
  "css/style.css": 1650963229277,
  "Images/word.png": 1650963229185,
  "Images/Success.svg": 1650963229185,
  "Images/Pdf.png": 1650963229185,
  "Images/Excel.png": 1650963229185,
  "index.html": 1650963229549
}