{
  "i18n/i18n_fr.properties": 1639119553128,
  "i18n/i18n_zh_CN.properties": 1639119553140,
  "i18n/i18n_uk.properties": 1639119553128,
  "i18n/i18n_zh_TW.properties": 1639119553140,
  "i18n/i18n_pt.properties": 1639119553128,
  "i18n/i18n_pl.properties": 1639119553128,
  "i18n/i18n_ja.properties": 1639119553128,
  "i18n/i18n_iw.properties": 1639119553128,
  "i18n/i18n_it.properties": 1639119553128,
  "i18n/i18n_hu.properties": 1639119553128,
  "i18n/i18n_ru.properties": 1639119553128,
  "i18n/i18n_es.properties": 1639119553124,
  "i18n/i18n_en.properties": 1640256741013,
  "i18n/i18n_de.properties": 1639119553124,
  "i18n/i18n.properties": 1640256721277,
  "model/models.js": 1634882534084,
  "model/infoPopoverData.json": 1638339605448,
  "model/errorModel.json": 1640165793373,
  "model/dropDownData.json": 1640250749309,
  "model/dataModel.json": 1640090573658,
  "model/attachmentData.json": 1634882534084,
  "manifest.json": 1641462802920,
  "model/visibility.json": 1640249896725,
  "formatter/formatter.js": 1640165793369,
  "formatter/ServiceObj.js": 1634882534076,
  "controls/TabbingTable.js": 1638860438991,
  "controller/Welcome.controller.js": 1641461897889,
  "controller/VendorSurvey.controller.js": 1641462662184,
  "controller/MainView.controller.js": 1640257627198,
  "controller/BaseController.js": 1640257627198,
  "controller/BankInfo.controller.js": 1638781515177,
  "controller/App.controller.js": 1634882534064,
  "Component.js": 1634882534060,
  "manifest-bundle.zip": 1641462798900,
  "Component-preload.js": 1641462801845,
  "controller/BankInfo-dbg.controller.js": 1638781515177,
  "formatter/formatter-dbg.js": 1640165793369,
  "formatter/ServiceObj-dbg.js": 1634882534076,
  "controls/TabbingTable-dbg.js": 1638860438991,
  "controller/Welcome-dbg.controller.js": 1641461897889,
  "controller/VendorSurvey-dbg.controller.js": 1641462662184,
  "controller/MainView-dbg.controller.js": 1640257627198,
  "controller/BaseController-dbg.js": 1640257627198,
  "model/models-dbg.js": 1634882534084,
  "controller/App-dbg.controller.js": 1634882534064,
  "Component-dbg.js": 1634882534060,
  "resources.json": 1641462802925,
  "view/Welcome.view.xml": 1641461950766,
  "view/VendorSurvey.view.xml": 1641461402362,
  "view/MainView.view.xml": 1634882534084,
  "view/BankInfo.view.xml": 1640090573658,
  "view/App.view.xml": 1634882534084,
  "fragments/success.fragment.xml": 1637841458232,
  "fragments/shippingInfo.fragment.xml": 1641459047822,
  "fragments/selectDocType.fragment.xml": 1640165793373,
  "fragments/selectDocNameForLocDoc.fragment.xml": 1640165793373,
  "fragments/previewRegForm.fragment.xml": 1641462662184,
  "fragments/ownershipInfo.fragment.xml": 1640007325439,
  "fragments/infoPopover.fragment.xml": 1634882534076,
  "fragments/date.fragment.xml": 1634882534076,
  "fragments/companyProductsAndServices.fragment.xml": 1637747501802,
  "fragments/companyInfo.fragment.xml": 1639566598369,
  "fragments/companyFinInfo.fragment.xml": 1634882534076,
  "fragments/companyCyberSecurityInfo.fragment.xml": 1637747501802,
  "fragments/companyContactInfo.fragment.xml": 1638343880860,
  "fragments/companyCompliance.fragment.xml": 1639566598369,
  "fragments/comment.fragment.xml": 1634882534076,
  "fragments/businessPartnerInfo.fragment.xml": 1641461672796,
  "fragments/bankInfo.fragment.xml": 1641462371894,
  "fragments/CreateSuccessGBS.fragment.xml": 1634882534076,
  "fragments/BankComments.fragment.xml": 1634882534076,
  "formatter/ServiceObj.css": 1634882534072,
  "files/Jabil_SupplierPortal_EULA.pdf": 1641446743440,
  "css/style.css": 1641462662184,
  "Images/word.png": 1634882534064,
  "Images/Success.svg": 1634882534060,
  "Images/Pdf.png": 1634882534060,
  "Images/Excel.png": 1634882534060,
  "index.html": 1634882534084
}