{
  "fragments/companyCyberSecurityInfo.fragment.xml": 1637735376673,
  "i18n/i18n_zh_CN.properties": 1638441524497,
  "i18n/i18n_uk.properties": 1638441524493,
  "i18n/i18n_ru.properties": 1638441524493,
  "i18n/i18n_pt.properties": 1638441524489,
  "i18n/i18n_pl.properties": 1638441524489,
  "i18n/i18n_ja.properties": 1638441524485,
  "i18n/i18n_iw.properties": 1638441524485,
  "i18n/i18n_zh_TW.properties": 1638441524497,
  "i18n/i18n_hu.properties": 1638441524481,
  "i18n/i18n_fr.properties": 1638441524477,
  "i18n/i18n_es.properties": 1638441524477,
  "i18n/i18n_en.properties": 1638441524473,
  "i18n/i18n_de.properties": 1638441524473,
  "i18n/i18n.properties": 1638441524473,
  "controller/BankInfo.controller.js": 1638289733643,
  "model/infoPopoverData.json": 1638267126180,
  "model/errorModel.json": 1638255206094,
  "model/dropDownData.json": 1637663082656,
  "model/dataModel.json": 1636470281474,
  "model/attachmentData.json": 1632822280254,
  "manifest.json": 1638525109821,
  "model/models.js": 1632822280258,
  "formatter/formatter.js": 1636884044686,
  "formatter/ServiceObj.js": 1632822280250,
  "controls/TabbingTable.js": 1632822280250,
  "controller/Welcome.controller.js": 1637836350799,
  "controller/VendorSurvey.controller.js": 1638441524613,
  "controller/MainView.controller.js": 1632822280250,
  "controller/BaseController.js": 1634724186723,
  "model/visibility.json": 1638255206098,
  "controller/App.controller.js": 1632822280246,
  "Component.js": 1632822280246,
  "manifest-bundle.zip": 1638525105889,
  "Component-preload.js": 1638525108602,
  "controller/BaseController-dbg.js": 1634724186723,
  "formatter/formatter-dbg.js": 1636884044686,
  "formatter/ServiceObj-dbg.js": 1632822280250,
  "controls/TabbingTable-dbg.js": 1632822280250,
  "controller/Welcome-dbg.controller.js": 1637836350799,
  "controller/VendorSurvey-dbg.controller.js": 1638441524613,
  "controller/MainView-dbg.controller.js": 1632822280250,
  "model/models-dbg.js": 1632822280258,
  "controller/BankInfo-dbg.controller.js": 1638289733643,
  "controller/App-dbg.controller.js": 1632822280246,
  "Component-dbg.js": 1632822280246,
  "resources.json": 1638525109828,
  "view/Welcome.view.xml": 1637735376677,
  "view/VendorSurvey.view.xml": 1638441524501,
  "view/MainView.view.xml": 1632822280258,
  "view/BankInfo.view.xml": 1638287269599,
  "view/App.view.xml": 1634830135041,
  "fragments/success.fragment.xml": 1637836350803,
  "fragments/shippingInfo.fragment.xml": 1638185858892,
  "fragments/selectDocType.fragment.xml": 1638267126176,
  "fragments/previewRegForm.fragment.xml": 1638255206094,
  "fragments/ownershipInfo.fragment.xml": 1637735376673,
  "fragments/infoPopover.fragment.xml": 1632822280250,
  "fragments/date.fragment.xml": 1632822280250,
  "fragments/companyProductsAndServices.fragment.xml": 1637745003789,
  "fragments/companyInfo.fragment.xml": 1638441524469,
  "fragments/companyFinInfo.fragment.xml": 1632822280250,
  "i18n/i18n_it.properties": 1638441524481,
  "fragments/companyContactInfo.fragment.xml": 1638351177265,
  "fragments/companyCompliance.fragment.xml": 1637735376669,
  "fragments/comment.fragment.xml": 1632822280250,
  "fragments/businessPartnerInfo.fragment.xml": 1638267126176,
  "fragments/bankInfo.fragment.xml": 1638441524469,
  "fragments/CreateSuccessGBS.fragment.xml": 1632822280250,
  "fragments/BankComments.fragment.xml": 1632822280250,
  "formatter/ServiceObj.css": 1632822280250,
  "css/style.css": 1638259448275,
  "Images/word.png": 1632822280246,
  "Images/Success.svg": 1632822280246,
  "Images/Pdf.png": 1632822280246,
  "Images/Excel.png": 1632822280246,
  "index.html": 1632822280254
}