{
  "i18n/i18n_ja.properties": 1649332607346,
  "i18n/i18n_zh_CN.properties": 1649332607350,
  "i18n/i18n_vi.properties": 1649332607350,
  "i18n/i18n_uk.properties": 1649332607350,
  "i18n/i18n_ru.properties": 1649332607350,
  "i18n/i18n_pt.properties": 1649332607346,
  "i18n/i18n_pl.properties": 1649332607346,
  "i18n/i18n.properties": 1650459926514,
  "i18n/i18n_iw.properties": 1649332607346,
  "i18n/i18n_it.properties": 1649332607346,
  "i18n/i18n_hu.properties": 1649332607342,
  "i18n/i18n_fr.properties": 1649332607342,
  "i18n/i18n_es.properties": 1649332607342,
  "i18n/i18n_en.properties": 1650459926514,
  "i18n/i18n_de.properties": 1649332607342,
  "i18n/i18n_zh_TW.properties": 1649332607350,
  "controller/SupplierFinanceEula.controller.js": 1650348673527,
  "model/infoPopoverData.json": 1649332563752,
  "model/errorModel.json": 1650459926514,
  "model/dropDownData.json": 1649332563752,
  "model/dataModel.json": 1650522679595,
  "model/attachmentData.json": 1650192815712,
  "manifest.json": 1650533225668,
  "model/models.js": 1649332607354,
  "formatter/formatter.js": 1650284549791,
  "formatter/ServiceObj.js": 1649332607334,
  "controls/TabbingTable.js": 1649332563736,
  "controller/Welcome.controller.js": 1649332563736,
  "controller/VendorSurvey.controller.js": 1650533037434,
  "model/visibility.json": 1650459926514,
  "controller/PreviewForm.controller.js": 1650458827596,
  "controller/MainView.controller.js": 1649332563728,
  "controller/BaseController.js": 1650271610223,
  "controller/BankInfoRemit.controller.js": 1650367654260,
  "controller/BankInfo.controller.js": 1650520317321,
  "controller/App.controller.js": 1649332563728,
  "Component.js": 1649332607314,
  "manifest-bundle.zip": 1650533218535,
  "Component-preload.js": 1650533223019,
  "formatter/formatter-dbg.js": 1650284549791,
  "model/models-dbg.js": 1649332607354,
  "formatter/ServiceObj-dbg.js": 1649332607334,
  "controls/TabbingTable-dbg.js": 1649332563736,
  "controller/Welcome-dbg.controller.js": 1649332563736,
  "controller/VendorSurvey-dbg.controller.js": 1650533037434,
  "controller/SupplierFinanceEula-dbg.controller.js": 1650348673527,
  "controller/PreviewForm-dbg.controller.js": 1650458827596,
  "controller/MainView-dbg.controller.js": 1649332563728,
  "controller/BaseController-dbg.js": 1650271610223,
  "controller/BankInfoRemit-dbg.controller.js": 1650367654260,
  "controller/BankInfo-dbg.controller.js": 1650520317321,
  "controller/App-dbg.controller.js": 1649332563728,
  "Component-dbg.js": 1649332607314,
  "resources.json": 1650533225678,
  "view/Welcome.view.xml": 1649332607354,
  "view/VendorSurvey.view.xml": 1650459926514,
  "view/SupplierFinanceEula.view.xml": 1649332607354,
  "view/PreviewForm.view.xml": 1649332607354,
  "view/MainView.view.xml": 1649332607354,
  "view/BankInfoRemit.view.xml": 1650348982494,
  "view/BankInfo.view.xml": 1650271610227,
  "view/App.view.xml": 1649332563752,
  "fragments/success.fragment.xml": 1649332563740,
  "fragments/shippingInfo.fragment.xml": 1650459926510,
  "fragments/selectDocTypeBankRemit.fragment.xml": 1650348886023,
  "fragments/selectDocTypeBank.fragment.xml": 1649332607338,
  "fragments/selectDocType.fragment.xml": 1649332607338,
  "fragments/selectDocNameForLocDoc.fragment.xml": 1649332607338,
  "fragments/previewRegForm.fragment.xml": 1650520317321,
  "fragments/ownershipInfo.fragment.xml": 1649332607338,
  "fragments/infoPopover.fragment.xml": 1649332607338,
  "fragments/date.fragment.xml": 1649332607338,
  "fragments/companyProductsAndServices.fragment.xml": 1649332607338,
  "fragments/companyInfo.fragment.xml": 1649834659907,
  "fragments/companyFinInfo.fragment.xml": 1649332607338,
  "fragments/companyCyberSecurityInfo.fragment.xml": 1649332607338,
  "fragments/companyContactInfo.fragment.xml": 1649332607338,
  "fragments/companyCompliance.fragment.xml": 1649332607334,
  "fragments/comment.fragment.xml": 1649332607334,
  "fragments/businessPartnerInfo.fragment.xml": 1649332607334,
  "fragments/bankInfoRemit.fragment.xml": 1650436385809,
  "fragments/bankInfo.fragment.xml": 1650271610227,
  "fragments/CreateSuccessGBS.fragment.xml": 1649332607334,
  "fragments/BankComments.fragment.xml": 1649332607334,
  "formatter/ServiceObj.css": 1649332607334,
  "files/Jabil_SupplierPortal_EULA.pdf": 1649332563736,
  "css/style.css": 1649332607334,
  "Images/word.png": 1649332607318,
  "Images/Success.svg": 1649332607314,
  "Images/Pdf.png": 1649332607314,
  "Images/Excel.png": 1649332607314,
  "index.html": 1649332607350
}