{
  "view/Welcome.view.xml": 1637683617107,
  "i18n/i18n_zh_CN.properties": 1638264023878,
  "i18n/i18n_uk.properties": 1638264013342,
  "i18n/i18n_ru.properties": 1638264003710,
  "i18n/i18n_pt.properties": 1638263990882,
  "i18n/i18n_pl.properties": 1638263981262,
  "i18n/i18n_ja.properties": 1638263969981,
  "i18n/i18n_iw.properties": 1638263958889,
  "i18n/i18n_it.properties": 1638263946957,
  "i18n/i18n_hu.properties": 1638263909649,
  "i18n/i18n_zh_TW.properties": 1638264041158,
  "i18n/i18n_es.properties": 1638263882297,
  "i18n/i18n_en.properties": 1638261012431,
  "i18n/i18n_de.properties": 1638263862913,
  "i18n/i18n.properties": 1638260997691,
  "controller/App.controller.js": 1632717370000,
  "model/infoPopoverData.json": 1638262890524,
  "model/errorModel.json": 1638192894190,
  "model/dropDownData.json": 1637589889623,
  "model/dataModel.json": 1636460146809,
  "model/attachmentData.json": 1632717370000,
  "manifest.json": 1638282925983,
  "model/models.js": 1632717370000,
  "formatter/formatter.js": 1636712905344,
  "formatter/ServiceObj.js": 1632717370000,
  "controls/TabbingTable.js": 1632717370000,
  "controller/Welcome.controller.js": 1637829963959,
  "controller/VendorSurvey.controller.js": 1638282466316,
  "controller/MainView.controller.js": 1632717370000,
  "controller/BaseController.js": 1634716008252,
  "controller/BankInfo.controller.js": 1638263117501,
  "model/visibility.json": 1638192085891,
  "Component.js": 1632717370000,
  "manifest-bundle.zip": 1638282922345,
  "Component-preload.js": 1638282924957,
  "Component-dbg.js": 1632717370000,
  "formatter/formatter-dbg.js": 1636712905344,
  "formatter/ServiceObj-dbg.js": 1632717370000,
  "controller/Welcome-dbg.controller.js": 1637829963959,
  "controller/VendorSurvey-dbg.controller.js": 1638282466316,
  "controller/MainView-dbg.controller.js": 1632717370000,
  "controller/BaseController-dbg.js": 1634716008252,
  "controller/BankInfo-dbg.controller.js": 1638263117501,
  "controller/App-dbg.controller.js": 1632717370000,
  "controls/TabbingTable-dbg.js": 1632717370000,
  "model/models-dbg.js": 1632717370000,
  "resources.json": 1638282925989,
  "i18n/i18n_fr.properties": 1638263890157,
  "view/VendorSurvey.view.xml": 1638175081495,
  "view/MainView.view.xml": 1632717370000,
  "view/BankInfo.view.xml": 1636725201829,
  "view/App.view.xml": 1634799272356,
  "fragments/success.fragment.xml": 1637831589286,
  "fragments/shippingInfo.fragment.xml": 1638175369824,
  "fragments/selectDocType.fragment.xml": 1638259850330,
  "fragments/previewRegForm.fragment.xml": 1638192253816,
  "fragments/ownershipInfo.fragment.xml": 1637683570995,
  "fragments/infoPopover.fragment.xml": 1632717370000,
  "fragments/date.fragment.xml": 1632717370000,
  "fragments/companyProductsAndServices.fragment.xml": 1637740355455,
  "fragments/companyInfo.fragment.xml": 1638192022683,
  "fragments/companyFinInfo.fragment.xml": 1632717370000,
  "fragments/companyCyberSecurityInfo.fragment.xml": 1638264909606,
  "fragments/companyContactInfo.fragment.xml": 1638272382989,
  "fragments/companyCompliance.fragment.xml": 1637683527315,
  "fragments/comment.fragment.xml": 1632717370000,
  "fragments/businessPartnerInfo.fragment.xml": 1638263646800,
  "fragments/bankInfo.fragment.xml": 1638263640292,
  "fragments/CreateSuccessGBS.fragment.xml": 1632717370000,
  "fragments/BankComments.fragment.xml": 1632717370000,
  "formatter/ServiceObj.css": 1632717370000,
  "css/style.css": 1638263117501,
  "Images/word.png": 1632717370000,
  "Images/Success.svg": 1632717370000,
  "Images/Pdf.png": 1632717370000,
  "Images/Excel.png": 1632717370000,
  "index.html": 1632717370000
}