{
  "i18n/i18n_pl.properties": 1632729546098,
  "i18n/i18n_zh_TW.properties": 1632729590742,
  "i18n/i18n_uk.properties": 1632729806318,
  "i18n/i18n_ru.properties": 1632729916326,
  "i18n/i18n_pt.properties": 1632729562922,
  "i18n/i18n_zh_CN.properties": 1632729575534,
  "i18n/i18n_iw.properties": 1632729531310,
  "i18n/i18n_hu.properties": 1632729816818,
  "i18n/i18n_fr.properties": 1632729856434,
  "i18n/i18n_es.properties": 1632729513610,
  "i18n/i18n_en.properties": 1632496594595,
  "i18n/i18n.properties": 1632496578231,
  "model/dataModel.json": 1632502126751,
  "model/infoPopoverData.json": 1632376511255,
  "model/errorModel.json": 1632500868466,
  "model/dropDownData.json": 1632376511255,
  "model/visibility.json": 1632376511255,
  "model/attachmentData.json": 1632376511255,
  "manifest.json": 1632731607821,
  "model/models.js": 1632376511255,
  "formatter/formatter.js": 1632376511247,
  "formatter/ServiceObj.js": 1632376511247,
  "controls/TabbingTable.js": 1632376511247,
  "controller/Welcome.controller.js": 1632376511247,
  "controller/VendorSurvey.controller.js": 1632730668209,
  "controller/MainView.controller.js": 1632376511247,
  "controller/BaseController.js": 1632376511247,
  "controller/BankInfo.controller.js": 1632376511247,
  "controller/App.controller.js": 1632376511247,
  "Component.js": 1632376511243,
  "manifest-bundle.zip": 1632731603924,
  "Component-preload.js": 1632731606962,
  "formatter/formatter-dbg.js": 1632376511247,
  "model/models-dbg.js": 1632376511255,
  "formatter/ServiceObj-dbg.js": 1632376511247,
  "controls/TabbingTable-dbg.js": 1632376511247,
  "controller/Welcome-dbg.controller.js": 1632376511247,
  "controller/VendorSurvey-dbg.controller.js": 1632730668209,
  "controller/MainView-dbg.controller.js": 1632376511247,
  "controller/BaseController-dbg.js": 1632376511247,
  "controller/BankInfo-dbg.controller.js": 1632376511247,
  "controller/App-dbg.controller.js": 1632376511247,
  "Component-dbg.js": 1632376511243,
  "resources.json": 1632731607826,
  "view/Welcome.view.xml": 1632730175846,
  "view/VendorSurvey.view.xml": 1632495817638,
  "view/MainView.view.xml": 1632376511255,
  "view/BankInfo.view.xml": 1632376511255,
  "view/App.view.xml": 1632376511255,
  "fragments/success.fragment.xml": 1632480095145,
  "fragments/shippingInfo.fragment.xml": 1632499424618,
  "fragments/previewRegForm.fragment.xml": 1632393407720,
  "fragments/poc.fragment.xml": 1632376511251,
  "fragments/ownershipInfo.fragment.xml": 1632502303524,
  "fragments/infoPopover.fragment.xml": 1632376511251,
  "fragments/date.fragment.xml": 1632376511251,
  "fragments/companyProductsAndServices.fragment.xml": 1632376511251,
  "fragments/companyInfo.fragment.xml": 1632498907977,
  "fragments/companyFinInfo.fragment.xml": 1632376511251,
  "fragments/companyCyberSecurityInfo.fragment.xml": 1632500864002,
  "fragments/companyContactInfo.fragment.xml": 1632376511251,
  "fragments/companyCompliance.fragment.xml": 1632500136320,
  "fragments/comment.fragment.xml": 1632376511251,
  "fragments/businessPartnerInfo.fragment.xml": 1632497847416,
  "fragments/bankInfo.fragment.xml": 1632727815714,
  "fragments/CreateSuccessGBS.fragment.xml": 1632376511251,
  "fragments/BankComments.fragment.xml": 1632376511251,
  "formatter/ServiceObj.css": 1632376511247,
  "css/style.css": 1632376511247,
  "Images/word.png": 1632376511243,
  "Images/Success.svg": 1632376511243,
  "Images/Pdf.png": 1632376511243,
  "Images/Excel.png": 1632376511243,
  "index.html": 1632376511255
}