{
  "view/BankInfo.view.xml": 1634028563906,
  "i18n/i18n_zh_CN.properties": 1636461478050,
  "i18n/i18n_uk.properties": 1636461465198,
  "i18n/i18n_ru.properties": 1636461451218,
  "i18n/i18n_pt.properties": 1636461438958,
  "i18n/i18n_zh_TW.properties": 1636461493134,
  "i18n/i18n_iw.properties": 1636461413406,
  "i18n/i18n_hu.properties": 1636461397846,
  "i18n/i18n_fr.properties": 1636461376822,
  "i18n/i18n_es.properties": 1636461347077,
  "i18n/i18n_en.properties": 1636460146809,
  "i18n/i18n.properties": 1636460146809,
  "controller/BaseController.js": 1634716008252,
  "model/infoPopoverData.json": 1632717370000,
  "model/errorModel.json": 1634624520080,
  "model/dropDownData.json": 1632717370000,
  "model/dataModel.json": 1636460146809,
  "model/attachmentData.json": 1632717370000,
  "manifest.json": 1636537903736,
  "model/models.js": 1632717370000,
  "formatter/formatter.js": 1636460119796,
  "formatter/ServiceObj.js": 1632717370000,
  "controls/TabbingTable.js": 1632717370000,
  "controller/Welcome.controller.js": 1636470331235,
  "controller/VendorSurvey.controller.js": 1636533813381,
  "controller/MainView.controller.js": 1632717370000,
  "model/visibility.json": 1635861352405,
  "controller/BankInfo.controller.js": 1634028563906,
  "controller/App.controller.js": 1632717370000,
  "Component.js": 1632717370000,
  "manifest-bundle.zip": 1636537900488,
  "Component-preload.js": 1636537902792,
  "controls/TabbingTable-dbg.js": 1632717370000,
  "formatter/formatter-dbg.js": 1636460119796,
  "formatter/ServiceObj-dbg.js": 1632717370000,
  "model/models-dbg.js": 1632717370000,
  "controller/Welcome-dbg.controller.js": 1636470331235,
  "controller/VendorSurvey-dbg.controller.js": 1636533813381,
  "controller/MainView-dbg.controller.js": 1632717370000,
  "controller/BaseController-dbg.js": 1634716008252,
  "controller/BankInfo-dbg.controller.js": 1634028563906,
  "controller/App-dbg.controller.js": 1632717370000,
  "Component-dbg.js": 1632717370000,
  "resources.json": 1636537903741,
  "view/Welcome.view.xml": 1635855020970,
  "view/VendorSurvey.view.xml": 1636460146809,
  "view/MainView.view.xml": 1632717370000,
  "i18n/i18n_pl.properties": 1636461427338,
  "view/App.view.xml": 1634799272356,
  "fragments/success.fragment.xml": 1632717370000,
  "fragments/shippingInfo.fragment.xml": 1636535555518,
  "fragments/previewRegForm.fragment.xml": 1634890144531,
  "fragments/ownershipInfo.fragment.xml": 1636536030161,
  "fragments/infoPopover.fragment.xml": 1632717370000,
  "fragments/date.fragment.xml": 1632717370000,
  "fragments/companyProductsAndServices.fragment.xml": 1634810657399,
  "fragments/companyInfo.fragment.xml": 1636383959302,
  "fragments/companyFinInfo.fragment.xml": 1632717370000,
  "fragments/companyCyberSecurityInfo.fragment.xml": 1636536026093,
  "fragments/companyContactInfo.fragment.xml": 1636536022557,
  "fragments/companyCompliance.fragment.xml": 1636536014585,
  "fragments/comment.fragment.xml": 1632717370000,
  "fragments/businessPartnerInfo.fragment.xml": 1636535993073,
  "fragments/bankInfo.fragment.xml": 1636535531390,
  "fragments/CreateSuccessGBS.fragment.xml": 1632717370000,
  "fragments/BankComments.fragment.xml": 1632717370000,
  "formatter/ServiceObj.css": 1632717370000,
  "css/style.css": 1636383747605,
  "Images/word.png": 1632717370000,
  "Images/Success.svg": 1632717370000,
  "Images/Pdf.png": 1632717370000,
  "Images/Excel.png": 1632717370000,
  "index.html": 1632717370000
}