{
  "controller/SupplierFinanceEula.controller.js": 1649321013974,
  "i18n/i18n_zh_CN.properties": 1649321014186,
  "i18n/i18n_vi.properties": 1649321014186,
  "i18n/i18n_uk.properties": 1649321014182,
  "i18n/i18n_ru.properties": 1649321014182,
  "i18n/i18n_pt.properties": 1649321014178,
  "i18n/i18n_pl.properties": 1649321014178,
  "i18n/i18n_ja.properties": 1649321014178,
  "i18n/i18n_iw.properties": 1649321014174,
  "i18n/i18n_it.properties": 1649321014174,
  "i18n/i18n_hu.properties": 1649321014174,
  "i18n/i18n_fr.properties": 1649321014170,
  "i18n/i18n_es.properties": 1649321014142,
  "i18n/i18n_zh_TW.properties": 1649321014186,
  "i18n/i18n_de.properties": 1649321014114,
  "i18n/i18n.properties": 1649321014102,
  "manifest.json": 1649777882843,
  "model/infoPopoverData.json": 1649317831063,
  "model/errorModel.json": 1649317831063,
  "model/dropDownData.json": 1649317831063,
  "model/dataModel.json": 1649321014198,
  "model/attachmentData.json": 1649321014190,
  "model/visibility.json": 1649321014210,
  "model/models.js": 1649321014198,
  "formatter/formatter.js": 1649321014006,
  "formatter/ServiceObj.js": 1649321013986,
  "controls/TabbingTable.js": 1649317831035,
  "controller/Welcome.controller.js": 1649317831035,
  "controller/VendorSurvey.controller.js": 1649777616437,
  "i18n/i18n_en.properties": 1649321014142,
  "controller/PreviewForm.controller.js": 1649321013966,
  "controller/MainView.controller.js": 1649317831031,
  "controller/BaseController.js": 1649321013958,
  "controller/BankInfo.controller.js": 1649761102262,
  "controller/App.controller.js": 1649317831027,
  "Component.js": 1649321013946,
  "manifest-bundle.zip": 1649777877511,
  "Component-preload.js": 1649777881017,
  "controller/SupplierFinanceEula-dbg.controller.js": 1649321013974,
  "formatter/formatter-dbg.js": 1649321014006,
  "formatter/ServiceObj-dbg.js": 1649321013986,
  "controls/TabbingTable-dbg.js": 1649317831035,
  "controller/Welcome-dbg.controller.js": 1649317831035,
  "controller/VendorSurvey-dbg.controller.js": 1649777616437,
  "model/models-dbg.js": 1649321014198,
  "controller/PreviewForm-dbg.controller.js": 1649321013966,
  "controller/MainView-dbg.controller.js": 1649317831031,
  "controller/BaseController-dbg.js": 1649321013958,
  "controller/BankInfo-dbg.controller.js": 1649761102262,
  "controller/App-dbg.controller.js": 1649317831027,
  "Component-dbg.js": 1649321013946,
  "resources.json": 1649777882848,
  "view/Welcome.view.xml": 1649321014258,
  "view/VendorSurvey.view.xml": 1649321014254,
  "view/SupplierFinanceEula.view.xml": 1649321014254,
  "view/PreviewForm.view.xml": 1649321014254,
  "view/MainView.view.xml": 1649321014230,
  "view/BankInfo.view.xml": 1649321014230,
  "view/App.view.xml": 1649317831063,
  "fragments/success.fragment.xml": 1649317831051,
  "fragments/shippingInfo.fragment.xml": 1649321014094,
  "fragments/selectDocTypeBank.fragment.xml": 1649321014094,
  "fragments/selectDocType.fragment.xml": 1649321014094,
  "fragments/selectDocNameForLocDoc.fragment.xml": 1649321014086,
  "fragments/previewRegForm.fragment.xml": 1649321014082,
  "fragments/ownershipInfo.fragment.xml": 1649321014074,
  "fragments/infoPopover.fragment.xml": 1649321014074,
  "fragments/date.fragment.xml": 1649321014074,
  "fragments/companyProductsAndServices.fragment.xml": 1649321014074,
  "fragments/companyInfo.fragment.xml": 1649321014070,
  "fragments/companyFinInfo.fragment.xml": 1649321014070,
  "fragments/companyCyberSecurityInfo.fragment.xml": 1649321014070,
  "fragments/companyContactInfo.fragment.xml": 1649321014070,
  "fragments/companyCompliance.fragment.xml": 1649321014046,
  "fragments/comment.fragment.xml": 1649321014014,
  "fragments/businessPartnerInfo.fragment.xml": 1649321014014,
  "fragments/bankInfo.fragment.xml": 1649321014014,
  "fragments/CreateSuccessGBS.fragment.xml": 1649321014010,
  "fragments/BankComments.fragment.xml": 1649321014006,
  "formatter/ServiceObj.css": 1649321013986,
  "files/Jabil_SupplierPortal_EULA.pdf": 1649317831047,
  "css/style.css": 1649321013986,
  "Images/word.png": 1649321013946,
  "Images/Success.svg": 1649321013946,
  "Images/Pdf.png": 1649321013946,
  "Images/Excel.png": 1649321013946,
  "index.html": 1649321014190
}