{
  "i18n/i18n.properties": 1637841458232,
  "i18n/i18n_zh_CN.properties": 1637747501806,
  "i18n/i18n_uk.properties": 1637747501806,
  "i18n/i18n_ru.properties": 1637747501802,
  "i18n/i18n_pt.properties": 1637747501802,
  "i18n/i18n_zh_TW.properties": 1637747501806,
  "i18n/i18n_ja.properties": 1637747501802,
  "i18n/i18n_iw.properties": 1637747501802,
  "i18n/i18n_it.properties": 1637747501802,
  "i18n/i18n_hu.properties": 1637747501802,
  "i18n/i18n_fr.properties": 1637747501802,
  "i18n/i18n_es.properties": 1637747501802,
  "i18n/i18n_en.properties": 1637841458232,
  "i18n/i18n_de.properties": 1637747501802,
  "i18n/i18n_pl.properties": 1637747501802,
  "manifest.json": 1637923779860,
  "model/infoPopoverData.json": 1634882534084,
  "model/errorModel.json": 1634882534084,
  "model/dropDownData.json": 1637649468012,
  "model/dataModel.json": 1636454197433,
  "model/attachmentData.json": 1634882534084,
  "model/visibility.json": 1637065172713,
  "model/models.js": 1634882534084,
  "formatter/formatter.js": 1637065172709,
  "formatter/ServiceObj.js": 1634882534076,
  "controls/TooltipRenderer.js": 1637851531058,
  "controls/Tooltip.js": 1637670976212,
  "controls/TabbingTable.js": 1634882534072,
  "controller/Welcome.controller.js": 1637841458232,
  "controller/VendorSurvey.controller.js": 1637849407537,
  "controller/MainView.controller.js": 1634882534064,
  "controller/BaseController.js": 1634882534064,
  "controller/BankInfo.controller.js": 1637649468004,
  "controller/App.controller.js": 1634882534064,
  "Component.js": 1634882534060,
  "manifest-bundle.zip": 1637923777147,
  "Component-preload.js": 1637923778937,
  "controller/BaseController-dbg.js": 1634882534064,
  "formatter/formatter-dbg.js": 1637065172709,
  "formatter/ServiceObj-dbg.js": 1634882534076,
  "controls/TooltipRenderer-dbg.js": 1637851531058,
  "controls/Tooltip-dbg.js": 1637670976212,
  "controls/TabbingTable-dbg.js": 1634882534072,
  "controller/Welcome-dbg.controller.js": 1637841458232,
  "controller/VendorSurvey-dbg.controller.js": 1637849407537,
  "controller/MainView-dbg.controller.js": 1634882534064,
  "model/models-dbg.js": 1634882534084,
  "controller/BankInfo-dbg.controller.js": 1637649468004,
  "controller/App-dbg.controller.js": 1634882534064,
  "Component-dbg.js": 1634882534060,
  "resources.json": 1637923779865,
  "view/Welcome.view.xml": 1637747501806,
  "view/VendorSurvey.view.xml": 1637747501806,
  "view/MainView.view.xml": 1634882534084,
  "view/BankInfo.view.xml": 1637065172713,
  "view/App.view.xml": 1634882534084,
  "fragments/success.fragment.xml": 1637841458232,
  "fragments/shippingInfo.fragment.xml": 1637747501802,
  "fragments/previewRegForm.fragment.xml": 1637761500145,
  "fragments/ownershipInfo.fragment.xml": 1637747501802,
  "fragments/infoPopover.fragment.xml": 1634882534076,
  "fragments/date.fragment.xml": 1634882534076,
  "fragments/companyProductsAndServices.fragment.xml": 1637747501802,
  "fragments/companyInfo.fragment.xml": 1636459431516,
  "fragments/companyFinInfo.fragment.xml": 1634882534076,
  "fragments/companyCyberSecurityInfo.fragment.xml": 1637747501802,
  "fragments/companyContactInfo.fragment.xml": 1637852021778,
  "fragments/companyCompliance.fragment.xml": 1637747501798,
  "fragments/comment.fragment.xml": 1634882534076,
  "fragments/businessPartnerInfo.fragment.xml": 1637841458232,
  "fragments/bankInfo.fragment.xml": 1637758983957,
  "fragments/CreateSuccessGBS.fragment.xml": 1634882534076,
  "fragments/BankComments.fragment.xml": 1634882534076,
  "formatter/ServiceObj.css": 1634882534072,
  "css/style.css": 1637746194396,
  "Images/word.png": 1634882534064,
  "Images/Success.svg": 1634882534060,
  "Images/Pdf.png": 1634882534060,
  "Images/Excel.png": 1634882534060,
  "index.html": 1634882534084
}