{
  "i18n/i18n_en.properties": 1645611256817,
  "i18n/i18n_zh_CN.properties": 1646054137221,
  "i18n/i18n_vi.properties": 1646054137217,
  "i18n/i18n_uk.properties": 1646054137217,
  "i18n/i18n_ru.properties": 1646054137213,
  "i18n/i18n_pt.properties": 1646054137213,
  "i18n/i18n_pl.properties": 1646054137213,
  "i18n/i18n_ja.properties": 1646054137213,
  "i18n/i18n_iw.properties": 1646054137213,
  "i18n/i18n_it.properties": 1646054137213,
  "i18n/i18n_zh_TW.properties": 1646054137221,
  "i18n/i18n_fr.properties": 1646054137209,
  "i18n/i18n_es.properties": 1646054137209,
  "i18n/i18n_hu.properties": 1646054137213,
  "i18n/i18n_de.properties": 1646054137209,
  "i18n/i18n.properties": 1645611239753,
  "controller/PreviewForm.controller.js": 1643304837554,
  "model/infoPopoverData.json": 1638267126180,
  "model/errorModel.json": 1640150646591,
  "model/dropDownData.json": 1643817231324,
  "model/dataModel.json": 1646035174557,
  "model/attachmentData.json": 1632822280254,
  "manifest.json": 1646285954530,
  "model/models.js": 1632822280258,
  "formatter/formatter.js": 1640150646559,
  "formatter/ServiceObj.js": 1632822280250,
  "controls/TabbingTable.js": 1638856890236,
  "controller/Welcome.controller.js": 1641556473923,
  "controller/VendorSurvey.controller.js": 1646043701381,
  "controller/SupplierFinanceEula.controller.js": 1643971939326,
  "model/visibility.json": 1643817231324,
  "controller/MainView.controller.js": 1642517393707,
  "controller/BaseController.js": 1645464009037,
  "controller/BankInfo.controller.js": 1645611236589,
  "controller/App.controller.js": 1641900487785,
  "Component.js": 1632822280246,
  "manifest-bundle.zip": 1646285946582,
  "Component-preload.js": 1646285952354,
  "controller/MainView-dbg.controller.js": 1642517393707,
  "formatter/formatter-dbg.js": 1640150646559,
  "formatter/ServiceObj-dbg.js": 1632822280250,
  "controls/TabbingTable-dbg.js": 1638856890236,
  "controller/Welcome-dbg.controller.js": 1641556473923,
  "controller/VendorSurvey-dbg.controller.js": 1646043701381,
  "controller/SupplierFinanceEula-dbg.controller.js": 1643971939326,
  "controller/PreviewForm-dbg.controller.js": 1643304837554,
  "model/models-dbg.js": 1632822280258,
  "controller/BaseController-dbg.js": 1645464009037,
  "controller/BankInfo-dbg.controller.js": 1645611236589,
  "controller/App-dbg.controller.js": 1641900487785,
  "Component-dbg.js": 1632822280246,
  "resources.json": 1646285954536,
  "view/Welcome.view.xml": 1643968144732,
  "view/VendorSurvey.view.xml": 1645422081809,
  "view/SupplierFinanceEula.view.xml": 1645013820552,
  "view/PreviewForm.view.xml": 1644240516070,
  "view/MainView.view.xml": 1632822280258,
  "view/BankInfo.view.xml": 1645604670649,
  "view/App.view.xml": 1634830135041,
  "fragments/success.fragment.xml": 1637836350803,
  "fragments/shippingInfo.fragment.xml": 1645422812509,
  "fragments/selectDocTypeBank.fragment.xml": 1645466396692,
  "fragments/selectDocType.fragment.xml": 1643637437897,
  "fragments/selectDocNameForLocDoc.fragment.xml": 1643637437893,
  "fragments/previewRegForm.fragment.xml": 1644391858659,
  "fragments/ownershipInfo.fragment.xml": 1645422758377,
  "fragments/infoPopover.fragment.xml": 1632822280250,
  "fragments/date.fragment.xml": 1632822280250,
  "fragments/companyProductsAndServices.fragment.xml": 1645422659549,
  "fragments/companyInfo.fragment.xml": 1645424052110,
  "fragments/companyFinInfo.fragment.xml": 1645422608361,
  "fragments/companyCyberSecurityInfo.fragment.xml": 1645422587653,
  "fragments/companyContactInfo.fragment.xml": 1646116376458,
  "fragments/companyCompliance.fragment.xml": 1645422525121,
  "fragments/comment.fragment.xml": 1632822280250,
  "fragments/businessPartnerInfo.fragment.xml": 1645422443249,
  "fragments/bankInfo.fragment.xml": 1645605011968,
  "fragments/CreateSuccessGBS.fragment.xml": 1643979460714,
  "fragments/BankComments.fragment.xml": 1645086918587,
  "formatter/ServiceObj.css": 1632822280250,
  "files/Jabil_SupplierPortal_EULA.pdf": 1641463615161,
  "css/style.css": 1641196797834,
  "Images/word.png": 1632822280246,
  "Images/Success.svg": 1632822280246,
  "Images/Pdf.png": 1632822280246,
  "Images/Excel.png": 1632822280246,
  "index.html": 1645180453079
}