{
  "model/dropDownData.json": 1632717370000,
  "i18n/i18n_zh_CN.properties": 1633538547027,
  "i18n/i18n_uk.properties": 1633538512230,
  "i18n/i18n_ru.properties": 1633538499122,
  "i18n/i18n_pt.properties": 1633538485713,
  "i18n/i18n_pl.properties": 1633538472745,
  "i18n/i18n_iw.properties": 1633538459837,
  "i18n/i18n_zh_TW.properties": 1633538544923,
  "i18n/i18n_fr.properties": 1633538418836,
  "i18n/i18n_es.properties": 1633538404843,
  "i18n/i18n_en.properties": 1633537830270,
  "i18n/i18n.properties": 1633537789093,
  "model/models.js": 1632717370000,
  "model/infoPopoverData.json": 1632717370000,
  "model/errorModel.json": 1633361331448,
  "i18n/i18n_hu.properties": 1633538446292,
  "model/dataModel.json": 1632842643964,
  "model/attachmentData.json": 1632717370000,
  "manifest.json": 1633595665861,
  "model/visibility.json": 1632844091601,
  "formatter/formatter.js": 1632717370000,
  "formatter/ServiceObj.js": 1632717370000,
  "controls/TabbingTable.js": 1632717370000,
  "controller/Welcome.controller.js": 1633005391748,
  "controller/VendorSurvey.controller.js": 1633594982649,
  "controller/MainView.controller.js": 1632717370000,
  "controller/BaseController.js": 1632717370000,
  "controller/BankInfo.controller.js": 1633594985033,
  "controller/App.controller.js": 1632717370000,
  "Component.js": 1632717370000,
  "manifest-bundle.zip": 1633595662650,
  "Component-preload.js": 1633595664909,
  "model/models-dbg.js": 1632717370000,
  "formatter/formatter-dbg.js": 1632717370000,
  "formatter/ServiceObj-dbg.js": 1632717370000,
  "controls/TabbingTable-dbg.js": 1632717370000,
  "controller/Welcome-dbg.controller.js": 1633005391748,
  "controller/VendorSurvey-dbg.controller.js": 1633594982649,
  "controller/MainView-dbg.controller.js": 1632717370000,
  "controller/BaseController-dbg.js": 1632717370000,
  "controller/BankInfo-dbg.controller.js": 1633594985033,
  "controller/App-dbg.controller.js": 1632717370000,
  "Component-dbg.js": 1632717370000,
  "resources.json": 1633595665867,
  "view/Welcome.view.xml": 1633587016155,
  "view/VendorSurvey.view.xml": 1633593694476,
  "view/MainView.view.xml": 1632717370000,
  "view/BankInfo.view.xml": 1632844091601,
  "view/App.view.xml": 1632717370000,
  "fragments/success.fragment.xml": 1632717370000,
  "fragments/shippingInfo.fragment.xml": 1633513569997,
  "fragments/previewRegForm.fragment.xml": 1633089639408,
  "fragments/poc.fragment.xml": 1632717370000,
  "fragments/ownershipInfo.fragment.xml": 1633535262750,
  "fragments/infoPopover.fragment.xml": 1632717370000,
  "fragments/date.fragment.xml": 1632717370000,
  "fragments/companyProductsAndServices.fragment.xml": 1633355032744,
  "fragments/companyInfo.fragment.xml": 1633594120699,
  "fragments/companyFinInfo.fragment.xml": 1632717370000,
  "fragments/companyCyberSecurityInfo.fragment.xml": 1633360246491,
  "fragments/companyContactInfo.fragment.xml": 1633349949936,
  "fragments/companyCompliance.fragment.xml": 1633536028160,
  "fragments/comment.fragment.xml": 1632717370000,
  "fragments/businessPartnerInfo.fragment.xml": 1633349819531,
  "fragments/bankInfo.fragment.xml": 1633538063051,
  "fragments/CreateSuccessGBS.fragment.xml": 1632717370000,
  "fragments/BankComments.fragment.xml": 1632717370000,
  "formatter/ServiceObj.css": 1632717370000,
  "css/style.css": 1633446384765,
  "Images/word.png": 1632717370000,
  "Images/Success.svg": 1632717370000,
  "Images/Pdf.png": 1632717370000,
  "Images/Excel.png": 1632717370000,
  "index.html": 1632717370000
}