{
  "fragments/companyInfo.fragment.xml": 1639470869346,
  "i18n/i18n_zh_CN.properties": 1640778530822,
  "i18n/i18n_uk.properties": 1640778521226,
  "i18n/i18n_ru.properties": 1640778514098,
  "i18n/i18n_pt.properties": 1640778500342,
  "i18n/i18n_pl.properties": 1640778487070,
  "i18n/i18n_ja.properties": 1640778477350,
  "i18n/i18n_iw.properties": 1640778465758,
  "i18n/i18n_it.properties": 1640778445705,
  "i18n/i18n_hu.properties": 1640778420261,
  "i18n/i18n_fr.properties": 1640778385853,
  "i18n/i18n_es.properties": 1640778374493,
  "i18n/i18n_en.properties": 1640258178349,
  "i18n/i18n_de.properties": 1640778351561,
  "i18n/i18n_zh_TW.properties": 1640778544474,
  "model/dropDownData.json": 1640258178349,
  "model/infoPopoverData.json": 1638262890524,
  "model/errorModel.json": 1640099766216,
  "model/visibility.json": 1638794359137,
  "model/dataModel.json": 1639749237107,
  "model/attachmentData.json": 1632717370000,
  "manifest.json": 1642071772580,
  "model/models.js": 1632717370000,
  "formatter/formatter.js": 1640105675326,
  "formatter/ServiceObj.js": 1632717370000,
  "controls/TabbingTable.js": 1638856660019,
  "controller/Welcome.controller.js": 1642063895664,
  "controller/VendorSurvey.controller.js": 1640777772445,
  "controller/PreviewForm.controller.js": 1642063895664,
  "controller/MainView.controller.js": 1640255114758,
  "controller/BaseController.js": 1640255088857,
  "controller/BankInfo.controller.js": 1638780545776,
  "controller/App.controller.js": 1642063895660,
  "Component.js": 1632717370000,
  "manifest-bundle.zip": 1642071767484,
  "Component-preload.js": 1642071770966,
  "Component-dbg.js": 1632717370000,
  "formatter/formatter-dbg.js": 1640105675326,
  "formatter/ServiceObj-dbg.js": 1632717370000,
  "controls/TabbingTable-dbg.js": 1638856660019,
  "controller/Welcome-dbg.controller.js": 1642063895664,
  "controller/VendorSurvey-dbg.controller.js": 1640777772445,
  "controller/PreviewForm-dbg.controller.js": 1642063895664,
  "controller/MainView-dbg.controller.js": 1640255114758,
  "controller/BaseController-dbg.js": 1640255088857,
  "controller/BankInfo-dbg.controller.js": 1638780545776,
  "controller/App-dbg.controller.js": 1642063895660,
  "model/models-dbg.js": 1632717370000,
  "resources.json": 1642071772586,
  "view/Welcome.view.xml": 1642063895668,
  "view/VendorSurvey.view.xml": 1642063895668,
  "view/PreviewForm.view.xml": 1642063895668,
  "view/MainView.view.xml": 1632717370000,
  "view/BankInfo.view.xml": 1642063895668,
  "view/App.view.xml": 1634799272356,
  "fragments/success.fragment.xml": 1637831589286,
  "fragments/shippingInfo.fragment.xml": 1642063895668,
  "fragments/selectDocType.fragment.xml": 1640150817477,
  "fragments/selectDocNameForLocDoc.fragment.xml": 1640103512323,
  "fragments/previewRegForm.fragment.xml": 1640329177515,
  "fragments/ownershipInfo.fragment.xml": 1640098853051,
  "fragments/infoPopover.fragment.xml": 1632717370000,
  "fragments/date.fragment.xml": 1632717370000,
  "fragments/companyProductsAndServices.fragment.xml": 1637740355455,
  "i18n/i18n.properties": 1640258178349,
  "fragments/companyFinInfo.fragment.xml": 1632717370000,
  "fragments/companyCyberSecurityInfo.fragment.xml": 1638264909606,
  "fragments/companyContactInfo.fragment.xml": 1638520980189,
  "fragments/companyCompliance.fragment.xml": 1639490420495,
  "fragments/comment.fragment.xml": 1632717370000,
  "fragments/businessPartnerInfo.fragment.xml": 1642063895668,
  "fragments/bankInfo.fragment.xml": 1642069242239,
  "fragments/CreateSuccessGBS.fragment.xml": 1632717370000,
  "fragments/BankComments.fragment.xml": 1632717370000,
  "formatter/ServiceObj.css": 1632717370000,
  "files/Jabil_SupplierPortal_EULA.pdf": 1642063895668,
  "css/style.css": 1640335387624,
  "Images/word.png": 1632717370000,
  "Images/Success.svg": 1632717370000,
  "Images/Pdf.png": 1632717370000,
  "Images/Excel.png": 1632717370000,
  "index.html": 1632717370000
}