{
  "formatter/ServiceObj.css": 1632717370000,
  "i18n/i18n_zh_CN.properties": 1632717370000,
  "i18n/i18n_uk.properties": 1632717370000,
  "i18n/i18n_ru.properties": 1632717370000,
  "i18n/i18n_pt.properties": 1632717370000,
  "i18n/i18n_pl.properties": 1632717370000,
  "i18n/i18n_iw.properties": 1632717370000,
  "i18n/i18n_hu.properties": 1632717370000,
  "i18n/i18n_fr.properties": 1632717370000,
  "i18n/i18n_es.properties": 1632717370000,
  "i18n/i18n_en.properties": 1632717370000,
  "i18n/i18n.properties": 1632717370000,
  "controller/MainView.controller.js": 1632717370000,
  "model/infoPopoverData.json": 1632717370000,
  "model/errorModel.json": 1632717370000,
  "model/dropDownData.json": 1632717370000,
  "model/dataModel.json": 1632717370000,
  "model/attachmentData.json": 1632717370000,
  "manifest.json": 1632827966893,
  "model/models.js": 1632717370000,
  "formatter/formatter.js": 1632717370000,
  "formatter/ServiceObj.js": 1632717370000,
  "controls/TabbingTable.js": 1632717370000,
  "controller/Welcome.controller.js": 1632717370000,
  "controller/VendorSurvey.controller.js": 1632827438070,
  "model/visibility.json": 1632717370000,
  "controller/BaseController.js": 1632717370000,
  "controller/BankInfo.controller.js": 1632717370000,
  "controller/App.controller.js": 1632717370000,
  "Component.js": 1632717370000,
  "manifest-bundle.zip": 1632827963845,
  "Component-preload.js": 1632827966049,
  "controller/BaseController-dbg.js": 1632717370000,
  "formatter/formatter-dbg.js": 1632717370000,
  "formatter/ServiceObj-dbg.js": 1632717370000,
  "controls/TabbingTable-dbg.js": 1632717370000,
  "controller/Welcome-dbg.controller.js": 1632717370000,
  "controller/VendorSurvey-dbg.controller.js": 1632827438070,
  "controller/MainView-dbg.controller.js": 1632717370000,
  "model/models-dbg.js": 1632717370000,
  "controller/BankInfo-dbg.controller.js": 1632717370000,
  "controller/App-dbg.controller.js": 1632717370000,
  "Component-dbg.js": 1632717370000,
  "resources.json": 1632827966899,
  "view/Welcome.view.xml": 1632717370000,
  "view/VendorSurvey.view.xml": 1632717370000,
  "view/MainView.view.xml": 1632717370000,
  "view/BankInfo.view.xml": 1632717370000,
  "view/App.view.xml": 1632717370000,
  "fragments/success.fragment.xml": 1632717370000,
  "fragments/shippingInfo.fragment.xml": 1632717370000,
  "fragments/previewRegForm.fragment.xml": 1632717370000,
  "fragments/poc.fragment.xml": 1632717370000,
  "fragments/ownershipInfo.fragment.xml": 1632717370000,
  "fragments/infoPopover.fragment.xml": 1632717370000,
  "fragments/date.fragment.xml": 1632717370000,
  "fragments/companyProductsAndServices.fragment.xml": 1632717370000,
  "fragments/companyInfo.fragment.xml": 1632717370000,
  "fragments/companyFinInfo.fragment.xml": 1632717370000,
  "fragments/companyCyberSecurityInfo.fragment.xml": 1632717370000,
  "fragments/companyContactInfo.fragment.xml": 1632717370000,
  "fragments/companyCompliance.fragment.xml": 1632717370000,
  "fragments/comment.fragment.xml": 1632717370000,
  "fragments/businessPartnerInfo.fragment.xml": 1632717370000,
  "fragments/bankInfo.fragment.xml": 1632717370000,
  "fragments/CreateSuccessGBS.fragment.xml": 1632717370000,
  "fragments/BankComments.fragment.xml": 1632717370000,
  "i18n/i18n_zh_TW.properties": 1632717370000,
  "css/style.css": 1632717370000,
  "Images/word.png": 1632717370000,
  "Images/Success.svg": 1632717370000,
  "Images/Pdf.png": 1632717370000,
  "Images/Excel.png": 1632717370000,
  "index.html": 1632717370000
}