{
  "fragments/bankInfo.fragment.xml": 1635926314499,
  "i18n/i18n_zh_TW.properties": 1635947118815,
  "i18n/i18n_uk.properties": 1635947092891,
  "i18n/i18n_ru.properties": 1635947082431,
  "i18n/i18n_pt.properties": 1635947070811,
  "i18n/i18n_pl.properties": 1635947058379,
  "i18n/i18n_iw.properties": 1635947046579,
  "i18n/i18n_hu.properties": 1635947035226,
  "i18n/i18n_fr.properties": 1635947023514,
  "i18n/i18n_es.properties": 1635947006906,
  "i18n/i18n_en.properties": 1635945114012,
  "i18n/i18n.properties": 1635945114012,
  "model/infoPopoverData.json": 1632717370000,
  "model/visibility.json": 1635861352405,
  "model/errorModel.json": 1634624520080,
  "model/dropDownData.json": 1632717370000,
  "model/dataModel.json": 1635861419570,
  "model/attachmentData.json": 1632717370000,
  "manifest.json": 1636445190882,
  "model/models.js": 1632717370000,
  "formatter/formatter.js": 1635837112912,
  "formatter/ServiceObj.js": 1632717370000,
  "controls/TabbingTable.js": 1632717370000,
  "controller/Welcome.controller.js": 1635855114603,
  "controller/VendorSurvey.controller.js": 1636444138183,
  "controller/MainView.controller.js": 1632717370000,
  "controller/BaseController.js": 1634716008252,
  "controller/BankInfo.controller.js": 1634028563906,
  "controller/App.controller.js": 1632717370000,
  "Component.js": 1632717370000,
  "manifest-bundle.zip": 1636445186917,
  "Component-preload.js": 1636445189718,
  "controls/TabbingTable-dbg.js": 1632717370000,
  "formatter/formatter-dbg.js": 1635837112912,
  "formatter/ServiceObj-dbg.js": 1632717370000,
  "model/models-dbg.js": 1632717370000,
  "controller/Welcome-dbg.controller.js": 1635855114603,
  "controller/VendorSurvey-dbg.controller.js": 1636444138183,
  "controller/MainView-dbg.controller.js": 1632717370000,
  "controller/BaseController-dbg.js": 1634716008252,
  "controller/BankInfo-dbg.controller.js": 1634028563906,
  "controller/App-dbg.controller.js": 1632717370000,
  "Component-dbg.js": 1632717370000,
  "resources.json": 1636445190892,
  "view/Welcome.view.xml": 1635855020970,
  "view/VendorSurvey.view.xml": 1636444237888,
  "view/MainView.view.xml": 1632717370000,
  "view/BankInfo.view.xml": 1634028563906,
  "view/App.view.xml": 1634799272356,
  "fragments/success.fragment.xml": 1632717370000,
  "fragments/shippingInfo.fragment.xml": 1635428747850,
  "fragments/previewRegForm.fragment.xml": 1634890144531,
  "fragments/ownershipInfo.fragment.xml": 1635421200033,
  "fragments/infoPopover.fragment.xml": 1632717370000,
  "fragments/date.fragment.xml": 1632717370000,
  "fragments/companyProductsAndServices.fragment.xml": 1634810657399,
  "fragments/companyInfo.fragment.xml": 1636383959302,
  "fragments/companyFinInfo.fragment.xml": 1632717370000,
  "fragments/companyCyberSecurityInfo.fragment.xml": 1635421965305,
  "fragments/companyContactInfo.fragment.xml": 1635421022493,
  "fragments/companyCompliance.fragment.xml": 1635428796338,
  "fragments/comment.fragment.xml": 1632717370000,
  "fragments/businessPartnerInfo.fragment.xml": 1636385915330,
  "i18n/i18n_zh_CN.properties": 1635947103627,
  "fragments/CreateSuccessGBS.fragment.xml": 1632717370000,
  "fragments/BankComments.fragment.xml": 1632717370000,
  "formatter/ServiceObj.css": 1632717370000,
  "css/style.css": 1636383747605,
  "Images/word.png": 1632717370000,
  "Images/Success.svg": 1632717370000,
  "Images/Pdf.png": 1632717370000,
  "Images/Excel.png": 1632717370000,
  "index.html": 1632717370000
}