{
  "i18n/i18n_zh_TW.properties": 1639119553140,
  "i18n/i18n_zh_CN.properties": 1639119553140,
  "i18n/i18n_uk.properties": 1639119553128,
  "i18n/i18n_ru.properties": 1639119553128,
  "i18n/i18n_pt.properties": 1639119553128,
  "i18n/i18n_pl.properties": 1639119553128,
  "i18n/i18n_ja.properties": 1639119553128,
  "i18n/i18n_iw.properties": 1639119553128,
  "i18n/i18n_it.properties": 1639119553128,
  "i18n/i18n_hu.properties": 1639119553128,
  "i18n/i18n_fr.properties": 1639119553128,
  "i18n/i18n_es.properties": 1639119553124,
  "i18n/i18n_en.properties": 1639566598373,
  "i18n/i18n_de.properties": 1639119553124,
  "i18n/i18n.properties": 1639566598373,
  "model/attachmentData.json": 1634882534084,
  "model/infoPopoverData.json": 1638339605448,
  "model/errorModel.json": 1639566598373,
  "model/dropDownData.json": 1637649468012,
  "model/dataModel.json": 1639061273458,
  "model/visibility.json": 1638860438991,
  "manifest.json": 1639566763057,
  "model/models.js": 1634882534084,
  "formatter/formatter.js": 1639566598369,
  "formatter/ServiceObj.js": 1634882534076,
  "controls/TabbingTable.js": 1638860438991,
  "controller/Welcome.controller.js": 1637841458232,
  "controller/VendorSurvey.controller.js": 1639566598481,
  "controller/MainView.controller.js": 1634882534064,
  "controller/BaseController.js": 1634882534064,
  "controller/BankInfo.controller.js": 1638781515177,
  "controller/App.controller.js": 1634882534064,
  "Component.js": 1634882534060,
  "manifest-bundle.zip": 1639566758783,
  "Component-preload.js": 1639566761875,
  "controller/MainView-dbg.controller.js": 1634882534064,
  "formatter/formatter-dbg.js": 1639566598369,
  "formatter/ServiceObj-dbg.js": 1634882534076,
  "controls/TabbingTable-dbg.js": 1638860438991,
  "controller/Welcome-dbg.controller.js": 1637841458232,
  "controller/VendorSurvey-dbg.controller.js": 1639566598481,
  "model/models-dbg.js": 1634882534084,
  "controller/BaseController-dbg.js": 1634882534064,
  "controller/BankInfo-dbg.controller.js": 1638781515177,
  "controller/App-dbg.controller.js": 1634882534064,
  "Component-dbg.js": 1634882534060,
  "resources.json": 1639566763064,
  "view/Welcome.view.xml": 1637747501806,
  "view/VendorSurvey.view.xml": 1639557744911,
  "view/MainView.view.xml": 1634882534084,
  "view/BankInfo.view.xml": 1638339605448,
  "view/App.view.xml": 1634882534084,
  "fragments/success.fragment.xml": 1637841458232,
  "fragments/shippingInfo.fragment.xml": 1638178827208,
  "fragments/selectDocType.fragment.xml": 1638339605444,
  "fragments/selectDocNameForLocDoc.fragment.xml": 1639119553124,
  "fragments/previewRegForm.fragment.xml": 1639376733756,
  "fragments/ownershipInfo.fragment.xml": 1637747501802,
  "fragments/infoPopover.fragment.xml": 1634882534076,
  "fragments/date.fragment.xml": 1634882534076,
  "fragments/companyProductsAndServices.fragment.xml": 1637747501802,
  "fragments/companyInfo.fragment.xml": 1639566598369,
  "fragments/companyFinInfo.fragment.xml": 1634882534076,
  "fragments/companyCyberSecurityInfo.fragment.xml": 1637747501802,
  "fragments/companyContactInfo.fragment.xml": 1638343880860,
  "fragments/companyCompliance.fragment.xml": 1639566598369,
  "fragments/comment.fragment.xml": 1634882534076,
  "fragments/businessPartnerInfo.fragment.xml": 1639566598449,
  "fragments/bankInfo.fragment.xml": 1639566598369,
  "fragments/CreateSuccessGBS.fragment.xml": 1634882534076,
  "fragments/BankComments.fragment.xml": 1634882534076,
  "formatter/ServiceObj.css": 1634882534072,
  "css/style.css": 1639566598369,
  "Images/word.png": 1634882534064,
  "Images/Success.svg": 1634882534060,
  "Images/Pdf.png": 1634882534060,
  "Images/Excel.png": 1634882534060,
  "index.html": 1634882534084
}