{
    "resources": [
        {
            "name": "../../dashboard/ExtensionControl/ExtComboBox.js"
        },
        {
            "name": "../../dashboard/Component.js"
        },
        {
            "name": "../../dashboard/util/formatter.js"
        },
        {
            "name": "../../dashboard/model/models.js"
        },
        {
            "name": "../../dashboard/controller/PreviewForm.controller.js"
        },
        {
            "name": "../../dashboard/controller/Home.controller.js"
        },
        {
            "name": "../../dashboard/controller/App.controller.js"
        },
        {
            "name": "../../dashboard/i18n/i18n.properties",
            "raw": "i18n/i18n.properties"
        },
        {
            "name": "../../dashboard/manifest.json"
        },
        {
            "name": "../../dashboard/manifest-bundle.zip"
        },
        {
            "name": "../../dashboard/Component-preload.js",
            "merged": true
        },
        {
            "name": "../../dashboard/util/formatter-dbg.js",
            "isDebug": true
        },
        {
            "name": "../../dashboard/model/models-dbg.js",
            "isDebug": true
        },
        {
            "name": "../../dashboard/controller/PreviewForm-dbg.controller.js",
            "isDebug": true
        },
        {
            "name": "../../dashboard/controller/Home-dbg.controller.js",
            "isDebug": true
        },
        {
            "name": "../../dashboard/controller/App-dbg.controller.js",
            "isDebug": true
        },
        {
            "name": "../../dashboard/ExtensionControl/ExtComboBox-dbg.js",
            "isDebug": true
        },
        {
            "name": "../../dashboard/Component-dbg.js",
            "isDebug": true
        },
        {
            "name": "../../sap-ui-version.json"
        },
        {
            "name": "../../dashboard/view/PreviewForm.view.xml"
        },
        {
            "name": "../../dashboard/view/Home.view.xml"
        },
        {
            "name": "../../dashboard/view/App.view.xml"
        },
        {
            "name": "../../dashboard/fragment/Sorter.fragment.xml"
        },
        {
            "name": "../../dashboard/css/style.css"
        },
        {
            "name": "../../dashboard/index.html"
        }
    ]
}