{
    "resources": [
        {
            "name": "../../dashboard/controller/View1-dbg.controller.js",
            "isDebug": true
        },
        {
            "name": "../../dashboard/Component.js"
        },
        {
            "name": "../../dashboard/utils/locate-reuse-libs.js"
        },
        {
            "name": "../../dashboard/model/models.js"
        },
        {
            "name": "../../dashboard/controller/View1.controller.js"
        },
        {
            "name": "../../dashboard/manifest.json"
        },
        {
            "name": "../../dashboard/manifest-bundle.zip"
        },
        {
            "name": "../../dashboard/Component-preload.js",
            "merged": true
        },
        {
            "name": "../../dashboard/model/models-dbg.js",
            "isDebug": true
        },
        {
            "name": "../../dashboard/utils/locate-reuse-libs-dbg.js",
            "isDebug": true
        },
        {
            "name": "../../dashboard/i18n/i18n.properties",
            "raw": "i18n/i18n.properties"
        },
        {
            "name": "../../dashboard/Component-dbg.js",
            "isDebug": true
        },
        {
            "name": "../../sap-ui-version.json"
        },
        {
            "name": "../../dashboard/view/View1.view.xml"
        },
        {
            "name": "../../dashboard/css/style.css"
        },
        {
            "name": "../../dashboard/index.html"
        }
    ]
}