{
  "fragments/Draft.fragment.xml": 1646378418499,
  "controller/BPExtend.controller.js": 1646378418499,
  "manifest.json": 1646639308226,
  "util/formatter.js": 1646378418503,
  "model/models.js": 1646378418499,
  "controller/ResubmitDetail.controller.js": 1646378366743,
  "controller/ResubmitCR.controller.js": 1646378418499,
  "controller/POC.controller.js": 1646378418499,
  "controller/MaintenanceAdmin.controller.js": 1646378366743,
  "controller/LocalDocAdmin.controller.js": 1646378366743,
  "controller/LaunchCC.controller.js": 1646378366743,
  "controller/Home.controller.js": 1646378366739,
  "controller/GBSDetail.controller.js": 1646378418499,
  "model/StaticData.json": 1646378418499,
  "controller/App.controller.js": 1646378418499,
  "ExtensionControl/ExtComboBox.js": 1646378366735,
  "Component.js": 1646378418499,
  "manifest-bundle.zip": 1646639306899,
  "Component-preload.js": 1646639307932,
  "controller/LaunchCC-dbg.controller.js": 1646378366743,
  "model/models-dbg.js": 1646378418499,
  "controller/ResubmitDetail-dbg.controller.js": 1646378366743,
  "controller/ResubmitCR-dbg.controller.js": 1646378418499,
  "controller/POC-dbg.controller.js": 1646378418499,
  "controller/MaintenanceAdmin-dbg.controller.js": 1646378366743,
  "controller/LocalDocAdmin-dbg.controller.js": 1646378366743,
  "util/formatter-dbg.js": 1646378418503,
  "controller/Home-dbg.controller.js": 1646378366739,
  "controller/GBSDetail-dbg.controller.js": 1646378418499,
  "controller/BPExtend-dbg.controller.js": 1646378418499,
  "controller/App-dbg.controller.js": 1646378418499,
  "ExtensionControl/ExtComboBox-dbg.js": 1646378366735,
  "Component-dbg.js": 1646378418499,
  "InboxDetail/resources.json": 1646639308235,
  "view/ResubmitDetail.view.xml": 1646378366743,
  "view/ResubmitCR.view.xml": 1646378366743,
  "view/POC.view.xml": 1646378418503,
  "view/MaintenanceAdmin.view.xml": 1646378366743,
  "view/LocalDocAdmin.view.xml": 1646378366743,
  "view/LegalApprove.view.xml": 1646378418503,
  "view/LaunchCC.view.xml": 1646378366743,
  "view/Home.view.xml": 1646378366743,
  "view/GBSDetail.view.xml": 1646378418503,
  "view/EulaReject.view.xml": 1646378418503,
  "view/BPExtend.view.xml": 1646378418503,
  "view/App.view.xml": 1646378418503,
  "util/ServiceObjCss.css": 1646378418503,
  "fragments/service.fragment.html": 1646378418499,
  "fragments/personalizationFilter.fragment.xml": 1646378418499,
  "fragments/Sorter.fragment.xml": 1646378418499,
  "fragments/PartnerDetail.fragment.xml": 1646378418499,
  "fragments/ExtendBuisnessPartnerApprove.fragment.xml": 1646378418499,
  "fragments/ExtendBuisnessPartner.fragment.xml": 1646378418499,
  "fragments/DraftSuccess.fragment.xml": 1646378418499,
  "i18n/i18n.properties": 1646378366743,
  "fragments/CreateSuccessGBS.fragment.xml": 1646378418499,
  "fragments/CreateSuccess.fragment.xml": 1646378418499,
  "fragments/CreateBuisnessPartner.fragment.xml": 1646378418499,
  "fragments/AdvancedSearch.fragment.xml": 1646378418499,
  "css/style.css": 1646378366743,
  "index.html": 1646378418499
}