<core:FragmentDefinition
  xmlns:mvc="sap.ui.core.mvc" xmlns:core="sap.ui.core" displayBlock="true"
	xmlns="sap.m"  xmlns:l="sap.ui.layout"
>
<RadioButton selected="{oConfigModel>/BPExtendSel}" select="fnChangeBPExists" class="sapUiTinyMarginTop cl_BPCRadioBtnTxt" text="{i18n>BPExists}"/>
								<RadioButton selected="{oConfigModel>/BPCreateSel}" select="fnChangeBPCreate"  class="cl_BPCRadioBtnTxt" text="{i18n>BPDoesNtExits}"/>
								<Label class="sapUiTinyMarginBegin sapUiTinyMarginTop cl_BPCrSectHeader" wrapping="true" text="{i18n>EnterBPDetails}"></Label>
								<l:Grid defaultSpan="XL3 L3 M3 S12" class="sapUiSizeCompact sapUiTinyMarginTop">
									<VBox class="VRVboxStyle1">
										<Label text="{i18n>BPCCompanyCode}" required="true" class="cl_VRLablCls "></Label>
										<ComboBox width="95%" items="{oBTLookUpMdl>/Customer}" valueState="{oBTHeaderMdl>/SOLD_TO_IDE}" valueStateText="{oBTHeaderMdl>/SOLD_TO_IDM}"
											filterSecondaryValues="true" change="fnSelectCustomer" showSecondaryValues="true" selectedKey="{oBTHeaderMdl>/SOLD_TO_ID}"
											class="cl_VRInputCls" editable="{oBTHeaderMdl>/EDITABLE}">
											<core:ListItem key="{oBTLookUpMdl>FIELD_01}" text="{oBTLookUpMdl>FIELD_01}" additionalText="{oBTLookUpMdl>FIELD_02}"/>
										</ComboBox>
									</VBox>
									<VBox class="VRVboxStyle1">
										<Label text="{i18n>BPCPlant}" required="true" class="cl_VRLablCls "></Label>
										<ComboBox width="95%" items="{oBTLookUpMdl>/Customer}" valueState="{oBTHeaderMdl>/SOLD_TO_IDE}" valueStateText="{oBTHeaderMdl>/SOLD_TO_IDM}"
											filterSecondaryValues="true" change="fnSelectCustomer" showSecondaryValues="true" selectedKey="{oBTHeaderMdl>/SOLD_TO_ID}"
											class="cl_VRInputCls" editable="{oBTHeaderMdl>/EDITABLE}">
											<core:ListItem key="{oBTLookUpMdl>FIELD_01}" text="{oBTLookUpMdl>FIELD_01}" additionalText="{oBTLookUpMdl>FIELD_02}"/>
										</ComboBox>
									</VBox>
									<VBox class="VRVboxStyle1">
										<Label text="{i18n>BPPurchasingOrg}" required="true" class="cl_VRLablCls "></Label>
										<ComboBox width="95%" items="{oBTLookUpMdl>/Customer}" valueState="{oBTHeaderMdl>/SOLD_TO_IDE}" valueStateText="{oBTHeaderMdl>/SOLD_TO_IDM}"
											filterSecondaryValues="true" change="fnSelectCustomer" showSecondaryValues="true" selectedKey="{oBTHeaderMdl>/SOLD_TO_ID}"
											class="cl_VRInputCls" editable="{oBTHeaderMdl>/EDITABLE}">
											<core:ListItem key="{oBTLookUpMdl>FIELD_01}" text="{oBTLookUpMdl>FIELD_01}" additionalText="{oBTLookUpMdl>FIELD_02}"/>
										</ComboBox>
									</VBox>
								</l:Grid>
								<l:Grid defaultSpan="XL3 L3 M3 S12" class="sapUiSizeCompact">
									<VBox class="VRVboxStyle1">
										<Label text="{i18n>BPCCorporationName}" class="cl_VRLablCls "></Label>
										<Input width="95%" class="cl_VRInputCls"></Input>
									</VBox>
									<VBox class="VRVboxStyle1">
										<Label text="{i18n>BPCBuyerName}" class="cl_VRLablCls "></Label>
										<Input width="95%" class="cl_VRInputCls"></Input>
									</VBox>
									<VBox class="VRVboxStyle1">
										<Label text="{i18n>BPCWorkcell}" class="cl_VRLablCls "></Label>
										<Input width="95%" class="cl_VRInputCls"></Input>
									</VBox>
									<VBox class="VRVboxStyle1">
										<Label text="{i18n>BPCIncoterms1}" required="true" class="cl_VRLablCls "></Label>
										<Input width="95%" class="cl_VRInputCls"></Input>
									</VBox>
								</l:Grid>
                                <l:Grid  class="sapUiSizeCompact">
                                <VBox >
								<Label text="{i18n>ConflitOfIntrest}" required="true" class="cl_ConflictQtnCls sapUiTinyMarginBegin"></Label>
								<HBox>
									<RadioButton groupName="GroupA" class=" cl_BPCRadioBtnTxt" text="{i18n>Yes}"/>
									<RadioButton groupName="GroupA" class="cl_BPCRadioBtnTxt" text="{i18n>No}"/>
								</HBox>
                                 <layoutData>
              <l:GridData
                span="XL3 L3 M3 S3" />
            </layoutData>
                                </VBox>
                                <VBox class="VRVboxStyle1">
										<Label text="{i18n>BPCAdditionalInfo}" required="false" class="cl_VRLablCls "></Label>
										<Input width="98%" class="cl_VRInputCls"></Input>
                                           <layoutData>
              <l:GridData
                span="XL6 L6 M6 S6" />
            </layoutData>
									</VBox>
								</l:Grid>
								
								<Label class="sapUiTinyMarginBegin sapUiSmallMarginTop cl_BPCrSectHeader" wrapping="true" text="{i18n>Address}"></Label>
								<l:Grid defaultSpan="XL3 L3 M3 S12" class="sapUiSizeCompact sapUiTinyMarginTop">
									<VBox class="VRVboxStyle1">
										<Label text="{i18n>BPCAddressLine1}" required="true" class="cl_VRLablCls "></Label>
										<Input width="95%" class="cl_VRInputCls"></Input>
									</VBox>
									<VBox class="VRVboxStyle1">
										<Label text="{i18n>BPCAddressLine2}" class="cl_VRLablCls "></Label>
										<Input width="95%" class="cl_VRInputCls"></Input>
									</VBox>
									<VBox class="VRVboxStyle1">
										<Label text="{i18n>BPCCity}" required="true" class="cl_VRLablCls "></Label>
										<ComboBox width="95%" items="{oBTLookUpMdl>/Customer}" valueState="{oBTHeaderMdl>/SOLD_TO_IDE}" valueStateText="{oBTHeaderMdl>/SOLD_TO_IDM}"
											filterSecondaryValues="true" change="fnSelectCustomer" showSecondaryValues="true" selectedKey="{oBTHeaderMdl>/SOLD_TO_ID}"
											class="cl_VRInputCls" editable="{oBTHeaderMdl>/EDITABLE}">
											<core:ListItem key="{oBTLookUpMdl>FIELD_01}" text="{oBTLookUpMdl>FIELD_01}" additionalText="{oBTLookUpMdl>FIELD_02}"/>
										</ComboBox>
									</VBox>
                                    	<VBox class="VRVboxStyle1">
										<Label text="{i18n>BPCStateProvince}" required="true" class="cl_VRLablCls "></Label>
										<ComboBox width="95%" items="{oBTLookUpMdl>/Customer}" valueState="{oBTHeaderMdl>/SOLD_TO_IDE}" valueStateText="{oBTHeaderMdl>/SOLD_TO_IDM}"
											filterSecondaryValues="true" change="fnSelectCustomer" showSecondaryValues="true" selectedKey="{oBTHeaderMdl>/SOLD_TO_ID}"
											class="cl_VRInputCls" editable="{oBTHeaderMdl>/EDITABLE}">
											<core:ListItem key="{oBTLookUpMdl>FIELD_01}" text="{oBTLookUpMdl>FIELD_01}" additionalText="{oBTLookUpMdl>FIELD_02}"/>
										</ComboBox>
									</VBox>
                                    <VBox class="VRVboxStyle1">
										<Label text="{i18n>BPCRegion}" required="true" class="cl_VRLablCls "></Label>
										<ComboBox width="95%" items="{oBTLookUpMdl>/Customer}" valueState="{oBTHeaderMdl>/SOLD_TO_IDE}" valueStateText="{oBTHeaderMdl>/SOLD_TO_IDM}"
											filterSecondaryValues="true" change="fnSelectCustomer" showSecondaryValues="true" selectedKey="{oBTHeaderMdl>/SOLD_TO_ID}"
											class="cl_VRInputCls" editable="{oBTHeaderMdl>/EDITABLE}">
											<core:ListItem key="{oBTLookUpMdl>FIELD_01}" text="{oBTLookUpMdl>FIELD_01}" additionalText="{oBTLookUpMdl>FIELD_02}"/>
										</ComboBox>
									</VBox>
                                    <VBox class="VRVboxStyle1">
										<Label text="{i18n>BPCDistrict}" required="false" class="cl_VRLablCls "></Label>
										<ComboBox width="95%" items="{oBTLookUpMdl>/Customer}" valueState="{oBTHeaderMdl>/SOLD_TO_IDE}" valueStateText="{oBTHeaderMdl>/SOLD_TO_IDM}"
											filterSecondaryValues="true" change="fnSelectCustomer" showSecondaryValues="true" selectedKey="{oBTHeaderMdl>/SOLD_TO_ID}"
											class="cl_VRInputCls" editable="{oBTHeaderMdl>/EDITABLE}">
											<core:ListItem key="{oBTLookUpMdl>FIELD_01}" text="{oBTLookUpMdl>FIELD_01}" additionalText="{oBTLookUpMdl>FIELD_02}"/>
										</ComboBox>
									</VBox>
                                    	<VBox class="VRVboxStyle1">
										<Label text="{i18n>BPCCountry}" required="true" class="cl_VRLablCls "></Label>
										<ComboBox width="95%" items="{oBTLookUpMdl>/Customer}" valueState="{oBTHeaderMdl>/SOLD_TO_IDE}" valueStateText="{oBTHeaderMdl>/SOLD_TO_IDM}"
											filterSecondaryValues="true" change="fnSelectCustomer" showSecondaryValues="true" selectedKey="{oBTHeaderMdl>/SOLD_TO_ID}"
											class="cl_VRInputCls" editable="{oBTHeaderMdl>/EDITABLE}">
											<core:ListItem key="{oBTLookUpMdl>FIELD_01}" text="{oBTLookUpMdl>FIELD_01}" additionalText="{oBTLookUpMdl>FIELD_02}"/>
										</ComboBox>
									</VBox>
                                    	<VBox class="VRVboxStyle1">
										<Label text="{i18n>BPCCountryCode}" required="true" class="cl_VRLablCls "></Label>
										<ComboBox width="95%" items="{oBTLookUpMdl>/Customer}" valueState="{oBTHeaderMdl>/SOLD_TO_IDE}" valueStateText="{oBTHeaderMdl>/SOLD_TO_IDM}"
											filterSecondaryValues="true" change="fnSelectCustomer" showSecondaryValues="true" selectedKey="{oBTHeaderMdl>/SOLD_TO_ID}"
											class="cl_VRInputCls" editable="{oBTHeaderMdl>/EDITABLE}">
											<core:ListItem key="{oBTLookUpMdl>FIELD_01}" text="{oBTLookUpMdl>FIELD_01}" additionalText="{oBTLookUpMdl>FIELD_02}"/>
										</ComboBox>
									</VBox>
									<VBox class="VRVboxStyle1">
										<Label text="{i18n>BPCPostalCode}" required="true" class="cl_VRLablCls "></Label>
										<Input width="95%" class="cl_VRInputCls"></Input>
									</VBox>
                                    <VBox class="VRVboxStyle1">
										<Label text="{i18n>BPCRFC}" required="false" class="cl_VRLablCls "></Label>
										<Input width="95%" class="cl_VRInputCls"></Input>
									</VBox>
								
									<VBox class="VRVboxStyle1">
										<Label text="{i18n>BPCTelephoneNumber}" required="true" class="cl_VRLablCls "></Label>
										<Input width="95%" class="cl_VRInputCls"></Input>
									</VBox>
                                   
									<VBox class="VRVboxStyle1">
										<Label text="{i18n>BPCFaxNumber}" required="false" class="cl_VRLablCls "></Label>
										<Input width="95%" class="cl_VRInputCls"></Input>
									</VBox>
                                    <VBox class="VRVboxStyle1">
										<Label text="{i18n>BPCSupUrl}" required="false" class="cl_VRLablCls "></Label>
										<Input width="95%" class="cl_VRInputCls"></Input>
									</VBox>

								</l:Grid>
                                <VBox class="VRVboxStyle1">
										<Label text="{i18n>BPCDoYouRepresentAnotherCountry}" class="sapUiTinyMarginBegin sapUiTinyMarginTop cl_BPCrSectHeaderComp"></Label>
						
                            <RadioButtonGroup columns="2">
									<RadioButton  class=" cl_BPCRadioBtnTxt" text="{i18n>Yes}"/>
									<RadioButton  class="cl_BPCRadioBtnTxt" text="{i18n>No}"/>
                                    		</RadioButtonGroup>
								
									</VBox>
								<Label class="sapUiTinyMarginBegin sapUiTinyMarginTop cl_BPCrSectHeader" wrapping="true" text="{i18n>BPCContact}"></Label>
								<l:Grid defaultSpan="XL3 L3 M3 S12" class="sapUiSizeCompact sapUiTinyMarginTop">
									<VBox class="VRVboxStyle1">
										<Label text="{i18n>BPCFirstName}" class="cl_VRLablCls "></Label>
										<Input width="95%" class="cl_VRInputCls"></Input>
									</VBox>
									<VBox class="VRVboxStyle1">
										<Label text="{i18n>BPCLastName}" required="true" class="cl_VRLablCls "></Label>
										<Input width="95%" class="cl_VRInputCls"></Input>
									</VBox>
									<VBox class="VRVboxStyle1">
										<Label text="{i18n>BPCJobTitle}" class="cl_VRLablCls "></Label>
										<Input width="95%" class="cl_VRInputCls"></Input>
									</VBox>
									<VBox class="VRVboxStyle1">
										<Label text="{i18n>BPCEmail}" required="true" class="cl_VRLablCls "></Label>
										<Input width="95%" class="cl_VRInputCls"></Input>
									</VBox>
									<VBox class="VRVboxStyle1">
										<Label text="{i18n>BPCContact}" required="true" class="cl_VRLablCls "></Label>
										<HBox  width="95%">
                                        <VBox width="17%">
											<ComboBox  items="{oBTLookUpMdl>/Customer}" valueState="{oBTHeaderMdl>/SOLD_TO_IDE}" valueStateText="{oBTHeaderMdl>/SOLD_TO_IDM}"
												filterSecondaryValues="true" change="fnSelectCustomer" showSecondaryValues="true" selectedKey="{oBTHeaderMdl>/SOLD_TO_ID}"
												class="cl_VRInputCls" editable="{oBTHeaderMdl>/EDITABLE}">
												<core:ListItem key="{oBTLookUpMdl>FIELD_01}" text="{oBTLookUpMdl>FIELD_01}" additionalText="{oBTLookUpMdl>FIELD_02}"/>
											</ComboBox>
                                            </VBox>
                                            <VBox class="sapUiSmallMarginBegin" width="75%">
											<Input  class="cl_VRInputCls sapUiTinyMarginBegin"></Input>
                                            </VBox>
                                            
										</HBox>
									</VBox>
								</l:Grid>
                                <HBox class="cl_BPCBlockSep">
                                	<l:Grid defaultSpan="XL3 L3 M3 S12" class="sapUiSizeCompact sapUiSmallMarginTop">
									<VBox class="VRVboxStyle1">
										<Label text="{i18n>BPCSupplierTypeCl1}" class="cl_VRLablCls "></Label>
										<ComboBox width="95%" items="{oBTLookUpMdl>/Customer}" valueState="{oBTHeaderMdl>/SOLD_TO_IDE}" valueStateText="{oBTHeaderMdl>/SOLD_TO_IDM}"
											filterSecondaryValues="true" change="fnSelectCustomer" showSecondaryValues="true" selectedKey="{oBTHeaderMdl>/SOLD_TO_ID}"
											class="cl_VRInputCls" editable="{oBTHeaderMdl>/EDITABLE}">
											<core:ListItem key="{oBTLookUpMdl>FIELD_01}" text="{oBTLookUpMdl>FIELD_01}" additionalText="{oBTLookUpMdl>FIELD_02}"/>
										</ComboBox>
									</VBox>
									<VBox class="VRVboxStyle1">
										<Label text="{i18n>BPCSupplierTypeCl2}" required="false" class="cl_VRLablCls "></Label>
										<ComboBox width="95%" items="{oBTLookUpMdl>/Customer}" valueState="{oBTHeaderMdl>/SOLD_TO_IDE}" valueStateText="{oBTHeaderMdl>/SOLD_TO_IDM}"
											filterSecondaryValues="true" change="fnSelectCustomer" showSecondaryValues="true" selectedKey="{oBTHeaderMdl>/SOLD_TO_ID}"
											class="cl_VRInputCls" editable="{oBTHeaderMdl>/EDITABLE}">
											<core:ListItem key="{oBTLookUpMdl>FIELD_01}" text="{oBTLookUpMdl>FIELD_01}" additionalText="{oBTLookUpMdl>FIELD_02}"/>
										</ComboBox>
									</VBox>
									<VBox class="VRVboxStyle1">
										<Label text="{i18n>BPCOneTimePOIndicator}" class="cl_VRLablCls sapUiTinyMarginBegin"></Label>
						
                            <RadioButtonGroup columns="2">
									<RadioButton  class=" cl_BPCRadioBtnTxt" text="{i18n>Yes}"/>
									<RadioButton  class="cl_BPCRadioBtnTxt" text="{i18n>No}"/>
                                    		</RadioButtonGroup>
								
									</VBox>
									<VBox class="VRVboxStyle1">
										<Label text="{i18n>BPCCustDirectedSupInd}" required="false" class="cl_VRLablCls sapUiTinyMarginBegin"></Label>
										<RadioButtonGroup columns="2">
									<RadioButton  class=" cl_BPCRadioBtnTxt" text="{i18n>Yes}"/>
									<RadioButton  class="cl_BPCRadioBtnTxt" text="{i18n>No}"/>
                                    		</RadioButtonGroup>
									</VBox>
									<VBox class="VRVboxStyle1">
										<Label text="{i18n>BPCCustDirCustName}" required="false" class="cl_VRLablCls "></Label>
									<Input width="95%" class="cl_VRInputCls"></Input>
									</VBox>
                                    <VBox class="VRVboxStyle1">
										<Label text="{i18n>BPCCustDirContact}" required="false" class="cl_VRLablCls "></Label>
									<Input width="95%" class="cl_VRInputCls"></Input>
									</VBox>
                                    <VBox class="VRVboxStyle1">
										<Label text="{i18n>BPCCustDirectedSupInd}" required="false" class="cl_VRLablCls sapUiTinyMarginBegin"></Label>
										<RadioButtonGroup columns="2">
									<RadioButton  class=" cl_BPCRadioBtnTxt" text="{i18n>Yes}"/>
									<RadioButton  class="cl_BPCRadioBtnTxt" text="{i18n>No}"/>
                                    		</RadioButtonGroup>
									</VBox>
                                    <VBox class="VRVboxStyle1">
										<Label text="{i18n>BPCManualAddressOver-rideIndicator}" required="false" class="cl_VRLablCls sapUiTinyMarginBegin"></Label>
										<RadioButtonGroup columns="2">
									<RadioButton  class=" cl_BPCRadioBtnTxt" text="{i18n>Yes}"/>
									<RadioButton  class="cl_BPCRadioBtnTxt" text="{i18n>No}"/>
                                    		</RadioButtonGroup>
									</VBox>
								</l:Grid>
                                </HBox>
</core:FragmentDefinition>