<core:FragmentDefinition
  xmlns:mvc="sap.ui.core.mvc" xmlns:core="sap.ui.core" displayBlock="true"
	xmlns="sap.m"  xmlns:l="sap.ui.layout">	
    <l:Grid defaultSpan="XL6 L6 M6 S12" class="sapUiSizeCompact ">
        <VBox class="cl_BPExctendBlock" width="99%">
        <RadioButton groupName="A" selected="{oConfigModel>/BPExtendSel}" select="fnChangeBPExists"  class="sapUiTinyMarginTop cl_BPCRadioBtnTxt" text="{i18n>BPExists}"/>
        	<RadioButton groupName="B" selected="{oConfigModel>/BPCreateSel}" select="fnChangeBPCreate"  class="cl_BPCRadioBtnTxt" text="{i18n>BPDoesNtExits}"/>
								<Label class="sapUiTinyMarginBegin sapUiTinyMarginTop cl_BPCrSectHeader" wrapping="true" text="{i18n>EnterBPDetails}"></Label>
								<l:Grid defaultSpan="XL4 L4 M4 S12" class="sapUiSizeCompact sapUiTinyMarginTop">
									<VBox class="VRVboxStyle1">
										<Label text="{i18n>BPCCompanyCode}" required="true" class="cl_VRLablCls "></Label>
										<ComboBox width="95%" items="{oBTLookUpMdl>/Customer}" valueState="{oBTHeaderMdl>/SOLD_TO_IDE}" valueStateText="{oBTHeaderMdl>/SOLD_TO_IDM}"
											filterSecondaryValues="true" change="fnSelectCustomer" showSecondaryValues="true" selectedKey="{oBTHeaderMdl>/SOLD_TO_ID}"
											class="cl_VRInputCls" editable="{oBTHeaderMdl>/EDITABLE}">
											<core:ListItem key="{oBTLookUpMdl>FIELD_01}" text="{oBTLookUpMdl>FIELD_01}" additionalText="{oBTLookUpMdl>FIELD_02}"/>
										</ComboBox>
									</VBox>
									<VBox class="VRVboxStyle1">
										<Label text="{i18n>BPCPlant}" required="true" class="cl_VRLablCls "></Label>
										<ComboBox width="95%" items="{oBTLookUpMdl>/Customer}" valueState="{oBTHeaderMdl>/SOLD_TO_IDE}" valueStateText="{oBTHeaderMdl>/SOLD_TO_IDM}"
											filterSecondaryValues="true" change="fnSelectCustomer" showSecondaryValues="true" selectedKey="{oBTHeaderMdl>/SOLD_TO_ID}"
											class="cl_VRInputCls" editable="{oBTHeaderMdl>/EDITABLE}">
											<core:ListItem key="{oBTLookUpMdl>FIELD_01}" text="{oBTLookUpMdl>FIELD_01}" additionalText="{oBTLookUpMdl>FIELD_02}"/>
										</ComboBox>
									</VBox>
									<VBox class="VRVboxStyle1">
										<Label text="{i18n>BPPurchasingOrg}" required="true" class="cl_VRLablCls "></Label>
										<ComboBox width="95%" items="{oBTLookUpMdl>/Customer}" valueState="{oBTHeaderMdl>/SOLD_TO_IDE}" valueStateText="{oBTHeaderMdl>/SOLD_TO_IDM}"
											filterSecondaryValues="true" change="fnSelectCustomer" showSecondaryValues="true" selectedKey="{oBTHeaderMdl>/SOLD_TO_ID}"
											class="cl_VRInputCls" editable="{oBTHeaderMdl>/EDITABLE}">
											<core:ListItem key="{oBTLookUpMdl>FIELD_01}" text="{oBTLookUpMdl>FIELD_01}" additionalText="{oBTLookUpMdl>FIELD_02}"/>
										</ComboBox>
									</VBox>
								</l:Grid>
                                	<l:Grid defaultSpan="XL3 L3 M3 S12" class="sapUiSizeCompact">
									<VBox class="VRVboxStyle1">
										<Label text="{i18n>BPCCorporationName}" class="cl_VRLablCls "></Label>
										<Label text="{i18n>Inctue Pvt. Ltd.}" class="cl_VRLablClsValue "></Label>
									</VBox>
									<VBox class="VRVboxStyle1">
										<Label text="{i18n>BPCBuyerName}" class="cl_VRLablCls "></Label>
										<Label text="{i18n>Incture}" class="cl_VRLablClsValue "></Label>
									</VBox>
									<VBox class="VRVboxStyle1">
										<Label text="{i18n>BPCWorkcell}" class="cl_VRLablCls "></Label>
										<Label text="{i18n>XYZ}" class="cl_VRLablClsValue "></Label>
									</VBox>
									<VBox class="VRVboxStyle1">
										<Label text="{i18n>BPCIncoterms1}" required="true" class="cl_VRLablCls "></Label>
										<Label text="{i18n>Incoterm1}" class="cl_VRLablClsValue "></Label>
									</VBox>
                                    
								</l:Grid>
                                	<Label class="sapUiTinyMarginBegin sapUiSmallMarginTop cl_BPCrSectHeader" wrapping="true" text="{i18n>Address}"></Label>
								<l:Grid defaultSpan="XL3 L3 M3 S12" class="sapUiSizeCompact sapUiTinyMarginTop">
									<VBox class="VRVboxStyle1">
										<Label text="{i18n>BPCAddressLine1}" required="false" class="cl_VRLablCls "></Label>
										<Label text="{i18n>HS/207}" class="cl_VRLablClsValue "></Label>
									</VBox>
									
									<VBox class="VRVboxStyle1">
										<Label text="{i18n>City}" required="false" class="cl_VRLablCls "></Label>
									<Label text="{i18n>Huston}" class="cl_VRLablClsValue "></Label>
									</VBox>
									<VBox class="VRVboxStyle1">
										<Label text="{i18n>BPCStateProvince}" required="false" class="cl_VRLablCls "></Label>
										<Label text="{i18n>South USA}" class="cl_VRLablClsValue "></Label>
									
									</VBox>
									<VBox class="VRVboxStyle1">
										<Label text="{i18n>Region}" required="false" class="cl_VRLablCls "></Label>
										<Label text="{i18n>South USA}" class="cl_VRLablClsValue "></Label>
									
									</VBox>
                                    <VBox class="VRVboxStyle1">
										<Label text="{i18n>BPCDistrict}" required="false" class="cl_VRLablCls "></Label>
										<Label text="{i18n>South USA}" class="cl_VRLablClsValue "></Label>
									
									</VBox>
									<VBox class="VRVboxStyle1">
										<Label text="{i18n>BPCCountry}" required="false" class="cl_VRLablCls "></Label>
										<Label text="{i18n>USA}" class="cl_VRLablClsValue "></Label>								
									</VBox>
                                    	<VBox class="VRVboxStyle1">
										<Label text="{i18n>BPCCountryCode}" required="false" class="cl_VRLablCls "></Label>
										<Label text="{i18n>ABC}" class="cl_VRLablClsValue "></Label>								
									</VBox>
                                    	<VBox class="VRVboxStyle1">
										<Label text="{i18n>BPCPostalCode}" required="false" class="cl_VRLablCls "></Label>
										<Label text="{i18n>848893}" class="cl_VRLablClsValue "></Label>								
									</VBox>

								</l:Grid>
                                <VBox>
                                	<Label text="{i18n>BPCDoYouRepresentAnotherCountry}" class="sapUiTinyMarginBegin sapUiTinyMarginTop cl_BPCrSectHeaderComp"></Label>
<Label text="{i18n>Yes}" class="cl_VRLablClsValue sapUiTinyMarginBegin"></Label>	
</VBox>
								<Label class="sapUiTinyMarginBegin sapUiTinyMarginTop cl_BPCrSectHeader" wrapping="true" text="{i18n>BPCContact}"></Label>
								<l:Grid defaultSpan="XL3 L3 M3 S12"  class="sapUiSizeCompact sapUiTinyMarginTop">
									<VBox class="VRVboxStyle1">
										<Label text="{i18n>BPCFirstName}" class="cl_VRLablCls "></Label>
										<Label text="{i18n>Prashant}" class="cl_VRLablClsValue "></Label>
									</VBox>
									
									
									<VBox class="VRVboxStyle1">
										<Label text="{i18n>BPCEmail}" class="cl_VRLablCls "></Label>
										<Label text="{i18n>Prashant.k01@xyz.com}" class="cl_VRLablClsValue "></Label>
									</VBox>
									<VBox class="VRVboxStyle1">
										<Label text="{i18n>BPCContact}" class="cl_VRLablCls "></Label>
									<Label text="{i18n>022 9834438348}" class="cl_VRLablClsValue "></Label>
									</VBox>
								</l:Grid>
                                	<Label class="sapUiTinyMarginBegin sapUiTinyMarginTop cl_BPCrSectHeader" wrapping="true" text="{i18n>BPCPayment}"></Label>
								<l:Grid defaultSpan="XL3 L3 M3 S12" class="sapUiSizeCompact sapUiTinyMarginTop">
									<VBox class="VRVboxStyle1">
										<Label text="{i18n>BPCPayemntTerms}" class="cl_VRLablCls "></Label>
										<Label text="{i18n>30 Days NET}" class="cl_VRLablClsValue "></Label>
									</VBox>

									<VBox class="VRVboxStyle1">
										<Label text="{i18n>BPCCurrency}" class="cl_VRLablCls "></Label>
										<Label text="{i18n>USD}" class="cl_VRLablClsValue "></Label>
									</VBox>
									<VBox class="VRVboxStyle1">
										<Label text="{i18n>BPCDUNSNumnber}" class="cl_VRLablCls "></Label>
									<Label text="{i18n>097017172}" class="cl_VRLablClsValue "></Label>
									</VBox>
                                    
								</l:Grid>
                                <l:Grid defaultSpan="XL3 L3 M3 S12" class="sapUiSizeCompact sapiTinyMarginTop">
									<VBox class="VRVboxStyle1">
										<Label text="{i18n>BPCIncoterms}" class="cl_VRLablCls "></Label>
										<Label text="{i18n>FOB}" class="cl_VRLablClsValue "></Label>
									</VBox>
									
									
									<VBox class="VRVboxStyle1">
										<Label text="{i18n>BPCIncotermNameLocation}" class="cl_VRLablCls "></Label>
										<Label text="{i18n>ORIG}" class="cl_VRLablClsValue "></Label>
									</VBox>
									
                                    
								</l:Grid>
                                <Label class="sapUiTinyMarginBegin sapUiTinyMarginTop cl_BPCrSectHeader" wrapping="true" text="{i18n>BPCPaymentNew}"></Label>
								<l:Grid defaultSpan="XL4 L4 M4 S12" class="sapUiSizeCompact sapUiTinyMarginTop">
									<VBox class="VRVboxStyle1">
										<Label text="{i18n>BPCNewPaymentTerms}" class="cl_VRLablCls "></Label>
										<ComboBox width="95%" items="{oBTLookUpMdl>/Customer}" valueState="{oBTHeaderMdl>/SOLD_TO_IDE}" valueStateText="{oBTHeaderMdl>/SOLD_TO_IDM}"
											filterSecondaryValues="true" change="fnSelectCustomer" showSecondaryValues="true" selectedKey="{oBTHeaderMdl>/SOLD_TO_ID}"
											class="cl_VRInputCls" editable="{oBTHeaderMdl>/EDITABLE}">
											<core:ListItem key="{oBTLookUpMdl>FIELD_01}" text="{oBTLookUpMdl>FIELD_01}" additionalText="{oBTLookUpMdl>FIELD_02}"/>
										</ComboBox>
									</VBox>

									<VBox class="VRVboxStyle1">
										<Label text="{i18n>BPCNewCurrency}" class="cl_VRLablCls "></Label>
										<ComboBox width="95%" items="{oBTLookUpMdl>/Customer}" valueState="{oBTHeaderMdl>/SOLD_TO_IDE}" valueStateText="{oBTHeaderMdl>/SOLD_TO_IDM}"
											filterSecondaryValues="true" change="fnSelectCustomer" showSecondaryValues="true" selectedKey="{oBTHeaderMdl>/SOLD_TO_ID}"
											class="cl_VRInputCls" editable="{oBTHeaderMdl>/EDITABLE}">
											<core:ListItem key="{oBTLookUpMdl>FIELD_01}" text="{oBTLookUpMdl>FIELD_01}" additionalText="{oBTLookUpMdl>FIELD_02}"/>
										</ComboBox>
									</VBox>
									<VBox class="VRVboxStyle1">
										<Label text="{i18n>BPCNewIncoterm}" class="cl_VRLablCls "></Label>
									<ComboBox width="95%" items="{oBTLookUpMdl>/Customer}" valueState="{oBTHeaderMdl>/SOLD_TO_IDE}" valueStateText="{oBTHeaderMdl>/SOLD_TO_IDM}"
											filterSecondaryValues="true" change="fnSelectCustomer" showSecondaryValues="true" selectedKey="{oBTHeaderMdl>/SOLD_TO_ID}"
											class="cl_VRInputCls" eitable="{oBTHeaderMdl>/EDITABLE}">
											<core:ListItem key="{oBTLookUpMdl>FIELD_01}" text="{oBTLookUpMdl>FIELD_01}" additionalText="{oBTLookUpMdl>FIELD_02}"/>
										</ComboBox>
									</VBox>         
								</l:Grid>
                                	<l:Grid defaultSpan="XL4 L4 M4 S12" class="sapUiSizeCompact">
									<VBox class="VRVboxStyle1">
										<Label text="{i18n>BPCNewIncotermNamedLocation}" class="cl_VRLablCls "></Label>
									<Input width="95%" class="cl_VRInputCls"></Input>
									</VBox>
								</l:Grid>

                                	<l:Grid defaultSpan="XL6 L6 M6 S12" class="sapUiSizeCompact sapUiTinyMarginTop">
									<VBox class="VRVboxStyle1">
										<Label text="{i18n>BPCSupplierTypeCl1}" class="cl_VRLablCls "></Label>
										<Label text="{i18n>XYZ}" class="cl_VRLablClsValue "></Label>
									</VBox>

									<VBox class="VRVboxStyle1">
										<Label text="{i18n>BPCSupplierTypeCl2}" class="cl_VRLablCls "></Label>
										<Label text="{i18n>XYZ}" class="cl_VRLablClsValue "></Label>
									</VBox>
									<VBox class="VRVboxStyle1">
										<Label text="{i18n>BPCOneTimePOIndicator}" class="cl_VRLablCls "></Label>
									<Label text="{i18n>Yes}" width="95%" class="cl_VRLablClsValue "></Label>
									</VBox>       
                                    	<VBox class="VRVboxStyle1">
										<Label text="{i18n>BPCCustDirectedSupInd}" class="cl_VRLablCls "></Label>
									<Label text="{i18n>Yes}" width="95%" class="cl_VRLablClsValue "></Label>
									</VBox>       
                                    	<VBox class="VRVboxStyle1">
										<Label text="{i18n>BPCCustDirCustName}" class="cl_VRLablCls "></Label>
									<Label text="{i18n>ABC}" width="95%" class="cl_VRLablClsValue "></Label>
									</VBox>   
                                    	<VBox class="VRVboxStyle1">
										<Label text="{i18n>BPCCustDirContact}" class="cl_VRLablCls "></Label>
									<Label text="{i18n>XYZ}" width="95%" class="cl_VRLablClsValue "></Label>
									</VBox>    
                                    <VBox class="VRVboxStyle1">
										<Label text="{i18n>BPCOutsideProcessingVendorIndicator}" class="cl_VRLablCls "></Label>
									<Label text="{i18n>Yes}" width="95%" class="cl_VRLablClsValue "></Label>
									</VBox> 
                                     <VBox class="VRVboxStyle1">
										<Label text="{i18n>BPCManualAddressOver-rideIndicator}" class="cl_VRLablCls "></Label>
									<Label text="{i18n>Yes}" width="95%" class="cl_VRLablClsValue "></Label>
									</VBox>       
								</l:Grid>
                                	
          </VBox>
          
        
            <VBox class="  cl_BPExctendBlock" fitContainer="true" height="100%">
            <Toolbar height="3rem">
           	<Label text="{i18n>BPCSearchTxtComp}" class="cl_VRLablClsValue "></Label>
               <ToolbarSpacer ></ToolbarSpacer>
               <SearchField width="35%"></SearchField>
            </Toolbar>
            	
             	<ScrollContainer
               
		height="100%"
		width="100%"
		vertical="true"
		focusable="true">
	<HBox height="100%" items="{oListModel>/}" width="1300px" >
    <VBox  class="sapUiTinyMarginBegin sapUiTinyMarginTop sapUiTinyMarginBottom cl_VBoxCss  sapUiLargeMarginBottom" >
     <Label text="{i18n>BPCCompanyCode}"  class="sapUiTinyMarginBegin sapUiTinyMarginTop cl_BPCComListTtl"></Label>
       <Label text="{oListModel>Bukrs}" class="sapUiTinyMarginBegin cl_BPCComListVal"></Label>
       <Label text="{i18n>BPPurchasingOrg}" class="sapUiTinyMarginBegin sapUiTinyMarginTop cl_BPCComListTtl"></Label>
       <Label text="{oListModel>Ekorg}" class="sapUiTinyMarginBegin cl_BPCPurchListVal"></Label>
    </VBox>
    
    </HBox>
	</ScrollContainer>
          </VBox>			
    </l:Grid>
</core:FragmentDefinition>