{
    "resources": [
        {
            "name": "../fragments/DraftSuccess.fragment.xml"
        },
        {
            "name": "../manifest.json"
        },
        {
            "name": "../util/formatter.js"
        },
        {
            "name": "../model/models.js"
        },
        {
            "name": "../controller/BPExtend.controller.js"
        },
        {
            "name": "../controller/App.controller.js"
        },
        {
            "name": "../Component.js"
        },
        {
            "name": "../manifest-bundle.zip"
        },
        {
            "name": "../Component-preload.js",
            "merged": true
        },
        {
            "name": "../controller/BPExtend-dbg.controller.js",
            "isDebug": true
        },
        {
            "name": "../model/models-dbg.js",
            "isDebug": true
        },
        {
            "name": "../util/formatter-dbg.js",
            "isDebug": true
        },
        {
            "name": "../controller/App-dbg.controller.js",
            "isDebug": true
        },
        {
            "name": "../Component-dbg.js",
            "isDebug": true
        },
        {
            "name": "../../sap-ui-version.json"
        },
        {
            "name": "../view/BPExtend.view.xml"
        },
        {
            "name": "../view/App.view.xml"
        },
        {
            "name": "../fragments/personalizationFilter.fragment.xml"
        },
        {
            "name": "../fragments/Sorter.fragment.xml"
        },
        {
            "name": "../fragments/ExtendBuisnessPartner.fragment.xml"
        },
        {
            "name": "../i18n/i18n.properties",
            "raw": "i18n/i18n.properties"
        },
        {
            "name": "../fragments/CreateSuccess.fragment.xml"
        },
        {
            "name": "../fragments/CreateBuisnessPartner.fragment.xml"
        },
        {
            "name": "../fragments/AdvancedSearch.fragment.xml"
        },
        {
            "name": "../css/style.css"
        },
        {
            "name": "../index.html"
        }
    ]
}